/*
 Navicat Premium Data Transfer

 Source Server         : 24.233.3.230@ruoyi-fast-cms
 Source Server Type    : MySQL
 Source Server Version : 50743 (5.7.43-log)
 Source Host           : 24.233.3.230:3306
 Source Schema         : ruoyi-fast-cms

 Target Server Type    : MySQL
 Target Server Version : 50743 (5.7.43-log)
 File Encoding         : 65001

 Date: 11/10/2024 11:00:16
*/

SET NAMES utf8mb4;
SET FOREIGN_KEY_CHECKS = 0;

-- ----------------------------
-- Table structure for gen_table
-- ----------------------------
DROP TABLE IF EXISTS `gen_table`;
CREATE TABLE `gen_table` (
  `table_id` bigint(20) NOT NULL AUTO_INCREMENT COMMENT '编号',
  `table_name` varchar(200) COLLATE utf8mb4_bin DEFAULT '' COMMENT '表名称',
  `table_comment` varchar(500) COLLATE utf8mb4_bin DEFAULT '' COMMENT '表描述',
  `sub_table_name` varchar(64) COLLATE utf8mb4_bin DEFAULT NULL COMMENT '关联子表的表名',
  `sub_table_fk_name` varchar(64) COLLATE utf8mb4_bin DEFAULT NULL COMMENT '子表关联的外键名',
  `class_name` varchar(100) COLLATE utf8mb4_bin DEFAULT '' COMMENT '实体类名称',
  `tpl_category` varchar(200) COLLATE utf8mb4_bin DEFAULT 'crud' COMMENT '使用的模板（crud单表操作 tree树表操作 sub主子表操作）',
  `package_name` varchar(100) COLLATE utf8mb4_bin DEFAULT NULL COMMENT '生成包路径',
  `module_name` varchar(30) COLLATE utf8mb4_bin DEFAULT NULL COMMENT '生成模块名',
  `business_name` varchar(30) COLLATE utf8mb4_bin DEFAULT NULL COMMENT '生成业务名',
  `function_name` varchar(50) COLLATE utf8mb4_bin DEFAULT NULL COMMENT '生成功能名',
  `function_author` varchar(50) COLLATE utf8mb4_bin DEFAULT NULL COMMENT '生成功能作者',
  `form_col_num` int(1) DEFAULT '1' COMMENT '表单布局（单列 双列 三列）',
  `gen_type` char(1) COLLATE utf8mb4_bin DEFAULT '0' COMMENT '生成代码方式（0zip压缩包 1自定义路径）',
  `gen_path` varchar(200) COLLATE utf8mb4_bin DEFAULT '/' COMMENT '生成路径（不填默认项目路径）',
  `options` varchar(1000) COLLATE utf8mb4_bin DEFAULT NULL COMMENT '其它生成选项',
  `create_by` varchar(64) COLLATE utf8mb4_bin DEFAULT '' COMMENT '创建者',
  `create_time` datetime DEFAULT NULL COMMENT '创建时间',
  `update_by` varchar(64) COLLATE utf8mb4_bin DEFAULT '' COMMENT '更新者',
  `update_time` datetime DEFAULT NULL COMMENT '更新时间',
  `remark` varchar(500) COLLATE utf8mb4_bin DEFAULT NULL COMMENT '备注',
  PRIMARY KEY (`table_id`)
) ENGINE=InnoDB AUTO_INCREMENT=9 DEFAULT CHARSET=utf8mb4 COLLATE=utf8mb4_bin COMMENT='代码生成业务表';

-- ----------------------------
-- Records of gen_table
-- ----------------------------
BEGIN;
INSERT INTO `gen_table` (`table_id`, `table_name`, `table_comment`, `sub_table_name`, `sub_table_fk_name`, `class_name`, `tpl_category`, `package_name`, `module_name`, `business_name`, `function_name`, `function_author`, `form_col_num`, `gen_type`, `gen_path`, `options`, `create_by`, `create_time`, `update_by`, `update_time`, `remark`) VALUES (1, 'sys_portal_category', '文章分类表', '', NULL, 'PortalCategory', 'tree', 'com.ruoyi.project.portal', 'portal', 'category', '文章分类', 'ruoyi', 1, '0', '/', '{\"parentMenuId\":\"4\",\"treeName\":\"category_name\",\"treeParentCode\":\"parent_id\",\"parentMenuName\":\"内容管理\",\"treeCode\":\"category_id\"}', 'admin', '2024-04-05 10:05:45', '', '2024-04-05 10:22:22', '');
INSERT INTO `gen_table` (`table_id`, `table_name`, `table_comment`, `sub_table_name`, `sub_table_fk_name`, `class_name`, `tpl_category`, `package_name`, `module_name`, `business_name`, `function_name`, `function_author`, `form_col_num`, `gen_type`, `gen_path`, `options`, `create_by`, `create_time`, `update_by`, `update_time`, `remark`) VALUES (2, 'sys_portal_navbar', '页面导航表', '', NULL, 'PortalNavbar', 'tree', 'com.ruoyi.project.portal', 'portal', 'navbar', '导航管理', 'huangxing', 1, '0', '/', '{\"parentMenuId\":\"1068\",\"treeName\":\"nav_name\",\"treeParentCode\":\"parent_id\",\"parentMenuName\":\"网站配置\",\"treeCode\":\"nav_id\"}', 'admin', '2024-04-05 11:57:07', '', '2024-05-18 21:14:31', '');
INSERT INTO `gen_table` (`table_id`, `table_name`, `table_comment`, `sub_table_name`, `sub_table_fk_name`, `class_name`, `tpl_category`, `package_name`, `module_name`, `business_name`, `function_name`, `function_author`, `form_col_num`, `gen_type`, `gen_path`, `options`, `create_by`, `create_time`, `update_by`, `update_time`, `remark`) VALUES (3, 'sys_portal_article', '文章内容表', '', NULL, 'PortalArticle', 'crud', 'com.ruoyi.project.portal', 'portal', 'article', '文章内容', 'huangxing', 1, '0', '/', '{\"parentMenuId\":\"4\",\"treeName\":\"\",\"treeParentCode\":\"\",\"parentMenuName\":\"内容管理\",\"treeCode\":\"\"}', 'admin', '2024-04-05 14:56:19', '', '2024-09-25 17:27:30', '');
INSERT INTO `gen_table` (`table_id`, `table_name`, `table_comment`, `sub_table_name`, `sub_table_fk_name`, `class_name`, `tpl_category`, `package_name`, `module_name`, `business_name`, `function_name`, `function_author`, `form_col_num`, `gen_type`, `gen_path`, `options`, `create_by`, `create_time`, `update_by`, `update_time`, `remark`) VALUES (4, 'sys_portal_cloud', '网盘文件', '', NULL, 'PortalCloud', 'crud', 'com.ruoyi.project.portal', 'portal', 'cloud', '网盘文件', 'huangxing', 1, '0', '/', '{\"parentMenuId\":\"1087\",\"treeName\":\"\",\"treeParentCode\":\"\",\"parentMenuName\":\"文件管理\",\"treeCode\":\"\"}', 'admin', '2024-04-06 17:09:48', '', '2024-04-06 17:19:50', '');
INSERT INTO `gen_table` (`table_id`, `table_name`, `table_comment`, `sub_table_name`, `sub_table_fk_name`, `class_name`, `tpl_category`, `package_name`, `module_name`, `business_name`, `function_name`, `function_author`, `form_col_num`, `gen_type`, `gen_path`, `options`, `create_by`, `create_time`, `update_by`, `update_time`, `remark`) VALUES (5, 'sys_portal_slide', '幻灯片表', '', NULL, 'PortalSlide', 'crud', 'com.ruoyi.project.portal', 'portal', 'slide', '幻灯管理', 'huangxing', 1, '0', '/', '{\"parentMenuId\":\"1068\",\"treeName\":\"\",\"treeParentCode\":\"\",\"parentMenuName\":\"网站配置\",\"treeCode\":\"\"}', 'admin', '2024-04-07 14:49:22', '', '2024-04-07 14:59:22', '');
INSERT INTO `gen_table` (`table_id`, `table_name`, `table_comment`, `sub_table_name`, `sub_table_fk_name`, `class_name`, `tpl_category`, `package_name`, `module_name`, `business_name`, `function_name`, `function_author`, `form_col_num`, `gen_type`, `gen_path`, `options`, `create_by`, `create_time`, `update_by`, `update_time`, `remark`) VALUES (6, 'sys_portal_links', '友情链接表', '', NULL, 'PortalLinks', 'crud', 'com.ruoyi.project.portal', 'portal', 'links', '友情链接', 'huangxing', 1, '0', '/', '{\"parentMenuId\":\"1068\",\"treeName\":\"\",\"treeParentCode\":\"\",\"parentMenuName\":\"网站配置\",\"treeCode\":\"\"}', 'admin', '2024-04-07 15:57:00', '', '2024-04-07 15:59:43', '');
INSERT INTO `gen_table` (`table_id`, `table_name`, `table_comment`, `sub_table_name`, `sub_table_fk_name`, `class_name`, `tpl_category`, `package_name`, `module_name`, `business_name`, `function_name`, `function_author`, `form_col_num`, `gen_type`, `gen_path`, `options`, `create_by`, `create_time`, `update_by`, `update_time`, `remark`) VALUES (7, 'sys_portal_special', '专题表', '', NULL, 'PortalSpecial', 'crud', 'com.ruoyi.project.portal', 'portal', 'special', '专题管理', 'huangxing', 1, '0', '/', '{\"parentMenuId\":\"1068\",\"treeName\":\"\",\"treeParentCode\":\"\",\"parentMenuName\":\"网站配置\",\"treeCode\":\"\"}', 'admin', '2024-04-07 17:53:40', '', '2024-04-07 17:58:40', '');
INSERT INTO `gen_table` (`table_id`, `table_name`, `table_comment`, `sub_table_name`, `sub_table_fk_name`, `class_name`, `tpl_category`, `package_name`, `module_name`, `business_name`, `function_name`, `function_author`, `form_col_num`, `gen_type`, `gen_path`, `options`, `create_by`, `create_time`, `update_by`, `update_time`, `remark`) VALUES (8, 'sys_portal_mailbox', '首长信箱表', '', NULL, 'PortalMailbox', 'crud', 'com.ruoyi.project.portal', 'portal', 'mailbox', '首长信箱', 'huangxing', 1, '0', '/', '{\"parentMenuId\":\"1117\",\"treeName\":\"\",\"treeParentCode\":\"\",\"parentMenuName\":\"信箱管理\",\"treeCode\":\"\"}', 'admin', '2024-09-29 09:57:48', '', '2024-09-29 11:13:49', '');
COMMIT;

-- ----------------------------
-- Table structure for gen_table_column
-- ----------------------------
DROP TABLE IF EXISTS `gen_table_column`;
CREATE TABLE `gen_table_column` (
  `column_id` bigint(20) NOT NULL AUTO_INCREMENT COMMENT '编号',
  `table_id` bigint(20) DEFAULT NULL COMMENT '归属表编号',
  `column_name` varchar(200) COLLATE utf8mb4_bin DEFAULT NULL COMMENT '列名称',
  `column_comment` varchar(500) COLLATE utf8mb4_bin DEFAULT NULL COMMENT '列描述',
  `column_type` varchar(100) COLLATE utf8mb4_bin DEFAULT NULL COMMENT '列类型',
  `java_type` varchar(500) COLLATE utf8mb4_bin DEFAULT NULL COMMENT 'JAVA类型',
  `java_field` varchar(200) COLLATE utf8mb4_bin DEFAULT NULL COMMENT 'JAVA字段名',
  `is_pk` char(1) COLLATE utf8mb4_bin DEFAULT NULL COMMENT '是否主键（1是）',
  `is_increment` char(1) COLLATE utf8mb4_bin DEFAULT NULL COMMENT '是否自增（1是）',
  `is_required` char(1) COLLATE utf8mb4_bin DEFAULT NULL COMMENT '是否必填（1是）',
  `is_insert` char(1) COLLATE utf8mb4_bin DEFAULT NULL COMMENT '是否为插入字段（1是）',
  `is_edit` char(1) COLLATE utf8mb4_bin DEFAULT NULL COMMENT '是否编辑字段（1是）',
  `is_list` char(1) COLLATE utf8mb4_bin DEFAULT NULL COMMENT '是否列表字段（1是）',
  `is_query` char(1) COLLATE utf8mb4_bin DEFAULT NULL COMMENT '是否查询字段（1是）',
  `query_type` varchar(200) COLLATE utf8mb4_bin DEFAULT 'EQ' COMMENT '查询方式（等于、不等于、大于、小于、范围）',
  `html_type` varchar(200) COLLATE utf8mb4_bin DEFAULT NULL COMMENT '显示类型（文本框、文本域、下拉框、复选框、单选框、日期控件）',
  `dict_type` varchar(200) COLLATE utf8mb4_bin DEFAULT '' COMMENT '字典类型',
  `sort` int(11) DEFAULT NULL COMMENT '排序',
  `create_by` varchar(64) COLLATE utf8mb4_bin DEFAULT '' COMMENT '创建者',
  `create_time` datetime DEFAULT NULL COMMENT '创建时间',
  `update_by` varchar(64) COLLATE utf8mb4_bin DEFAULT '' COMMENT '更新者',
  `update_time` datetime DEFAULT NULL COMMENT '更新时间',
  PRIMARY KEY (`column_id`)
) ENGINE=InnoDB AUTO_INCREMENT=119 DEFAULT CHARSET=utf8mb4 COLLATE=utf8mb4_bin COMMENT='代码生成业务表字段';

-- ----------------------------
-- Records of gen_table_column
-- ----------------------------
BEGIN;
INSERT INTO `gen_table_column` (`column_id`, `table_id`, `column_name`, `column_comment`, `column_type`, `java_type`, `java_field`, `is_pk`, `is_increment`, `is_required`, `is_insert`, `is_edit`, `is_list`, `is_query`, `query_type`, `html_type`, `dict_type`, `sort`, `create_by`, `create_time`, `update_by`, `update_time`) VALUES (1, 1, 'category_id', '分类ID', 'bigint(20)', 'Long', 'categoryId', '1', '1', NULL, '1', NULL, NULL, NULL, 'EQ', 'input', '', 1, 'admin', '2024-04-05 10:05:45', NULL, '2024-04-05 10:22:22');
INSERT INTO `gen_table_column` (`column_id`, `table_id`, `column_name`, `column_comment`, `column_type`, `java_type`, `java_field`, `is_pk`, `is_increment`, `is_required`, `is_insert`, `is_edit`, `is_list`, `is_query`, `query_type`, `html_type`, `dict_type`, `sort`, `create_by`, `create_time`, `update_by`, `update_time`) VALUES (2, 1, 'parent_id', '父分类ID', 'bigint(20)', 'Long', 'parentId', '0', '0', '1', '1', '1', '1', '1', 'EQ', 'input', '', 2, 'admin', '2024-04-05 10:05:45', NULL, '2024-04-05 10:22:22');
INSERT INTO `gen_table_column` (`column_id`, `table_id`, `column_name`, `column_comment`, `column_type`, `java_type`, `java_field`, `is_pk`, `is_increment`, `is_required`, `is_insert`, `is_edit`, `is_list`, `is_query`, `query_type`, `html_type`, `dict_type`, `sort`, `create_by`, `create_time`, `update_by`, `update_time`) VALUES (3, 1, 'category_name', '栏目名称', 'varchar(30)', 'String', 'categoryName', '0', '0', '1', '1', '1', '1', '1', 'LIKE', 'input', '', 3, 'admin', '2024-04-05 10:05:45', NULL, '2024-04-05 10:22:22');
INSERT INTO `gen_table_column` (`column_id`, `table_id`, `column_name`, `column_comment`, `column_type`, `java_type`, `java_field`, `is_pk`, `is_increment`, `is_required`, `is_insert`, `is_edit`, `is_list`, `is_query`, `query_type`, `html_type`, `dict_type`, `sort`, `create_by`, `create_time`, `update_by`, `update_time`) VALUES (4, 1, 'cat_type', '类型', 'char(1)', 'String', 'catType', '0', '0', '1', '1', '1', '1', '1', 'EQ', 'select', 'sys_category_type', 4, 'admin', '2024-04-05 10:05:45', NULL, '2024-04-05 10:22:22');
INSERT INTO `gen_table_column` (`column_id`, `table_id`, `column_name`, `column_comment`, `column_type`, `java_type`, `java_field`, `is_pk`, `is_increment`, `is_required`, `is_insert`, `is_edit`, `is_list`, `is_query`, `query_type`, `html_type`, `dict_type`, `sort`, `create_by`, `create_time`, `update_by`, `update_time`) VALUES (5, 1, 'sort_num', '显示顺序', 'int(6)', 'Integer', 'sortNum', '0', '0', NULL, '1', '1', '1', NULL, 'EQ', 'input', '', 5, 'admin', '2024-04-05 10:05:45', NULL, '2024-04-05 10:22:22');
INSERT INTO `gen_table_column` (`column_id`, `table_id`, `column_name`, `column_comment`, `column_type`, `java_type`, `java_field`, `is_pk`, `is_increment`, `is_required`, `is_insert`, `is_edit`, `is_list`, `is_query`, `query_type`, `html_type`, `dict_type`, `sort`, `create_by`, `create_time`, `update_by`, `update_time`) VALUES (6, 1, 'cat_status', '状态', 'char(1)', 'String', 'catStatus', '0', '0', NULL, '1', '1', '1', NULL, 'EQ', 'radio', 'sys_show_hide', 6, 'admin', '2024-04-05 10:05:45', NULL, '2024-04-05 10:22:22');
INSERT INTO `gen_table_column` (`column_id`, `table_id`, `column_name`, `column_comment`, `column_type`, `java_type`, `java_field`, `is_pk`, `is_increment`, `is_required`, `is_insert`, `is_edit`, `is_list`, `is_query`, `query_type`, `html_type`, `dict_type`, `sort`, `create_by`, `create_time`, `update_by`, `update_time`) VALUES (7, 1, 'thumbnail', '缩略图', 'varchar(126)', 'String', 'thumbnail', '0', '0', NULL, '1', '1', '1', NULL, 'EQ', 'upload', '', 7, 'admin', '2024-04-05 10:05:45', NULL, '2024-04-05 10:22:22');
INSERT INTO `gen_table_column` (`column_id`, `table_id`, `column_name`, `column_comment`, `column_type`, `java_type`, `java_field`, `is_pk`, `is_increment`, `is_required`, `is_insert`, `is_edit`, `is_list`, `is_query`, `query_type`, `html_type`, `dict_type`, `sort`, `create_by`, `create_time`, `update_by`, `update_time`) VALUES (8, 1, 'remark', '栏目介绍', 'varchar(256)', 'String', 'remark', '0', '0', NULL, '1', '1', '1', NULL, 'EQ', 'textarea', '', 8, 'admin', '2024-04-05 10:05:45', NULL, '2024-04-05 10:22:22');
INSERT INTO `gen_table_column` (`column_id`, `table_id`, `column_name`, `column_comment`, `column_type`, `java_type`, `java_field`, `is_pk`, `is_increment`, `is_required`, `is_insert`, `is_edit`, `is_list`, `is_query`, `query_type`, `html_type`, `dict_type`, `sort`, `create_by`, `create_time`, `update_by`, `update_time`) VALUES (9, 1, 'create_by', '创建者', 'varchar(32)', 'String', 'createBy', '0', '0', NULL, NULL, NULL, '1', NULL, 'EQ', 'input', '', 9, 'admin', '2024-04-05 10:05:45', NULL, '2024-04-05 10:22:22');
INSERT INTO `gen_table_column` (`column_id`, `table_id`, `column_name`, `column_comment`, `column_type`, `java_type`, `java_field`, `is_pk`, `is_increment`, `is_required`, `is_insert`, `is_edit`, `is_list`, `is_query`, `query_type`, `html_type`, `dict_type`, `sort`, `create_by`, `create_time`, `update_by`, `update_time`) VALUES (10, 1, 'create_time', '创建时间', 'datetime', 'Date', 'createTime', '0', '0', NULL, NULL, NULL, '1', NULL, 'EQ', 'datetime', '', 10, 'admin', '2024-04-05 10:05:45', NULL, '2024-04-05 10:22:22');
INSERT INTO `gen_table_column` (`column_id`, `table_id`, `column_name`, `column_comment`, `column_type`, `java_type`, `java_field`, `is_pk`, `is_increment`, `is_required`, `is_insert`, `is_edit`, `is_list`, `is_query`, `query_type`, `html_type`, `dict_type`, `sort`, `create_by`, `create_time`, `update_by`, `update_time`) VALUES (11, 1, 'update_by', '更新者', 'varchar(32)', 'String', 'updateBy', '0', '0', NULL, NULL, NULL, NULL, NULL, 'EQ', 'input', '', 11, 'admin', '2024-04-05 10:05:45', NULL, '2024-04-05 10:22:22');
INSERT INTO `gen_table_column` (`column_id`, `table_id`, `column_name`, `column_comment`, `column_type`, `java_type`, `java_field`, `is_pk`, `is_increment`, `is_required`, `is_insert`, `is_edit`, `is_list`, `is_query`, `query_type`, `html_type`, `dict_type`, `sort`, `create_by`, `create_time`, `update_by`, `update_time`) VALUES (12, 1, 'update_time', '更新时间', 'datetime', 'Date', 'updateTime', '0', '0', NULL, NULL, NULL, NULL, NULL, 'EQ', 'datetime', '', 12, 'admin', '2024-04-05 10:05:45', NULL, '2024-04-05 10:22:22');
INSERT INTO `gen_table_column` (`column_id`, `table_id`, `column_name`, `column_comment`, `column_type`, `java_type`, `java_field`, `is_pk`, `is_increment`, `is_required`, `is_insert`, `is_edit`, `is_list`, `is_query`, `query_type`, `html_type`, `dict_type`, `sort`, `create_by`, `create_time`, `update_by`, `update_time`) VALUES (13, 2, 'nav_id', '导航ID', 'bigint(20)', 'Long', 'navId', '1', '1', NULL, '1', NULL, NULL, NULL, 'EQ', 'input', '', 1, 'admin', '2024-04-05 11:57:07', NULL, '2024-05-18 21:14:31');
INSERT INTO `gen_table_column` (`column_id`, `table_id`, `column_name`, `column_comment`, `column_type`, `java_type`, `java_field`, `is_pk`, `is_increment`, `is_required`, `is_insert`, `is_edit`, `is_list`, `is_query`, `query_type`, `html_type`, `dict_type`, `sort`, `create_by`, `create_time`, `update_by`, `update_time`) VALUES (14, 2, 'nav_name', '导航名称', 'varchar(30)', 'String', 'navName', '0', '0', '1', '1', '1', '1', '1', 'LIKE', 'input', '', 4, 'admin', '2024-04-05 11:57:07', NULL, '2024-05-18 21:14:31');
INSERT INTO `gen_table_column` (`column_id`, `table_id`, `column_name`, `column_comment`, `column_type`, `java_type`, `java_field`, `is_pk`, `is_increment`, `is_required`, `is_insert`, `is_edit`, `is_list`, `is_query`, `query_type`, `html_type`, `dict_type`, `sort`, `create_by`, `create_time`, `update_by`, `update_time`) VALUES (15, 2, 'nav_type', '导航类型', 'char(1)', 'String', 'navType', '0', '0', '1', '1', '1', '1', '1', 'EQ', 'select', 'sys_nav_type', 6, 'admin', '2024-04-05 11:57:07', NULL, '2024-05-18 21:14:31');
INSERT INTO `gen_table_column` (`column_id`, `table_id`, `column_name`, `column_comment`, `column_type`, `java_type`, `java_field`, `is_pk`, `is_increment`, `is_required`, `is_insert`, `is_edit`, `is_list`, `is_query`, `query_type`, `html_type`, `dict_type`, `sort`, `create_by`, `create_time`, `update_by`, `update_time`) VALUES (16, 2, 'nav_icon', '图标', 'varchar(64)', 'String', 'navIcon', '0', '0', NULL, '1', '1', '1', NULL, 'EQ', 'input', '', 7, 'admin', '2024-04-05 11:57:07', NULL, '2024-05-18 21:14:31');
INSERT INTO `gen_table_column` (`column_id`, `table_id`, `column_name`, `column_comment`, `column_type`, `java_type`, `java_field`, `is_pk`, `is_increment`, `is_required`, `is_insert`, `is_edit`, `is_list`, `is_query`, `query_type`, `html_type`, `dict_type`, `sort`, `create_by`, `create_time`, `update_by`, `update_time`) VALUES (17, 2, 'nav_skip', '跳转地址', 'varchar(64)', 'String', 'navSkip', '0', '0', '1', '1', '1', '1', NULL, 'EQ', 'input', '', 8, 'admin', '2024-04-05 11:57:07', NULL, '2024-05-18 21:14:31');
INSERT INTO `gen_table_column` (`column_id`, `table_id`, `column_name`, `column_comment`, `column_type`, `java_type`, `java_field`, `is_pk`, `is_increment`, `is_required`, `is_insert`, `is_edit`, `is_list`, `is_query`, `query_type`, `html_type`, `dict_type`, `sort`, `create_by`, `create_time`, `update_by`, `update_time`) VALUES (18, 2, 'sort_nav', '显示顺序', 'int(6)', 'Integer', 'sortNav', '0', '0', NULL, '1', '1', '1', NULL, 'EQ', 'input', '', 9, 'admin', '2024-04-05 11:57:07', NULL, '2024-05-18 21:14:31');
INSERT INTO `gen_table_column` (`column_id`, `table_id`, `column_name`, `column_comment`, `column_type`, `java_type`, `java_field`, `is_pk`, `is_increment`, `is_required`, `is_insert`, `is_edit`, `is_list`, `is_query`, `query_type`, `html_type`, `dict_type`, `sort`, `create_by`, `create_time`, `update_by`, `update_time`) VALUES (19, 2, 'nav_status', '状态', 'char(1)', 'String', 'navStatus', '0', '0', NULL, '1', '1', '1', '1', 'EQ', 'radio', 'sys_show_hide', 10, 'admin', '2024-04-05 11:57:07', NULL, '2024-05-18 21:14:31');
INSERT INTO `gen_table_column` (`column_id`, `table_id`, `column_name`, `column_comment`, `column_type`, `java_type`, `java_field`, `is_pk`, `is_increment`, `is_required`, `is_insert`, `is_edit`, `is_list`, `is_query`, `query_type`, `html_type`, `dict_type`, `sort`, `create_by`, `create_time`, `update_by`, `update_time`) VALUES (20, 2, 'remark', '导航介绍', 'varchar(256)', 'String', 'remark', '0', '0', NULL, '1', '1', '1', NULL, 'EQ', 'textarea', '', 11, 'admin', '2024-04-05 11:57:07', NULL, '2024-05-18 21:14:31');
INSERT INTO `gen_table_column` (`column_id`, `table_id`, `column_name`, `column_comment`, `column_type`, `java_type`, `java_field`, `is_pk`, `is_increment`, `is_required`, `is_insert`, `is_edit`, `is_list`, `is_query`, `query_type`, `html_type`, `dict_type`, `sort`, `create_by`, `create_time`, `update_by`, `update_time`) VALUES (21, 2, 'create_by', '创建者', 'varchar(32)', 'String', 'createBy', '0', '0', NULL, NULL, NULL, '1', NULL, 'EQ', 'input', '', 12, 'admin', '2024-04-05 11:57:07', NULL, '2024-05-18 21:14:31');
INSERT INTO `gen_table_column` (`column_id`, `table_id`, `column_name`, `column_comment`, `column_type`, `java_type`, `java_field`, `is_pk`, `is_increment`, `is_required`, `is_insert`, `is_edit`, `is_list`, `is_query`, `query_type`, `html_type`, `dict_type`, `sort`, `create_by`, `create_time`, `update_by`, `update_time`) VALUES (22, 2, 'create_time', '创建时间', 'datetime', 'Date', 'createTime', '0', '0', NULL, NULL, NULL, '1', NULL, 'EQ', 'datetime', '', 13, 'admin', '2024-04-05 11:57:07', NULL, '2024-05-18 21:14:31');
INSERT INTO `gen_table_column` (`column_id`, `table_id`, `column_name`, `column_comment`, `column_type`, `java_type`, `java_field`, `is_pk`, `is_increment`, `is_required`, `is_insert`, `is_edit`, `is_list`, `is_query`, `query_type`, `html_type`, `dict_type`, `sort`, `create_by`, `create_time`, `update_by`, `update_time`) VALUES (23, 2, 'update_by', '更新者', 'varchar(32)', 'String', 'updateBy', '0', '0', NULL, NULL, NULL, NULL, NULL, 'EQ', 'input', '', 14, 'admin', '2024-04-05 11:57:07', NULL, '2024-05-18 21:14:31');
INSERT INTO `gen_table_column` (`column_id`, `table_id`, `column_name`, `column_comment`, `column_type`, `java_type`, `java_field`, `is_pk`, `is_increment`, `is_required`, `is_insert`, `is_edit`, `is_list`, `is_query`, `query_type`, `html_type`, `dict_type`, `sort`, `create_by`, `create_time`, `update_by`, `update_time`) VALUES (24, 2, 'update_time', '更新时间', 'datetime', 'Date', 'updateTime', '0', '0', NULL, NULL, NULL, NULL, NULL, 'EQ', 'datetime', '', 15, 'admin', '2024-04-05 11:57:07', NULL, '2024-05-18 21:14:31');
INSERT INTO `gen_table_column` (`column_id`, `table_id`, `column_name`, `column_comment`, `column_type`, `java_type`, `java_field`, `is_pk`, `is_increment`, `is_required`, `is_insert`, `is_edit`, `is_list`, `is_query`, `query_type`, `html_type`, `dict_type`, `sort`, `create_by`, `create_time`, `update_by`, `update_time`) VALUES (25, 3, 'article_id', '文章ID', 'bigint(20)', 'Long', 'articleId', '1', '1', NULL, NULL, NULL, NULL, NULL, 'EQ', 'input', '', 1, 'admin', '2024-04-05 14:56:19', NULL, '2024-09-25 17:27:30');
INSERT INTO `gen_table_column` (`column_id`, `table_id`, `column_name`, `column_comment`, `column_type`, `java_type`, `java_field`, `is_pk`, `is_increment`, `is_required`, `is_insert`, `is_edit`, `is_list`, `is_query`, `query_type`, `html_type`, `dict_type`, `sort`, `create_by`, `create_time`, `update_by`, `update_time`) VALUES (26, 3, 'article_title', '文章标题', 'varchar(126)', 'String', 'articleTitle', '0', '0', '1', '1', '1', '1', '1', 'LIKE', 'input', '', 2, 'admin', '2024-04-05 14:56:19', NULL, '2024-09-25 17:27:30');
INSERT INTO `gen_table_column` (`column_id`, `table_id`, `column_name`, `column_comment`, `column_type`, `java_type`, `java_field`, `is_pk`, `is_increment`, `is_required`, `is_insert`, `is_edit`, `is_list`, `is_query`, `query_type`, `html_type`, `dict_type`, `sort`, `create_by`, `create_time`, `update_by`, `update_time`) VALUES (27, 3, 'subhead', '副标题', 'varchar(126)', 'String', 'subhead', '0', '0', NULL, '1', '1', '1', NULL, 'EQ', 'input', '', 3, 'admin', '2024-04-05 14:56:19', NULL, '2024-09-25 17:27:30');
INSERT INTO `gen_table_column` (`column_id`, `table_id`, `column_name`, `column_comment`, `column_type`, `java_type`, `java_field`, `is_pk`, `is_increment`, `is_required`, `is_insert`, `is_edit`, `is_list`, `is_query`, `query_type`, `html_type`, `dict_type`, `sort`, `create_by`, `create_time`, `update_by`, `update_time`) VALUES (28, 3, 'category_id', '栏目分类', 'bigint(20)', 'Long', 'categoryId', '0', '0', '1', '1', '1', '1', '1', 'EQ', 'input', '', 4, 'admin', '2024-04-05 14:56:19', NULL, '2024-09-25 17:27:30');
INSERT INTO `gen_table_column` (`column_id`, `table_id`, `column_name`, `column_comment`, `column_type`, `java_type`, `java_field`, `is_pk`, `is_increment`, `is_required`, `is_insert`, `is_edit`, `is_list`, `is_query`, `query_type`, `html_type`, `dict_type`, `sort`, `create_by`, `create_time`, `update_by`, `update_time`) VALUES (29, 3, 'source', '文章来源', 'varchar(64)', 'String', 'source', '0', '0', NULL, '1', '1', '1', NULL, 'EQ', 'input', '', 5, 'admin', '2024-04-05 14:56:19', NULL, '2024-09-25 17:27:30');
INSERT INTO `gen_table_column` (`column_id`, `table_id`, `column_name`, `column_comment`, `column_type`, `java_type`, `java_field`, `is_pk`, `is_increment`, `is_required`, `is_insert`, `is_edit`, `is_list`, `is_query`, `query_type`, `html_type`, `dict_type`, `sort`, `create_by`, `create_time`, `update_by`, `update_time`) VALUES (30, 3, 'description', '描述', 'varchar(64)', 'String', 'description', '0', '0', NULL, '1', '1', '1', NULL, 'EQ', 'textarea', '', 6, 'admin', '2024-04-05 14:56:19', NULL, '2024-09-25 17:27:30');
INSERT INTO `gen_table_column` (`column_id`, `table_id`, `column_name`, `column_comment`, `column_type`, `java_type`, `java_field`, `is_pk`, `is_increment`, `is_required`, `is_insert`, `is_edit`, `is_list`, `is_query`, `query_type`, `html_type`, `dict_type`, `sort`, `create_by`, `create_time`, `update_by`, `update_time`) VALUES (31, 3, 'thumbnail', '缩略图', 'varchar(126)', 'String', 'thumbnail', '0', '0', NULL, '1', '1', '1', NULL, 'EQ', 'upload', '', 7, 'admin', '2024-04-05 14:56:19', NULL, '2024-09-25 17:27:30');
INSERT INTO `gen_table_column` (`column_id`, `table_id`, `column_name`, `column_comment`, `column_type`, `java_type`, `java_field`, `is_pk`, `is_increment`, `is_required`, `is_insert`, `is_edit`, `is_list`, `is_query`, `query_type`, `html_type`, `dict_type`, `sort`, `create_by`, `create_time`, `update_by`, `update_time`) VALUES (32, 3, 'content', '内容', 'text', 'String', 'content', '0', '0', '1', '1', '1', '1', NULL, 'EQ', 'summernote', '', 8, 'admin', '2024-04-05 14:56:19', NULL, '2024-09-25 17:27:30');
INSERT INTO `gen_table_column` (`column_id`, `table_id`, `column_name`, `column_comment`, `column_type`, `java_type`, `java_field`, `is_pk`, `is_increment`, `is_required`, `is_insert`, `is_edit`, `is_list`, `is_query`, `query_type`, `html_type`, `dict_type`, `sort`, `create_by`, `create_time`, `update_by`, `update_time`) VALUES (33, 3, 'art_type', '类型', 'char(1)', 'String', 'artType', '0', '0', '1', '1', '1', '1', '1', 'EQ', 'select', 'sys_article_type', 9, 'admin', '2024-04-05 14:56:19', NULL, '2024-09-25 17:27:30');
INSERT INTO `gen_table_column` (`column_id`, `table_id`, `column_name`, `column_comment`, `column_type`, `java_type`, `java_field`, `is_pk`, `is_increment`, `is_required`, `is_insert`, `is_edit`, `is_list`, `is_query`, `query_type`, `html_type`, `dict_type`, `sort`, `create_by`, `create_time`, `update_by`, `update_time`) VALUES (34, 3, 'art_skip', '跳转地址', 'varchar(126)', 'String', 'artSkip', '0', '0', NULL, '1', '1', '1', NULL, 'EQ', 'input', '', 10, 'admin', '2024-04-05 14:56:19', NULL, '2024-09-25 17:27:30');
INSERT INTO `gen_table_column` (`column_id`, `table_id`, `column_name`, `column_comment`, `column_type`, `java_type`, `java_field`, `is_pk`, `is_increment`, `is_required`, `is_insert`, `is_edit`, `is_list`, `is_query`, `query_type`, `html_type`, `dict_type`, `sort`, `create_by`, `create_time`, `update_by`, `update_time`) VALUES (35, 3, 'degree_num', '访问次数', 'int(11)', 'Long', 'degreeNum', '0', '0', NULL, '1', '1', '1', NULL, 'EQ', 'input', '', 11, 'admin', '2024-04-05 14:56:19', NULL, '2024-09-25 17:27:30');
INSERT INTO `gen_table_column` (`column_id`, `table_id`, `column_name`, `column_comment`, `column_type`, `java_type`, `java_field`, `is_pk`, `is_increment`, `is_required`, `is_insert`, `is_edit`, `is_list`, `is_query`, `query_type`, `html_type`, `dict_type`, `sort`, `create_by`, `create_time`, `update_by`, `update_time`) VALUES (36, 3, 'is_push', '是否推荐', 'char(1)', 'String', 'isPush', '0', '0', NULL, '1', '1', '1', '1', 'EQ', 'select', 'sys_yes_no', 12, 'admin', '2024-04-05 14:56:19', NULL, '2024-09-25 17:27:30');
INSERT INTO `gen_table_column` (`column_id`, `table_id`, `column_name`, `column_comment`, `column_type`, `java_type`, `java_field`, `is_pk`, `is_increment`, `is_required`, `is_insert`, `is_edit`, `is_list`, `is_query`, `query_type`, `html_type`, `dict_type`, `sort`, `create_by`, `create_time`, `update_by`, `update_time`) VALUES (37, 3, 'is_slide', '是否幻灯', 'char(1)', 'String', 'isSlide', '0', '0', NULL, '1', '1', '1', '1', 'EQ', 'select', 'sys_yes_no', 13, 'admin', '2024-04-05 14:56:19', NULL, '2024-09-25 17:27:30');
INSERT INTO `gen_table_column` (`column_id`, `table_id`, `column_name`, `column_comment`, `column_type`, `java_type`, `java_field`, `is_pk`, `is_increment`, `is_required`, `is_insert`, `is_edit`, `is_list`, `is_query`, `query_type`, `html_type`, `dict_type`, `sort`, `create_by`, `create_time`, `update_by`, `update_time`) VALUES (38, 3, 'is_top', '是否置顶', 'char(1)', 'String', 'isTop', '0', '0', NULL, '1', '1', '1', '1', 'EQ', 'select', 'sys_yes_no', 14, 'admin', '2024-04-05 14:56:19', NULL, '2024-09-25 17:27:30');
INSERT INTO `gen_table_column` (`column_id`, `table_id`, `column_name`, `column_comment`, `column_type`, `java_type`, `java_field`, `is_pk`, `is_increment`, `is_required`, `is_insert`, `is_edit`, `is_list`, `is_query`, `query_type`, `html_type`, `dict_type`, `sort`, `create_by`, `create_time`, `update_by`, `update_time`) VALUES (39, 3, 'check_status', '审核状态', 'char(1)', 'String', 'checkStatus', '0', '0', NULL, '1', '1', '1', '1', 'EQ', 'radio', 'sys_check_status', 15, 'admin', '2024-04-05 14:56:19', NULL, '2024-09-25 17:27:30');
INSERT INTO `gen_table_column` (`column_id`, `table_id`, `column_name`, `column_comment`, `column_type`, `java_type`, `java_field`, `is_pk`, `is_increment`, `is_required`, `is_insert`, `is_edit`, `is_list`, `is_query`, `query_type`, `html_type`, `dict_type`, `sort`, `create_by`, `create_time`, `update_by`, `update_time`) VALUES (40, 3, 'show_status', '显示状态', 'char(1)', 'String', 'showStatus', '0', '0', NULL, '1', '1', '1', '1', 'EQ', 'radio', 'sys_show_hide', 16, 'admin', '2024-04-05 14:56:19', NULL, '2024-09-25 17:27:30');
INSERT INTO `gen_table_column` (`column_id`, `table_id`, `column_name`, `column_comment`, `column_type`, `java_type`, `java_field`, `is_pk`, `is_increment`, `is_required`, `is_insert`, `is_edit`, `is_list`, `is_query`, `query_type`, `html_type`, `dict_type`, `sort`, `create_by`, `create_time`, `update_by`, `update_time`) VALUES (41, 3, 'is_grant', '是否签发', 'char(1)', 'String', 'isGrant', '0', '0', NULL, '1', '1', '1', '1', 'EQ', 'radio', 'sys_yes_no', 17, 'admin', '2024-04-05 14:56:19', NULL, '2024-09-25 17:27:30');
INSERT INTO `gen_table_column` (`column_id`, `table_id`, `column_name`, `column_comment`, `column_type`, `java_type`, `java_field`, `is_pk`, `is_increment`, `is_required`, `is_insert`, `is_edit`, `is_list`, `is_query`, `query_type`, `html_type`, `dict_type`, `sort`, `create_by`, `create_time`, `update_by`, `update_time`) VALUES (42, 3, 'grant_id', '签发ID', 'bigint(20)', 'Long', 'grantId', '0', '0', NULL, NULL, NULL, NULL, NULL, 'EQ', 'input', '', 18, 'admin', '2024-04-05 14:56:19', NULL, '2024-09-25 17:27:30');
INSERT INTO `gen_table_column` (`column_id`, `table_id`, `column_name`, `column_comment`, `column_type`, `java_type`, `java_field`, `is_pk`, `is_increment`, `is_required`, `is_insert`, `is_edit`, `is_list`, `is_query`, `query_type`, `html_type`, `dict_type`, `sort`, `create_by`, `create_time`, `update_by`, `update_time`) VALUES (43, 3, 'remark', '备注', 'varchar(256)', 'String', 'remark', '0', '0', NULL, '1', '1', '1', NULL, 'EQ', 'textarea', '', 19, 'admin', '2024-04-05 14:56:19', NULL, '2024-09-25 17:27:30');
INSERT INTO `gen_table_column` (`column_id`, `table_id`, `column_name`, `column_comment`, `column_type`, `java_type`, `java_field`, `is_pk`, `is_increment`, `is_required`, `is_insert`, `is_edit`, `is_list`, `is_query`, `query_type`, `html_type`, `dict_type`, `sort`, `create_by`, `create_time`, `update_by`, `update_time`) VALUES (44, 3, 'create_by', '创建者', 'varchar(32)', 'String', 'createBy', '0', '0', NULL, NULL, NULL, '1', NULL, 'EQ', 'input', '', 20, 'admin', '2024-04-05 14:56:19', NULL, '2024-09-25 17:27:30');
INSERT INTO `gen_table_column` (`column_id`, `table_id`, `column_name`, `column_comment`, `column_type`, `java_type`, `java_field`, `is_pk`, `is_increment`, `is_required`, `is_insert`, `is_edit`, `is_list`, `is_query`, `query_type`, `html_type`, `dict_type`, `sort`, `create_by`, `create_time`, `update_by`, `update_time`) VALUES (45, 3, 'create_time', '创建时间', 'datetime', 'Date', 'createTime', '0', '0', NULL, NULL, NULL, '1', NULL, 'EQ', 'datetime', '', 21, 'admin', '2024-04-05 14:56:19', NULL, '2024-09-25 17:27:30');
INSERT INTO `gen_table_column` (`column_id`, `table_id`, `column_name`, `column_comment`, `column_type`, `java_type`, `java_field`, `is_pk`, `is_increment`, `is_required`, `is_insert`, `is_edit`, `is_list`, `is_query`, `query_type`, `html_type`, `dict_type`, `sort`, `create_by`, `create_time`, `update_by`, `update_time`) VALUES (46, 3, 'update_by', '更新者', 'varchar(32)', 'String', 'updateBy', '0', '0', NULL, NULL, NULL, NULL, NULL, 'EQ', 'input', '', 22, 'admin', '2024-04-05 14:56:19', NULL, '2024-09-25 17:27:30');
INSERT INTO `gen_table_column` (`column_id`, `table_id`, `column_name`, `column_comment`, `column_type`, `java_type`, `java_field`, `is_pk`, `is_increment`, `is_required`, `is_insert`, `is_edit`, `is_list`, `is_query`, `query_type`, `html_type`, `dict_type`, `sort`, `create_by`, `create_time`, `update_by`, `update_time`) VALUES (47, 3, 'update_time', '更新时间', 'datetime', 'Date', 'updateTime', '0', '0', NULL, NULL, NULL, NULL, NULL, 'EQ', 'datetime', '', 23, 'admin', '2024-04-05 14:56:19', NULL, '2024-09-25 17:27:30');
INSERT INTO `gen_table_column` (`column_id`, `table_id`, `column_name`, `column_comment`, `column_type`, `java_type`, `java_field`, `is_pk`, `is_increment`, `is_required`, `is_insert`, `is_edit`, `is_list`, `is_query`, `query_type`, `html_type`, `dict_type`, `sort`, `create_by`, `create_time`, `update_by`, `update_time`) VALUES (48, 4, 'id', 'ID', 'bigint(20)', 'Long', 'id', '1', '1', NULL, NULL, NULL, NULL, NULL, 'EQ', 'input', '', 1, 'admin', '2024-04-06 17:09:48', NULL, '2024-04-06 17:19:50');
INSERT INTO `gen_table_column` (`column_id`, `table_id`, `column_name`, `column_comment`, `column_type`, `java_type`, `java_field`, `is_pk`, `is_increment`, `is_required`, `is_insert`, `is_edit`, `is_list`, `is_query`, `query_type`, `html_type`, `dict_type`, `sort`, `create_by`, `create_time`, `update_by`, `update_time`) VALUES (49, 4, 'user_id', '文件所属用户', 'bigint(20)', 'Long', 'userId', '0', '0', NULL, '1', '1', '1', NULL, 'EQ', 'input', '', 2, 'admin', '2024-04-06 17:09:48', NULL, '2024-04-06 17:19:50');
INSERT INTO `gen_table_column` (`column_id`, `table_id`, `column_name`, `column_comment`, `column_type`, `java_type`, `java_field`, `is_pk`, `is_increment`, `is_required`, `is_insert`, `is_edit`, `is_list`, `is_query`, `query_type`, `html_type`, `dict_type`, `sort`, `create_by`, `create_time`, `update_by`, `update_time`) VALUES (50, 4, 'oldfilename', '原文件名', 'varchar(255)', 'String', 'oldfilename', '0', '0', NULL, '1', '1', '1', '1', 'LIKE', 'input', '', 3, 'admin', '2024-04-06 17:09:48', NULL, '2024-04-06 17:19:50');
INSERT INTO `gen_table_column` (`column_id`, `table_id`, `column_name`, `column_comment`, `column_type`, `java_type`, `java_field`, `is_pk`, `is_increment`, `is_required`, `is_insert`, `is_edit`, `is_list`, `is_query`, `query_type`, `html_type`, `dict_type`, `sort`, `create_by`, `create_time`, `update_by`, `update_time`) VALUES (51, 4, 'newfilename', '新文件名', 'varchar(255)', 'String', 'newfilename', '0', '0', NULL, '1', '1', '1', NULL, 'LIKE', 'input', '', 4, 'admin', '2024-04-06 17:09:48', NULL, '2024-04-06 17:19:50');
INSERT INTO `gen_table_column` (`column_id`, `table_id`, `column_name`, `column_comment`, `column_type`, `java_type`, `java_field`, `is_pk`, `is_increment`, `is_required`, `is_insert`, `is_edit`, `is_list`, `is_query`, `query_type`, `html_type`, `dict_type`, `sort`, `create_by`, `create_time`, `update_by`, `update_time`) VALUES (52, 4, 'ext', '文件后缀', 'varchar(255)', 'String', 'ext', '0', '0', NULL, '1', '1', '1', '1', 'EQ', 'input', '', 5, 'admin', '2024-04-06 17:09:48', NULL, '2024-04-06 17:19:50');
INSERT INTO `gen_table_column` (`column_id`, `table_id`, `column_name`, `column_comment`, `column_type`, `java_type`, `java_field`, `is_pk`, `is_increment`, `is_required`, `is_insert`, `is_edit`, `is_list`, `is_query`, `query_type`, `html_type`, `dict_type`, `sort`, `create_by`, `create_time`, `update_by`, `update_time`) VALUES (53, 4, 'url_path', '访问文件url地址', 'varchar(255)', 'String', 'urlPath', '0', '0', NULL, '1', '1', '1', NULL, 'EQ', 'input', '', 6, 'admin', '2024-04-06 17:09:48', NULL, '2024-04-06 17:19:50');
INSERT INTO `gen_table_column` (`column_id`, `table_id`, `column_name`, `column_comment`, `column_type`, `java_type`, `java_field`, `is_pk`, `is_increment`, `is_required`, `is_insert`, `is_edit`, `is_list`, `is_query`, `query_type`, `html_type`, `dict_type`, `sort`, `create_by`, `create_time`, `update_by`, `update_time`) VALUES (54, 4, 'file_path', '文件存放路径', 'varchar(255)', 'String', 'filePath', '0', '0', NULL, '1', '1', '1', NULL, 'EQ', 'input', '', 7, 'admin', '2024-04-06 17:09:48', NULL, '2024-04-06 17:19:50');
INSERT INTO `gen_table_column` (`column_id`, `table_id`, `column_name`, `column_comment`, `column_type`, `java_type`, `java_field`, `is_pk`, `is_increment`, `is_required`, `is_insert`, `is_edit`, `is_list`, `is_query`, `query_type`, `html_type`, `dict_type`, `sort`, `create_by`, `create_time`, `update_by`, `update_time`) VALUES (55, 4, 'size', '文件大小', 'float(11,1)', 'BigDecimal', 'size', '0', '0', NULL, '1', '1', '1', NULL, 'EQ', 'input', '', 8, 'admin', '2024-04-06 17:09:48', NULL, '2024-04-06 17:19:50');
INSERT INTO `gen_table_column` (`column_id`, `table_id`, `column_name`, `column_comment`, `column_type`, `java_type`, `java_field`, `is_pk`, `is_increment`, `is_required`, `is_insert`, `is_edit`, `is_list`, `is_query`, `query_type`, `html_type`, `dict_type`, `sort`, `create_by`, `create_time`, `update_by`, `update_time`) VALUES (56, 4, 'type', '文件类型', 'varchar(255)', 'String', 'type', '0', '0', NULL, '1', '1', '1', '1', 'EQ', 'select', 'sys_article_type', 9, 'admin', '2024-04-06 17:09:48', NULL, '2024-04-06 17:19:50');
INSERT INTO `gen_table_column` (`column_id`, `table_id`, `column_name`, `column_comment`, `column_type`, `java_type`, `java_field`, `is_pk`, `is_increment`, `is_required`, `is_insert`, `is_edit`, `is_list`, `is_query`, `query_type`, `html_type`, `dict_type`, `sort`, `create_by`, `create_time`, `update_by`, `update_time`) VALUES (57, 4, 'is_img', '是否是图片', 'int(11)', 'Long', 'isImg', '0', '0', NULL, '1', '1', '1', '1', 'EQ', 'radio', 'sys_article_yes', 10, 'admin', '2024-04-06 17:09:48', NULL, '2024-04-06 17:19:50');
INSERT INTO `gen_table_column` (`column_id`, `table_id`, `column_name`, `column_comment`, `column_type`, `java_type`, `java_field`, `is_pk`, `is_increment`, `is_required`, `is_insert`, `is_edit`, `is_list`, `is_query`, `query_type`, `html_type`, `dict_type`, `sort`, `create_by`, `create_time`, `update_by`, `update_time`) VALUES (58, 4, 'downcounts', '下载次数', 'int(11)', 'Long', 'downcounts', '0', '0', NULL, '1', '1', '1', NULL, 'EQ', 'input', '', 11, 'admin', '2024-04-06 17:09:48', NULL, '2024-04-06 17:19:50');
INSERT INTO `gen_table_column` (`column_id`, `table_id`, `column_name`, `column_comment`, `column_type`, `java_type`, `java_field`, `is_pk`, `is_increment`, `is_required`, `is_insert`, `is_edit`, `is_list`, `is_query`, `query_type`, `html_type`, `dict_type`, `sort`, `create_by`, `create_time`, `update_by`, `update_time`) VALUES (59, 4, 'upload_time', '上传时间', 'datetime', 'Date', 'uploadTime', '0', '0', NULL, '1', '1', '1', NULL, 'EQ', 'datetime', '', 12, 'admin', '2024-04-06 17:09:48', NULL, '2024-04-06 17:19:50');
INSERT INTO `gen_table_column` (`column_id`, `table_id`, `column_name`, `column_comment`, `column_type`, `java_type`, `java_field`, `is_pk`, `is_increment`, `is_required`, `is_insert`, `is_edit`, `is_list`, `is_query`, `query_type`, `html_type`, `dict_type`, `sort`, `create_by`, `create_time`, `update_by`, `update_time`) VALUES (60, 4, 'update_time', '修改时间', 'datetime', 'Date', 'updateTime', '0', '0', NULL, '1', '1', NULL, NULL, 'EQ', 'datetime', '', 13, 'admin', '2024-04-06 17:09:48', NULL, '2024-04-06 17:19:50');
INSERT INTO `gen_table_column` (`column_id`, `table_id`, `column_name`, `column_comment`, `column_type`, `java_type`, `java_field`, `is_pk`, `is_increment`, `is_required`, `is_insert`, `is_edit`, `is_list`, `is_query`, `query_type`, `html_type`, `dict_type`, `sort`, `create_by`, `create_time`, `update_by`, `update_time`) VALUES (61, 4, 'is_public', '是否共享', 'int(11)', 'Long', 'isPublic', '0', '0', NULL, '1', '1', '1', '1', 'EQ', 'radio', 'sys_article_yes', 14, 'admin', '2024-04-06 17:09:48', NULL, '2024-04-06 17:19:50');
INSERT INTO `gen_table_column` (`column_id`, `table_id`, `column_name`, `column_comment`, `column_type`, `java_type`, `java_field`, `is_pk`, `is_increment`, `is_required`, `is_insert`, `is_edit`, `is_list`, `is_query`, `query_type`, `html_type`, `dict_type`, `sort`, `create_by`, `create_time`, `update_by`, `update_time`) VALUES (62, 4, 'is_collect', '是否收藏', 'int(11)', 'Long', 'isCollect', '0', '0', NULL, '1', '1', '1', '1', 'EQ', 'radio', 'sys_article_yes', 15, 'admin', '2024-04-06 17:09:48', NULL, '2024-04-06 17:19:50');
INSERT INTO `gen_table_column` (`column_id`, `table_id`, `column_name`, `column_comment`, `column_type`, `java_type`, `java_field`, `is_pk`, `is_increment`, `is_required`, `is_insert`, `is_edit`, `is_list`, `is_query`, `query_type`, `html_type`, `dict_type`, `sort`, `create_by`, `create_time`, `update_by`, `update_time`) VALUES (63, 4, 'is_share', '是否分享', 'int(11)', 'Long', 'isShare', '0', '0', NULL, '1', '1', '1', '1', 'EQ', 'radio', 'sys_article_yes', 16, 'admin', '2024-04-06 17:09:48', NULL, '2024-04-06 17:19:50');
INSERT INTO `gen_table_column` (`column_id`, `table_id`, `column_name`, `column_comment`, `column_type`, `java_type`, `java_field`, `is_pk`, `is_increment`, `is_required`, `is_insert`, `is_edit`, `is_list`, `is_query`, `query_type`, `html_type`, `dict_type`, `sort`, `create_by`, `create_time`, `update_by`, `update_time`) VALUES (64, 4, 'is_recycle', '是否在回收箱', 'int(11)', 'Long', 'isRecycle', '0', '0', NULL, '1', '1', '1', '1', 'EQ', 'radio', 'sys_article_yes', 17, 'admin', '2024-04-06 17:09:48', NULL, '2024-04-06 17:19:50');
INSERT INTO `gen_table_column` (`column_id`, `table_id`, `column_name`, `column_comment`, `column_type`, `java_type`, `java_field`, `is_pk`, `is_increment`, `is_required`, `is_insert`, `is_edit`, `is_list`, `is_query`, `query_type`, `html_type`, `dict_type`, `sort`, `create_by`, `create_time`, `update_by`, `update_time`) VALUES (65, 4, 'icon', '文件显示图片', 'varchar(255)', 'String', 'icon', '0', '0', NULL, '1', '1', '1', '1', 'EQ', 'input', '', 18, 'admin', '2024-04-06 17:09:48', NULL, '2024-04-06 17:19:50');
INSERT INTO `gen_table_column` (`column_id`, `table_id`, `column_name`, `column_comment`, `column_type`, `java_type`, `java_field`, `is_pk`, `is_increment`, `is_required`, `is_insert`, `is_edit`, `is_list`, `is_query`, `query_type`, `html_type`, `dict_type`, `sort`, `create_by`, `create_time`, `update_by`, `update_time`) VALUES (66, 5, 'slide_id', '幻灯ID', 'bigint(20)', 'Long', 'slideId', '1', '1', NULL, NULL, NULL, NULL, NULL, 'EQ', 'input', '', 1, 'admin', '2024-04-07 14:49:22', NULL, '2024-04-07 14:59:22');
INSERT INTO `gen_table_column` (`column_id`, `table_id`, `column_name`, `column_comment`, `column_type`, `java_type`, `java_field`, `is_pk`, `is_increment`, `is_required`, `is_insert`, `is_edit`, `is_list`, `is_query`, `query_type`, `html_type`, `dict_type`, `sort`, `create_by`, `create_time`, `update_by`, `update_time`) VALUES (67, 5, 'slide_title', '幻灯名称', 'varchar(30)', 'String', 'slideTitle', '0', '0', '1', '1', '1', '1', '1', 'LIKE', 'input', '', 2, 'admin', '2024-04-07 14:49:22', NULL, '2024-04-07 14:59:22');
INSERT INTO `gen_table_column` (`column_id`, `table_id`, `column_name`, `column_comment`, `column_type`, `java_type`, `java_field`, `is_pk`, `is_increment`, `is_required`, `is_insert`, `is_edit`, `is_list`, `is_query`, `query_type`, `html_type`, `dict_type`, `sort`, `create_by`, `create_time`, `update_by`, `update_time`) VALUES (68, 5, 'slide_type', '类型', 'char(1)', 'String', 'slideType', '0', '0', '1', '1', '1', '1', '1', 'EQ', 'select', 'sys_slide_type', 3, 'admin', '2024-04-07 14:49:22', NULL, '2024-04-07 14:59:22');
INSERT INTO `gen_table_column` (`column_id`, `table_id`, `column_name`, `column_comment`, `column_type`, `java_type`, `java_field`, `is_pk`, `is_increment`, `is_required`, `is_insert`, `is_edit`, `is_list`, `is_query`, `query_type`, `html_type`, `dict_type`, `sort`, `create_by`, `create_time`, `update_by`, `update_time`) VALUES (69, 5, 'thumbnail', '缩略图', 'varchar(256)', 'String', 'thumbnail', '0', '0', '1', '1', '1', '1', NULL, 'EQ', 'upload', '', 4, 'admin', '2024-04-07 14:49:22', NULL, '2024-04-07 14:59:22');
INSERT INTO `gen_table_column` (`column_id`, `table_id`, `column_name`, `column_comment`, `column_type`, `java_type`, `java_field`, `is_pk`, `is_increment`, `is_required`, `is_insert`, `is_edit`, `is_list`, `is_query`, `query_type`, `html_type`, `dict_type`, `sort`, `create_by`, `create_time`, `update_by`, `update_time`) VALUES (70, 5, 'slide_skip', '链接地址', 'varchar(64)', 'String', 'slideSkip', '0', '0', '1', '1', '1', '1', NULL, 'EQ', 'input', '', 5, 'admin', '2024-04-07 14:49:22', NULL, '2024-04-07 14:59:22');
INSERT INTO `gen_table_column` (`column_id`, `table_id`, `column_name`, `column_comment`, `column_type`, `java_type`, `java_field`, `is_pk`, `is_increment`, `is_required`, `is_insert`, `is_edit`, `is_list`, `is_query`, `query_type`, `html_type`, `dict_type`, `sort`, `create_by`, `create_time`, `update_by`, `update_time`) VALUES (71, 5, 'sort_num', '显示顺序', 'int(6)', 'Integer', 'sortNum', '0', '0', NULL, '1', '1', '1', NULL, 'EQ', 'input', '', 6, 'admin', '2024-04-07 14:49:22', NULL, '2024-04-07 14:59:22');
INSERT INTO `gen_table_column` (`column_id`, `table_id`, `column_name`, `column_comment`, `column_type`, `java_type`, `java_field`, `is_pk`, `is_increment`, `is_required`, `is_insert`, `is_edit`, `is_list`, `is_query`, `query_type`, `html_type`, `dict_type`, `sort`, `create_by`, `create_time`, `update_by`, `update_time`) VALUES (72, 5, 'slide_status', '状态', 'char(1)', 'String', 'slideStatus', '0', '0', NULL, '1', '1', '1', NULL, 'EQ', 'radio', 'sys_show_hide', 7, 'admin', '2024-04-07 14:49:22', NULL, '2024-04-07 14:59:22');
INSERT INTO `gen_table_column` (`column_id`, `table_id`, `column_name`, `column_comment`, `column_type`, `java_type`, `java_field`, `is_pk`, `is_increment`, `is_required`, `is_insert`, `is_edit`, `is_list`, `is_query`, `query_type`, `html_type`, `dict_type`, `sort`, `create_by`, `create_time`, `update_by`, `update_time`) VALUES (73, 5, 'remark', '幻灯介绍', 'varchar(256)', 'String', 'remark', '0', '0', NULL, '1', '1', '1', NULL, 'EQ', 'textarea', '', 8, 'admin', '2024-04-07 14:49:22', NULL, '2024-04-07 14:59:22');
INSERT INTO `gen_table_column` (`column_id`, `table_id`, `column_name`, `column_comment`, `column_type`, `java_type`, `java_field`, `is_pk`, `is_increment`, `is_required`, `is_insert`, `is_edit`, `is_list`, `is_query`, `query_type`, `html_type`, `dict_type`, `sort`, `create_by`, `create_time`, `update_by`, `update_time`) VALUES (74, 5, 'create_by', '创建者', 'varchar(32)', 'String', 'createBy', '0', '0', NULL, NULL, NULL, '1', NULL, 'EQ', 'input', '', 9, 'admin', '2024-04-07 14:49:22', NULL, '2024-04-07 14:59:22');
INSERT INTO `gen_table_column` (`column_id`, `table_id`, `column_name`, `column_comment`, `column_type`, `java_type`, `java_field`, `is_pk`, `is_increment`, `is_required`, `is_insert`, `is_edit`, `is_list`, `is_query`, `query_type`, `html_type`, `dict_type`, `sort`, `create_by`, `create_time`, `update_by`, `update_time`) VALUES (75, 5, 'create_time', '创建时间', 'datetime', 'Date', 'createTime', '0', '0', NULL, NULL, NULL, '1', NULL, 'EQ', 'datetime', '', 10, 'admin', '2024-04-07 14:49:22', NULL, '2024-04-07 14:59:22');
INSERT INTO `gen_table_column` (`column_id`, `table_id`, `column_name`, `column_comment`, `column_type`, `java_type`, `java_field`, `is_pk`, `is_increment`, `is_required`, `is_insert`, `is_edit`, `is_list`, `is_query`, `query_type`, `html_type`, `dict_type`, `sort`, `create_by`, `create_time`, `update_by`, `update_time`) VALUES (76, 5, 'update_by', '更新者', 'varchar(32)', 'String', 'updateBy', '0', '0', NULL, NULL, NULL, NULL, NULL, 'EQ', 'input', '', 11, 'admin', '2024-04-07 14:49:22', NULL, '2024-04-07 14:59:22');
INSERT INTO `gen_table_column` (`column_id`, `table_id`, `column_name`, `column_comment`, `column_type`, `java_type`, `java_field`, `is_pk`, `is_increment`, `is_required`, `is_insert`, `is_edit`, `is_list`, `is_query`, `query_type`, `html_type`, `dict_type`, `sort`, `create_by`, `create_time`, `update_by`, `update_time`) VALUES (77, 5, 'update_time', '更新时间', 'datetime', 'Date', 'updateTime', '0', '0', NULL, NULL, NULL, NULL, NULL, 'EQ', 'datetime', '', 12, 'admin', '2024-04-07 14:49:22', NULL, '2024-04-07 14:59:22');
INSERT INTO `gen_table_column` (`column_id`, `table_id`, `column_name`, `column_comment`, `column_type`, `java_type`, `java_field`, `is_pk`, `is_increment`, `is_required`, `is_insert`, `is_edit`, `is_list`, `is_query`, `query_type`, `html_type`, `dict_type`, `sort`, `create_by`, `create_time`, `update_by`, `update_time`) VALUES (78, 6, 'links_id', '友链ID', 'bigint(20)', 'Long', 'linksId', '1', '1', NULL, NULL, NULL, NULL, NULL, 'EQ', 'input', '', 1, 'admin', '2024-04-07 15:57:00', NULL, '2024-04-07 15:59:43');
INSERT INTO `gen_table_column` (`column_id`, `table_id`, `column_name`, `column_comment`, `column_type`, `java_type`, `java_field`, `is_pk`, `is_increment`, `is_required`, `is_insert`, `is_edit`, `is_list`, `is_query`, `query_type`, `html_type`, `dict_type`, `sort`, `create_by`, `create_time`, `update_by`, `update_time`) VALUES (79, 6, 'links_title', '友链名称', 'varchar(30)', 'String', 'linksTitle', '0', '0', '1', '1', '1', '1', '1', 'EQ', 'input', '', 2, 'admin', '2024-04-07 15:57:00', NULL, '2024-04-07 15:59:43');
INSERT INTO `gen_table_column` (`column_id`, `table_id`, `column_name`, `column_comment`, `column_type`, `java_type`, `java_field`, `is_pk`, `is_increment`, `is_required`, `is_insert`, `is_edit`, `is_list`, `is_query`, `query_type`, `html_type`, `dict_type`, `sort`, `create_by`, `create_time`, `update_by`, `update_time`) VALUES (80, 6, 'links_type', '类型', 'char(1)', 'String', 'linksType', '0', '0', '1', '1', '1', '1', '1', 'EQ', 'select', 'sys_links_type', 3, 'admin', '2024-04-07 15:57:00', NULL, '2024-04-07 15:59:43');
INSERT INTO `gen_table_column` (`column_id`, `table_id`, `column_name`, `column_comment`, `column_type`, `java_type`, `java_field`, `is_pk`, `is_increment`, `is_required`, `is_insert`, `is_edit`, `is_list`, `is_query`, `query_type`, `html_type`, `dict_type`, `sort`, `create_by`, `create_time`, `update_by`, `update_time`) VALUES (81, 6, 'thumbnail', '缩略图', 'varchar(256)', 'String', 'thumbnail', '0', '0', NULL, '1', '1', '1', NULL, 'EQ', 'upload', '', 4, 'admin', '2024-04-07 15:57:00', NULL, '2024-04-07 15:59:43');
INSERT INTO `gen_table_column` (`column_id`, `table_id`, `column_name`, `column_comment`, `column_type`, `java_type`, `java_field`, `is_pk`, `is_increment`, `is_required`, `is_insert`, `is_edit`, `is_list`, `is_query`, `query_type`, `html_type`, `dict_type`, `sort`, `create_by`, `create_time`, `update_by`, `update_time`) VALUES (82, 6, 'links_skip', '跳转地址', 'varchar(64)', 'String', 'linksSkip', '0', '0', '1', '1', '1', '1', NULL, 'EQ', 'input', '', 5, 'admin', '2024-04-07 15:57:00', NULL, '2024-04-07 15:59:43');
INSERT INTO `gen_table_column` (`column_id`, `table_id`, `column_name`, `column_comment`, `column_type`, `java_type`, `java_field`, `is_pk`, `is_increment`, `is_required`, `is_insert`, `is_edit`, `is_list`, `is_query`, `query_type`, `html_type`, `dict_type`, `sort`, `create_by`, `create_time`, `update_by`, `update_time`) VALUES (83, 6, 'sort_num', '显示顺序', 'int(6)', 'Integer', 'sortNum', '0', '0', NULL, '1', '1', '1', NULL, 'EQ', 'input', '', 6, 'admin', '2024-04-07 15:57:00', NULL, '2024-04-07 15:59:43');
INSERT INTO `gen_table_column` (`column_id`, `table_id`, `column_name`, `column_comment`, `column_type`, `java_type`, `java_field`, `is_pk`, `is_increment`, `is_required`, `is_insert`, `is_edit`, `is_list`, `is_query`, `query_type`, `html_type`, `dict_type`, `sort`, `create_by`, `create_time`, `update_by`, `update_time`) VALUES (84, 6, 'links_status', '状态', 'char(1)', 'String', 'linksStatus', '0', '0', NULL, '1', '1', '1', '1', 'EQ', 'radio', 'sys_show_hide', 7, 'admin', '2024-04-07 15:57:00', NULL, '2024-04-07 15:59:43');
INSERT INTO `gen_table_column` (`column_id`, `table_id`, `column_name`, `column_comment`, `column_type`, `java_type`, `java_field`, `is_pk`, `is_increment`, `is_required`, `is_insert`, `is_edit`, `is_list`, `is_query`, `query_type`, `html_type`, `dict_type`, `sort`, `create_by`, `create_time`, `update_by`, `update_time`) VALUES (85, 6, 'remark', '友链介绍', 'varchar(256)', 'String', 'remark', '0', '0', NULL, '1', '1', '1', NULL, 'EQ', 'textarea', '', 8, 'admin', '2024-04-07 15:57:00', NULL, '2024-04-07 15:59:43');
INSERT INTO `gen_table_column` (`column_id`, `table_id`, `column_name`, `column_comment`, `column_type`, `java_type`, `java_field`, `is_pk`, `is_increment`, `is_required`, `is_insert`, `is_edit`, `is_list`, `is_query`, `query_type`, `html_type`, `dict_type`, `sort`, `create_by`, `create_time`, `update_by`, `update_time`) VALUES (86, 6, 'create_by', '创建者', 'varchar(32)', 'String', 'createBy', '0', '0', NULL, NULL, NULL, '1', NULL, 'EQ', 'input', '', 9, 'admin', '2024-04-07 15:57:00', NULL, '2024-04-07 15:59:43');
INSERT INTO `gen_table_column` (`column_id`, `table_id`, `column_name`, `column_comment`, `column_type`, `java_type`, `java_field`, `is_pk`, `is_increment`, `is_required`, `is_insert`, `is_edit`, `is_list`, `is_query`, `query_type`, `html_type`, `dict_type`, `sort`, `create_by`, `create_time`, `update_by`, `update_time`) VALUES (87, 6, 'create_time', '创建时间', 'datetime', 'Date', 'createTime', '0', '0', NULL, NULL, NULL, '1', NULL, 'EQ', 'datetime', '', 10, 'admin', '2024-04-07 15:57:00', NULL, '2024-04-07 15:59:43');
INSERT INTO `gen_table_column` (`column_id`, `table_id`, `column_name`, `column_comment`, `column_type`, `java_type`, `java_field`, `is_pk`, `is_increment`, `is_required`, `is_insert`, `is_edit`, `is_list`, `is_query`, `query_type`, `html_type`, `dict_type`, `sort`, `create_by`, `create_time`, `update_by`, `update_time`) VALUES (88, 6, 'update_by', '更新者', 'varchar(32)', 'String', 'updateBy', '0', '0', NULL, NULL, NULL, NULL, NULL, 'EQ', 'input', '', 11, 'admin', '2024-04-07 15:57:00', NULL, '2024-04-07 15:59:43');
INSERT INTO `gen_table_column` (`column_id`, `table_id`, `column_name`, `column_comment`, `column_type`, `java_type`, `java_field`, `is_pk`, `is_increment`, `is_required`, `is_insert`, `is_edit`, `is_list`, `is_query`, `query_type`, `html_type`, `dict_type`, `sort`, `create_by`, `create_time`, `update_by`, `update_time`) VALUES (89, 6, 'update_time', '更新时间', 'datetime', 'Date', 'updateTime', '0', '0', NULL, NULL, NULL, NULL, NULL, 'EQ', 'datetime', '', 12, 'admin', '2024-04-07 15:57:00', NULL, '2024-04-07 15:59:43');
INSERT INTO `gen_table_column` (`column_id`, `table_id`, `column_name`, `column_comment`, `column_type`, `java_type`, `java_field`, `is_pk`, `is_increment`, `is_required`, `is_insert`, `is_edit`, `is_list`, `is_query`, `query_type`, `html_type`, `dict_type`, `sort`, `create_by`, `create_time`, `update_by`, `update_time`) VALUES (90, 7, 'special_id', '专题ID', 'bigint(20)', 'Long', 'specialId', '1', '1', NULL, NULL, NULL, NULL, NULL, 'EQ', 'input', '', 1, 'admin', '2024-04-07 17:53:40', NULL, '2024-04-07 17:58:40');
INSERT INTO `gen_table_column` (`column_id`, `table_id`, `column_name`, `column_comment`, `column_type`, `java_type`, `java_field`, `is_pk`, `is_increment`, `is_required`, `is_insert`, `is_edit`, `is_list`, `is_query`, `query_type`, `html_type`, `dict_type`, `sort`, `create_by`, `create_time`, `update_by`, `update_time`) VALUES (91, 7, 'special_title', '专题名称', 'varchar(30)', 'String', 'specialTitle', '0', '0', '1', '1', '1', '1', '1', 'EQ', 'input', '', 2, 'admin', '2024-04-07 17:53:40', NULL, '2024-04-07 17:58:40');
INSERT INTO `gen_table_column` (`column_id`, `table_id`, `column_name`, `column_comment`, `column_type`, `java_type`, `java_field`, `is_pk`, `is_increment`, `is_required`, `is_insert`, `is_edit`, `is_list`, `is_query`, `query_type`, `html_type`, `dict_type`, `sort`, `create_by`, `create_time`, `update_by`, `update_time`) VALUES (92, 7, 'special_type', '类型', 'char(1)', 'String', 'specialType', '0', '0', '1', '1', '1', '1', '1', 'EQ', 'select', 'sys_special_type', 3, 'admin', '2024-04-07 17:53:40', NULL, '2024-04-07 17:58:40');
INSERT INTO `gen_table_column` (`column_id`, `table_id`, `column_name`, `column_comment`, `column_type`, `java_type`, `java_field`, `is_pk`, `is_increment`, `is_required`, `is_insert`, `is_edit`, `is_list`, `is_query`, `query_type`, `html_type`, `dict_type`, `sort`, `create_by`, `create_time`, `update_by`, `update_time`) VALUES (93, 7, 'thumbnail', '缩略图', 'varchar(256)', 'String', 'thumbnail', '0', '0', NULL, '1', '1', '1', NULL, 'EQ', 'input', '', 4, 'admin', '2024-04-07 17:53:40', NULL, '2024-04-07 17:58:40');
INSERT INTO `gen_table_column` (`column_id`, `table_id`, `column_name`, `column_comment`, `column_type`, `java_type`, `java_field`, `is_pk`, `is_increment`, `is_required`, `is_insert`, `is_edit`, `is_list`, `is_query`, `query_type`, `html_type`, `dict_type`, `sort`, `create_by`, `create_time`, `update_by`, `update_time`) VALUES (94, 7, 'special_skip', '跳转地址', 'varchar(64)', 'String', 'specialSkip', '0', '0', NULL, '1', '1', '1', NULL, 'EQ', 'input', '', 5, 'admin', '2024-04-07 17:53:40', NULL, '2024-04-07 17:58:40');
INSERT INTO `gen_table_column` (`column_id`, `table_id`, `column_name`, `column_comment`, `column_type`, `java_type`, `java_field`, `is_pk`, `is_increment`, `is_required`, `is_insert`, `is_edit`, `is_list`, `is_query`, `query_type`, `html_type`, `dict_type`, `sort`, `create_by`, `create_time`, `update_by`, `update_time`) VALUES (95, 7, 'sort_num', '显示顺序', 'int(6)', 'Integer', 'sortNum', '0', '0', NULL, '1', '1', '1', NULL, 'EQ', 'input', '', 6, 'admin', '2024-04-07 17:53:40', NULL, '2024-04-07 17:58:40');
INSERT INTO `gen_table_column` (`column_id`, `table_id`, `column_name`, `column_comment`, `column_type`, `java_type`, `java_field`, `is_pk`, `is_increment`, `is_required`, `is_insert`, `is_edit`, `is_list`, `is_query`, `query_type`, `html_type`, `dict_type`, `sort`, `create_by`, `create_time`, `update_by`, `update_time`) VALUES (96, 7, 'lspecial_status', '状态', 'char(1)', 'String', 'lspecialStatus', '0', '0', NULL, '1', '1', '1', '1', 'EQ', 'radio', 'sys_show_hide', 7, 'admin', '2024-04-07 17:53:40', NULL, '2024-04-07 17:58:40');
INSERT INTO `gen_table_column` (`column_id`, `table_id`, `column_name`, `column_comment`, `column_type`, `java_type`, `java_field`, `is_pk`, `is_increment`, `is_required`, `is_insert`, `is_edit`, `is_list`, `is_query`, `query_type`, `html_type`, `dict_type`, `sort`, `create_by`, `create_time`, `update_by`, `update_time`) VALUES (97, 7, 'remark', '专题描述', 'varchar(256)', 'String', 'remark', '0', '0', NULL, '1', '1', '1', NULL, 'EQ', 'textarea', '', 8, 'admin', '2024-04-07 17:53:40', NULL, '2024-04-07 17:58:40');
INSERT INTO `gen_table_column` (`column_id`, `table_id`, `column_name`, `column_comment`, `column_type`, `java_type`, `java_field`, `is_pk`, `is_increment`, `is_required`, `is_insert`, `is_edit`, `is_list`, `is_query`, `query_type`, `html_type`, `dict_type`, `sort`, `create_by`, `create_time`, `update_by`, `update_time`) VALUES (98, 7, 'create_by', '创建者', 'varchar(32)', 'String', 'createBy', '0', '0', NULL, NULL, NULL, '1', NULL, 'EQ', 'input', '', 9, 'admin', '2024-04-07 17:53:40', NULL, '2024-04-07 17:58:40');
INSERT INTO `gen_table_column` (`column_id`, `table_id`, `column_name`, `column_comment`, `column_type`, `java_type`, `java_field`, `is_pk`, `is_increment`, `is_required`, `is_insert`, `is_edit`, `is_list`, `is_query`, `query_type`, `html_type`, `dict_type`, `sort`, `create_by`, `create_time`, `update_by`, `update_time`) VALUES (99, 7, 'create_time', '创建时间', 'datetime', 'Date', 'createTime', '0', '0', NULL, NULL, NULL, '1', NULL, 'EQ', 'datetime', '', 10, 'admin', '2024-04-07 17:53:40', NULL, '2024-04-07 17:58:40');
INSERT INTO `gen_table_column` (`column_id`, `table_id`, `column_name`, `column_comment`, `column_type`, `java_type`, `java_field`, `is_pk`, `is_increment`, `is_required`, `is_insert`, `is_edit`, `is_list`, `is_query`, `query_type`, `html_type`, `dict_type`, `sort`, `create_by`, `create_time`, `update_by`, `update_time`) VALUES (100, 7, 'update_by', '更新者', 'varchar(32)', 'String', 'updateBy', '0', '0', NULL, NULL, NULL, NULL, NULL, 'EQ', 'input', '', 11, 'admin', '2024-04-07 17:53:40', NULL, '2024-04-07 17:58:40');
INSERT INTO `gen_table_column` (`column_id`, `table_id`, `column_name`, `column_comment`, `column_type`, `java_type`, `java_field`, `is_pk`, `is_increment`, `is_required`, `is_insert`, `is_edit`, `is_list`, `is_query`, `query_type`, `html_type`, `dict_type`, `sort`, `create_by`, `create_time`, `update_by`, `update_time`) VALUES (101, 7, 'update_time', '更新时间', 'datetime', 'Date', 'updateTime', '0', '0', NULL, NULL, NULL, NULL, NULL, 'EQ', 'datetime', '', 12, 'admin', '2024-04-07 17:53:40', NULL, '2024-04-07 17:58:40');
INSERT INTO `gen_table_column` (`column_id`, `table_id`, `column_name`, `column_comment`, `column_type`, `java_type`, `java_field`, `is_pk`, `is_increment`, `is_required`, `is_insert`, `is_edit`, `is_list`, `is_query`, `query_type`, `html_type`, `dict_type`, `sort`, `create_by`, `create_time`, `update_by`, `update_time`) VALUES (102, 2, 'parent_id', '父分类ID', 'bigint(20)', 'Long', 'parentId', '0', '0', '1', '1', '1', '1', '1', 'EQ', 'input', '', 2, '', '2024-05-18 21:01:00', NULL, '2024-05-18 21:14:31');
INSERT INTO `gen_table_column` (`column_id`, `table_id`, `column_name`, `column_comment`, `column_type`, `java_type`, `java_field`, `is_pk`, `is_increment`, `is_required`, `is_insert`, `is_edit`, `is_list`, `is_query`, `query_type`, `html_type`, `dict_type`, `sort`, `create_by`, `create_time`, `update_by`, `update_time`) VALUES (103, 2, 'category_id', '文章标识', 'bigint(20)', 'Long', 'categoryId', '0', '0', '1', '1', '1', '1', '1', 'EQ', 'input', '', 3, '', '2024-05-18 21:01:00', NULL, '2024-05-18 21:14:31');
INSERT INTO `gen_table_column` (`column_id`, `table_id`, `column_name`, `column_comment`, `column_type`, `java_type`, `java_field`, `is_pk`, `is_increment`, `is_required`, `is_insert`, `is_edit`, `is_list`, `is_query`, `query_type`, `html_type`, `dict_type`, `sort`, `create_by`, `create_time`, `update_by`, `update_time`) VALUES (104, 2, 'article_type', '文章类型', 'char(1)', 'String', 'articleType', '0', '0', '1', '1', '1', '1', '1', 'EQ', 'select', 'sys_article_type', 5, '', '2024-05-18 21:01:00', NULL, '2024-05-18 21:14:31');
INSERT INTO `gen_table_column` (`column_id`, `table_id`, `column_name`, `column_comment`, `column_type`, `java_type`, `java_field`, `is_pk`, `is_increment`, `is_required`, `is_insert`, `is_edit`, `is_list`, `is_query`, `query_type`, `html_type`, `dict_type`, `sort`, `create_by`, `create_time`, `update_by`, `update_time`) VALUES (105, 8, 'mailbox_id', '信箱id', 'bigint(20)', 'Long', 'mailboxId', '1', '1', NULL, NULL, NULL, NULL, NULL, 'EQ', 'input', '', 1, 'admin', '2024-09-29 09:57:48', NULL, '2024-09-29 11:13:49');
INSERT INTO `gen_table_column` (`column_id`, `table_id`, `column_name`, `column_comment`, `column_type`, `java_type`, `java_field`, `is_pk`, `is_increment`, `is_required`, `is_insert`, `is_edit`, `is_list`, `is_query`, `query_type`, `html_type`, `dict_type`, `sort`, `create_by`, `create_time`, `update_by`, `update_time`) VALUES (106, 8, 'mail_title', '信件主题', 'varchar(64)', 'String', 'mailTitle', '0', '0', NULL, '1', '1', '1', '1', 'LIKE', 'input', '', 2, 'admin', '2024-09-29 09:57:48', NULL, '2024-09-29 11:13:49');
INSERT INTO `gen_table_column` (`column_id`, `table_id`, `column_name`, `column_comment`, `column_type`, `java_type`, `java_field`, `is_pk`, `is_increment`, `is_required`, `is_insert`, `is_edit`, `is_list`, `is_query`, `query_type`, `html_type`, `dict_type`, `sort`, `create_by`, `create_time`, `update_by`, `update_time`) VALUES (107, 8, 'write_name', '写信人姓名', 'varchar(11)', 'String', 'writeName', '0', '0', NULL, '1', '1', '1', '1', 'EQ', 'input', '', 3, 'admin', '2024-09-29 09:57:48', NULL, '2024-09-29 11:13:49');
INSERT INTO `gen_table_column` (`column_id`, `table_id`, `column_name`, `column_comment`, `column_type`, `java_type`, `java_field`, `is_pk`, `is_increment`, `is_required`, `is_insert`, `is_edit`, `is_list`, `is_query`, `query_type`, `html_type`, `dict_type`, `sort`, `create_by`, `create_time`, `update_by`, `update_time`) VALUES (108, 8, 'phonenumber', '写信人电话', 'varchar(11)', 'String', 'phonenumber', '0', '0', NULL, '1', '1', '1', '1', 'EQ', 'input', '', 4, 'admin', '2024-09-29 09:57:48', NULL, '2024-09-29 11:13:49');
INSERT INTO `gen_table_column` (`column_id`, `table_id`, `column_name`, `column_comment`, `column_type`, `java_type`, `java_field`, `is_pk`, `is_increment`, `is_required`, `is_insert`, `is_edit`, `is_list`, `is_query`, `query_type`, `html_type`, `dict_type`, `sort`, `create_by`, `create_time`, `update_by`, `update_time`) VALUES (109, 8, 'description', '内容描述', 'varchar(256)', 'String', 'description', '0', '0', NULL, '1', '1', '1', NULL, 'EQ', 'textarea', '', 5, 'admin', '2024-09-29 09:57:48', NULL, '2024-09-29 11:13:49');
INSERT INTO `gen_table_column` (`column_id`, `table_id`, `column_name`, `column_comment`, `column_type`, `java_type`, `java_field`, `is_pk`, `is_increment`, `is_required`, `is_insert`, `is_edit`, `is_list`, `is_query`, `query_type`, `html_type`, `dict_type`, `sort`, `create_by`, `create_time`, `update_by`, `update_time`) VALUES (110, 8, 'mail_type', '信箱类型', 'char(1)', 'String', 'mailType', '0', '0', NULL, '1', '1', '1', '1', 'EQ', 'radio', 'sys_notice_type', 6, 'admin', '2024-09-29 09:57:48', NULL, '2024-09-29 11:13:49');
INSERT INTO `gen_table_column` (`column_id`, `table_id`, `column_name`, `column_comment`, `column_type`, `java_type`, `java_field`, `is_pk`, `is_increment`, `is_required`, `is_insert`, `is_edit`, `is_list`, `is_query`, `query_type`, `html_type`, `dict_type`, `sort`, `create_by`, `create_time`, `update_by`, `update_time`) VALUES (111, 8, 'mail_status', '办理状态', 'char(1)', 'String', 'mailStatus', '0', '0', NULL, '1', '1', '1', '1', 'EQ', 'select', 'sys_mailbox_status', 7, 'admin', '2024-09-29 09:57:48', NULL, '2024-09-29 11:13:49');
INSERT INTO `gen_table_column` (`column_id`, `table_id`, `column_name`, `column_comment`, `column_type`, `java_type`, `java_field`, `is_pk`, `is_increment`, `is_required`, `is_insert`, `is_edit`, `is_list`, `is_query`, `query_type`, `html_type`, `dict_type`, `sort`, `create_by`, `create_time`, `update_by`, `update_time`) VALUES (112, 8, 'is_lock', '是否加密', 'char(1)', 'String', 'isLock', '0', '0', NULL, '1', '1', '1', '1', 'EQ', 'radio', 'sys_yes_no', 8, 'admin', '2024-09-29 09:57:48', NULL, '2024-09-29 11:13:49');
INSERT INTO `gen_table_column` (`column_id`, `table_id`, `column_name`, `column_comment`, `column_type`, `java_type`, `java_field`, `is_pk`, `is_increment`, `is_required`, `is_insert`, `is_edit`, `is_list`, `is_query`, `query_type`, `html_type`, `dict_type`, `sort`, `create_by`, `create_time`, `update_by`, `update_time`) VALUES (113, 8, 'password', '加密秘密', 'varchar(32)', 'String', 'password', '0', '0', NULL, '1', '1', '1', NULL, 'EQ', 'input', '', 9, 'admin', '2024-09-29 09:57:48', NULL, '2024-09-29 11:13:49');
INSERT INTO `gen_table_column` (`column_id`, `table_id`, `column_name`, `column_comment`, `column_type`, `java_type`, `java_field`, `is_pk`, `is_increment`, `is_required`, `is_insert`, `is_edit`, `is_list`, `is_query`, `query_type`, `html_type`, `dict_type`, `sort`, `create_by`, `create_time`, `update_by`, `update_time`) VALUES (114, 8, 'remark', '回复内容', 'varchar(500)', 'String', 'remark', '0', '0', NULL, '1', '1', '1', NULL, 'EQ', 'textarea', '', 10, 'admin', '2024-09-29 09:57:48', NULL, '2024-09-29 11:13:49');
INSERT INTO `gen_table_column` (`column_id`, `table_id`, `column_name`, `column_comment`, `column_type`, `java_type`, `java_field`, `is_pk`, `is_increment`, `is_required`, `is_insert`, `is_edit`, `is_list`, `is_query`, `query_type`, `html_type`, `dict_type`, `sort`, `create_by`, `create_time`, `update_by`, `update_time`) VALUES (115, 8, 'create_by', '创建者', 'varchar(32)', 'String', 'createBy', '0', '0', NULL, '1', NULL, NULL, NULL, 'EQ', 'input', '', 11, 'admin', '2024-09-29 09:57:48', NULL, '2024-09-29 11:13:49');
INSERT INTO `gen_table_column` (`column_id`, `table_id`, `column_name`, `column_comment`, `column_type`, `java_type`, `java_field`, `is_pk`, `is_increment`, `is_required`, `is_insert`, `is_edit`, `is_list`, `is_query`, `query_type`, `html_type`, `dict_type`, `sort`, `create_by`, `create_time`, `update_by`, `update_time`) VALUES (116, 8, 'create_time', '写信时间', 'datetime', 'Date', 'createTime', '0', '0', NULL, '1', NULL, '1', NULL, 'EQ', 'datetime', '', 12, 'admin', '2024-09-29 09:57:48', NULL, '2024-09-29 11:13:49');
INSERT INTO `gen_table_column` (`column_id`, `table_id`, `column_name`, `column_comment`, `column_type`, `java_type`, `java_field`, `is_pk`, `is_increment`, `is_required`, `is_insert`, `is_edit`, `is_list`, `is_query`, `query_type`, `html_type`, `dict_type`, `sort`, `create_by`, `create_time`, `update_by`, `update_time`) VALUES (117, 8, 'update_by', '回复者', 'varchar(32)', 'String', 'updateBy', '0', '0', NULL, '1', NULL, NULL, NULL, 'EQ', 'input', '', 13, 'admin', '2024-09-29 09:57:48', NULL, '2024-09-29 11:13:49');
INSERT INTO `gen_table_column` (`column_id`, `table_id`, `column_name`, `column_comment`, `column_type`, `java_type`, `java_field`, `is_pk`, `is_increment`, `is_required`, `is_insert`, `is_edit`, `is_list`, `is_query`, `query_type`, `html_type`, `dict_type`, `sort`, `create_by`, `create_time`, `update_by`, `update_time`) VALUES (118, 8, 'update_time', '回复时间', 'datetime', 'Date', 'updateTime', '0', '0', NULL, '1', NULL, '1', NULL, 'EQ', 'datetime', '', 14, 'admin', '2024-09-29 09:57:48', NULL, '2024-09-29 11:13:49');
COMMIT;

-- ----------------------------
-- Table structure for sys_config
-- ----------------------------
DROP TABLE IF EXISTS `sys_config`;
CREATE TABLE `sys_config` (
  `config_id` int(5) NOT NULL AUTO_INCREMENT COMMENT '参数主键',
  `config_name` varchar(100) COLLATE utf8mb4_bin DEFAULT '' COMMENT '参数名称',
  `config_key` varchar(100) COLLATE utf8mb4_bin DEFAULT '' COMMENT '参数键名',
  `config_value` varchar(500) COLLATE utf8mb4_bin DEFAULT '' COMMENT '参数键值',
  `config_type` char(1) COLLATE utf8mb4_bin DEFAULT 'N' COMMENT '系统内置（Y是 N否）',
  `create_by` varchar(64) COLLATE utf8mb4_bin DEFAULT '' COMMENT '创建者',
  `create_time` datetime DEFAULT NULL COMMENT '创建时间',
  `update_by` varchar(64) COLLATE utf8mb4_bin DEFAULT '' COMMENT '更新者',
  `update_time` datetime DEFAULT NULL COMMENT '更新时间',
  `remark` varchar(500) COLLATE utf8mb4_bin DEFAULT NULL COMMENT '备注',
  PRIMARY KEY (`config_id`)
) ENGINE=InnoDB AUTO_INCREMENT=12 DEFAULT CHARSET=utf8mb4 COLLATE=utf8mb4_bin COMMENT='参数配置表';

-- ----------------------------
-- Records of sys_config
-- ----------------------------
BEGIN;
INSERT INTO `sys_config` (`config_id`, `config_name`, `config_key`, `config_value`, `config_type`, `create_by`, `create_time`, `update_by`, `update_time`, `remark`) VALUES (1, '主框架页-默认皮肤样式名称', 'sys.index.skinName', 'skin-blue', 'Y', 'admin', '2024-04-04 21:38:21', '', NULL, '蓝色 skin-blue、绿色 skin-green、紫色 skin-purple、红色 skin-red、黄色 skin-yellow');
INSERT INTO `sys_config` (`config_id`, `config_name`, `config_key`, `config_value`, `config_type`, `create_by`, `create_time`, `update_by`, `update_time`, `remark`) VALUES (2, '用户管理-账号初始密码', 'sys.user.initPassword', '123456', 'Y', 'admin', '2024-04-04 21:38:21', '', NULL, '初始化密码 123456');
INSERT INTO `sys_config` (`config_id`, `config_name`, `config_key`, `config_value`, `config_type`, `create_by`, `create_time`, `update_by`, `update_time`, `remark`) VALUES (3, '主框架页-侧边栏主题', 'sys.index.sideTheme', 'theme-dark', 'Y', 'admin', '2024-04-04 21:38:21', '', NULL, '深黑主题theme-dark，浅色主题theme-light，深蓝主题theme-blue');
INSERT INTO `sys_config` (`config_id`, `config_name`, `config_key`, `config_value`, `config_type`, `create_by`, `create_time`, `update_by`, `update_time`, `remark`) VALUES (4, '账号自助-是否开启用户注册功能', 'sys.account.registerUser', 'false', 'Y', 'admin', '2024-04-04 21:38:21', '', NULL, '是否开启注册用户功能（true开启，false关闭）');
INSERT INTO `sys_config` (`config_id`, `config_name`, `config_key`, `config_value`, `config_type`, `create_by`, `create_time`, `update_by`, `update_time`, `remark`) VALUES (5, '用户管理-密码字符范围', 'sys.account.chrtype', '0', 'Y', 'admin', '2024-04-04 21:38:21', '', NULL, '默认任意字符范围，0任意（密码可以输入任意字符），1数字（密码只能为0-9数字），2英文字母（密码只能为a-z和A-Z字母），3字母和数字（密码必须包含字母，数字）,4字母数字和特殊字符（目前支持的特殊字符包括：~!@#$%^&*()-=_+）');
INSERT INTO `sys_config` (`config_id`, `config_name`, `config_key`, `config_value`, `config_type`, `create_by`, `create_time`, `update_by`, `update_time`, `remark`) VALUES (6, '用户管理-初始密码修改策略', 'sys.account.initPasswordModify', '1', 'Y', 'admin', '2024-04-04 21:38:21', '', NULL, '0：初始密码修改策略关闭，没有任何提示，1：提醒用户，如果未修改初始密码，则在登录时就会提醒修改密码对话框');
INSERT INTO `sys_config` (`config_id`, `config_name`, `config_key`, `config_value`, `config_type`, `create_by`, `create_time`, `update_by`, `update_time`, `remark`) VALUES (7, '用户管理-账号密码更新周期', 'sys.account.passwordValidateDays', '0', 'Y', 'admin', '2024-04-04 21:38:21', '', NULL, '密码更新周期（填写数字，数据初始化值为0不限制，若修改必须为大于0小于365的正整数），如果超过这个周期登录系统时，则在登录时就会提醒修改密码对话框');
INSERT INTO `sys_config` (`config_id`, `config_name`, `config_key`, `config_value`, `config_type`, `create_by`, `create_time`, `update_by`, `update_time`, `remark`) VALUES (8, '主框架页-菜单导航显示风格', 'sys.index.menuStyle', 'default', 'Y', 'admin', '2024-04-04 21:38:21', '', NULL, '菜单导航显示风格（default为左侧导航菜单，topnav为顶部导航菜单）');
INSERT INTO `sys_config` (`config_id`, `config_name`, `config_key`, `config_value`, `config_type`, `create_by`, `create_time`, `update_by`, `update_time`, `remark`) VALUES (9, '主框架页-是否开启页脚', 'sys.index.footer', 'true', 'Y', 'admin', '2024-04-04 21:38:21', '', NULL, '是否开启底部页脚显示（true显示，false隐藏）');
INSERT INTO `sys_config` (`config_id`, `config_name`, `config_key`, `config_value`, `config_type`, `create_by`, `create_time`, `update_by`, `update_time`, `remark`) VALUES (10, '主框架页-是否开启页签', 'sys.index.tagsView', 'true', 'Y', 'admin', '2024-04-04 21:38:21', '', NULL, '是否开启菜单多页签显示（true显示，false隐藏）');
INSERT INTO `sys_config` (`config_id`, `config_name`, `config_key`, `config_value`, `config_type`, `create_by`, `create_time`, `update_by`, `update_time`, `remark`) VALUES (11, '用户登录-黑名单列表', 'sys.login.blackIPList', '', 'Y', 'admin', '2024-04-04 21:38:21', '', NULL, '设置登录IP黑名单限制，多个匹配项以;分隔，支持匹配（*通配、网段）');
COMMIT;

-- ----------------------------
-- Table structure for sys_dept
-- ----------------------------
DROP TABLE IF EXISTS `sys_dept`;
CREATE TABLE `sys_dept` (
  `dept_id` bigint(20) NOT NULL AUTO_INCREMENT COMMENT '部门id',
  `parent_id` bigint(20) DEFAULT '0' COMMENT '父部门id',
  `ancestors` varchar(50) COLLATE utf8mb4_bin DEFAULT '' COMMENT '祖级列表',
  `dept_name` varchar(30) COLLATE utf8mb4_bin DEFAULT '' COMMENT '部门名称',
  `order_num` int(4) DEFAULT '0' COMMENT '显示顺序',
  `leader` varchar(20) COLLATE utf8mb4_bin DEFAULT NULL COMMENT '负责人',
  `phone` varchar(11) COLLATE utf8mb4_bin DEFAULT NULL COMMENT '联系电话',
  `email` varchar(50) COLLATE utf8mb4_bin DEFAULT NULL COMMENT '邮箱',
  `dept_type` char(1) COLLATE utf8mb4_bin DEFAULT '0' COMMENT '部门类型：0机关  1连队',
  `status` char(1) COLLATE utf8mb4_bin DEFAULT '0' COMMENT '部门状态（0正常 1停用）',
  `del_flag` char(1) COLLATE utf8mb4_bin DEFAULT '0' COMMENT '删除标志（0代表存在 2代表删除）',
  `create_by` varchar(64) COLLATE utf8mb4_bin DEFAULT '' COMMENT '创建者',
  `create_time` datetime DEFAULT NULL COMMENT '创建时间',
  `update_by` varchar(64) COLLATE utf8mb4_bin DEFAULT '' COMMENT '更新者',
  `update_time` datetime DEFAULT NULL COMMENT '更新时间',
  PRIMARY KEY (`dept_id`)
) ENGINE=InnoDB AUTO_INCREMENT=110 DEFAULT CHARSET=utf8mb4 COLLATE=utf8mb4_bin COMMENT='部门表';

-- ----------------------------
-- Records of sys_dept
-- ----------------------------
BEGIN;
INSERT INTO `sys_dept` (`dept_id`, `parent_id`, `ancestors`, `dept_name`, `order_num`, `leader`, `phone`, `email`, `dept_type`, `status`, `del_flag`, `create_by`, `create_time`, `update_by`, `update_time`) VALUES (100, 0, '0', '集团公司', 0, '若依', '15888888888', 'ry@qq.com', '0', '0', '0', 'admin', '2024-04-04 21:38:21', '', NULL);
INSERT INTO `sys_dept` (`dept_id`, `parent_id`, `ancestors`, `dept_name`, `order_num`, `leader`, `phone`, `email`, `dept_type`, `status`, `del_flag`, `create_by`, `create_time`, `update_by`, `update_time`) VALUES (101, 100, '0,100', '办公室', 1, '若依', '15888888888', 'ry@qq.com', '1', '0', '0', 'admin', '2024-04-04 21:38:21', 'admin', '2024-09-26 11:01:48');
INSERT INTO `sys_dept` (`dept_id`, `parent_id`, `ancestors`, `dept_name`, `order_num`, `leader`, `phone`, `email`, `dept_type`, `status`, `del_flag`, `create_by`, `create_time`, `update_by`, `update_time`) VALUES (102, 101, '0,100,101', '郡所AO1部', 1, '若依', '15888888888', 'ry@qq.com', '1', '0', '0', 'admin', '2024-04-04 21:38:21', 'admin', '2024-10-04 17:09:38');
INSERT INTO `sys_dept` (`dept_id`, `parent_id`, `ancestors`, `dept_name`, `order_num`, `leader`, `phone`, `email`, `dept_type`, `status`, `del_flag`, `create_by`, `create_time`, `update_by`, `update_time`) VALUES (103, 101, '0,100,101', '郡所AO2部', 1, '若依', '15888888888', 'ry@qq.com', '1', '0', '0', 'admin', '2024-04-04 21:38:21', 'admin', '2024-09-25 18:06:58');
INSERT INTO `sys_dept` (`dept_id`, `parent_id`, `ancestors`, `dept_name`, `order_num`, `leader`, `phone`, `email`, `dept_type`, `status`, `del_flag`, `create_by`, `create_time`, `update_by`, `update_time`) VALUES (104, 101, '0,100,101', '支队B01部', 2, '若依', '15888888888', 'ry@qq.com', '2', '0', '0', 'admin', '2024-04-04 21:38:21', 'admin', '2024-09-25 18:13:09');
INSERT INTO `sys_dept` (`dept_id`, `parent_id`, `ancestors`, `dept_name`, `order_num`, `leader`, `phone`, `email`, `dept_type`, `status`, `del_flag`, `create_by`, `create_time`, `update_by`, `update_time`) VALUES (105, 101, '0,100,101', '支队B02部', 3, '若依', '15888888888', 'ry@qq.com', '2', '0', '0', 'admin', '2024-04-04 21:38:21', 'admin', '2024-09-27 22:35:30');
INSERT INTO `sys_dept` (`dept_id`, `parent_id`, `ancestors`, `dept_name`, `order_num`, `leader`, `phone`, `email`, `dept_type`, `status`, `del_flag`, `create_by`, `create_time`, `update_by`, `update_time`) VALUES (106, 101, '0,100,101', '子部门01', 4, '若依', '15888888888', 'ry@qq.com', '2', '0', '0', 'admin', '2024-04-04 21:38:21', 'admin', '2024-10-04 17:08:56');
INSERT INTO `sys_dept` (`dept_id`, `parent_id`, `ancestors`, `dept_name`, `order_num`, `leader`, `phone`, `email`, `dept_type`, `status`, `del_flag`, `create_by`, `create_time`, `update_by`, `update_time`) VALUES (107, 101, '0,100,101', '子部门02', 5, '若依', '15888888888', 'ry@qq.com', '2', '0', '0', 'admin', '2024-04-04 21:38:21', 'admin', '2024-10-04 17:09:02');
INSERT INTO `sys_dept` (`dept_id`, `parent_id`, `ancestors`, `dept_name`, `order_num`, `leader`, `phone`, `email`, `dept_type`, `status`, `del_flag`, `create_by`, `create_time`, `update_by`, `update_time`) VALUES (108, 101, '0,100,101', '子部门03', 6, '若依', '15888888888', 'ry@qq.com', '2', '0', '0', 'admin', '2024-04-04 21:38:21', 'admin', '2024-10-04 17:09:09');
INSERT INTO `sys_dept` (`dept_id`, `parent_id`, `ancestors`, `dept_name`, `order_num`, `leader`, `phone`, `email`, `dept_type`, `status`, `del_flag`, `create_by`, `create_time`, `update_by`, `update_time`) VALUES (109, 101, '0,100,101', '子部门04', 7, '若依', '15888888888', 'ry@qq.com', '2', '0', '0', 'admin', '2024-04-04 21:38:21', 'admin', '2024-10-04 17:09:16');
COMMIT;

-- ----------------------------
-- Table structure for sys_dict_data
-- ----------------------------
DROP TABLE IF EXISTS `sys_dict_data`;
CREATE TABLE `sys_dict_data` (
  `dict_code` bigint(20) NOT NULL AUTO_INCREMENT COMMENT '字典编码',
  `dict_sort` int(4) DEFAULT '0' COMMENT '字典排序',
  `dict_label` varchar(100) COLLATE utf8mb4_bin DEFAULT '' COMMENT '字典标签',
  `dict_value` varchar(100) COLLATE utf8mb4_bin DEFAULT '' COMMENT '字典键值',
  `dict_type` varchar(100) COLLATE utf8mb4_bin DEFAULT '' COMMENT '字典类型',
  `css_class` varchar(100) COLLATE utf8mb4_bin DEFAULT NULL COMMENT '样式属性（其他样式扩展）',
  `list_class` varchar(100) COLLATE utf8mb4_bin DEFAULT NULL COMMENT '表格回显样式',
  `is_default` char(1) COLLATE utf8mb4_bin DEFAULT 'N' COMMENT '是否默认（Y是 N否）',
  `status` char(1) COLLATE utf8mb4_bin DEFAULT '0' COMMENT '状态（0正常 1停用）',
  `create_by` varchar(64) COLLATE utf8mb4_bin DEFAULT '' COMMENT '创建者',
  `create_time` datetime DEFAULT NULL COMMENT '创建时间',
  `update_by` varchar(64) COLLATE utf8mb4_bin DEFAULT '' COMMENT '更新者',
  `update_time` datetime DEFAULT NULL COMMENT '更新时间',
  `remark` varchar(500) COLLATE utf8mb4_bin DEFAULT NULL COMMENT '备注',
  PRIMARY KEY (`dict_code`)
) ENGINE=InnoDB AUTO_INCREMENT=64 DEFAULT CHARSET=utf8mb4 COLLATE=utf8mb4_bin COMMENT='字典数据表';

-- ----------------------------
-- Records of sys_dict_data
-- ----------------------------
BEGIN;
INSERT INTO `sys_dict_data` (`dict_code`, `dict_sort`, `dict_label`, `dict_value`, `dict_type`, `css_class`, `list_class`, `is_default`, `status`, `create_by`, `create_time`, `update_by`, `update_time`, `remark`) VALUES (1, 1, '男', '0', 'sys_user_sex', '', '', 'Y', '0', 'admin', '2024-04-04 21:38:21', '', NULL, '性别男');
INSERT INTO `sys_dict_data` (`dict_code`, `dict_sort`, `dict_label`, `dict_value`, `dict_type`, `css_class`, `list_class`, `is_default`, `status`, `create_by`, `create_time`, `update_by`, `update_time`, `remark`) VALUES (2, 2, '女', '1', 'sys_user_sex', '', '', 'N', '0', 'admin', '2024-04-04 21:38:21', '', NULL, '性别女');
INSERT INTO `sys_dict_data` (`dict_code`, `dict_sort`, `dict_label`, `dict_value`, `dict_type`, `css_class`, `list_class`, `is_default`, `status`, `create_by`, `create_time`, `update_by`, `update_time`, `remark`) VALUES (3, 3, '未知', '2', 'sys_user_sex', '', '', 'N', '0', 'admin', '2024-04-04 21:38:21', '', NULL, '性别未知');
INSERT INTO `sys_dict_data` (`dict_code`, `dict_sort`, `dict_label`, `dict_value`, `dict_type`, `css_class`, `list_class`, `is_default`, `status`, `create_by`, `create_time`, `update_by`, `update_time`, `remark`) VALUES (4, 1, '显示', '0', 'sys_show_hide', '', 'primary', 'Y', '0', 'admin', '2024-04-04 21:38:21', '', NULL, '显示菜单');
INSERT INTO `sys_dict_data` (`dict_code`, `dict_sort`, `dict_label`, `dict_value`, `dict_type`, `css_class`, `list_class`, `is_default`, `status`, `create_by`, `create_time`, `update_by`, `update_time`, `remark`) VALUES (5, 2, '隐藏', '1', 'sys_show_hide', '', 'danger', 'N', '0', 'admin', '2024-04-04 21:38:21', '', NULL, '隐藏菜单');
INSERT INTO `sys_dict_data` (`dict_code`, `dict_sort`, `dict_label`, `dict_value`, `dict_type`, `css_class`, `list_class`, `is_default`, `status`, `create_by`, `create_time`, `update_by`, `update_time`, `remark`) VALUES (6, 1, '正常', '0', 'sys_normal_disable', '', 'primary', 'Y', '0', 'admin', '2024-04-04 21:38:21', '', NULL, '正常状态');
INSERT INTO `sys_dict_data` (`dict_code`, `dict_sort`, `dict_label`, `dict_value`, `dict_type`, `css_class`, `list_class`, `is_default`, `status`, `create_by`, `create_time`, `update_by`, `update_time`, `remark`) VALUES (7, 2, '停用', '1', 'sys_normal_disable', '', 'danger', 'N', '0', 'admin', '2024-04-04 21:38:21', '', NULL, '停用状态');
INSERT INTO `sys_dict_data` (`dict_code`, `dict_sort`, `dict_label`, `dict_value`, `dict_type`, `css_class`, `list_class`, `is_default`, `status`, `create_by`, `create_time`, `update_by`, `update_time`, `remark`) VALUES (8, 1, '正常', '0', 'sys_job_status', '', 'primary', 'Y', '0', 'admin', '2024-04-04 21:38:21', '', NULL, '正常状态');
INSERT INTO `sys_dict_data` (`dict_code`, `dict_sort`, `dict_label`, `dict_value`, `dict_type`, `css_class`, `list_class`, `is_default`, `status`, `create_by`, `create_time`, `update_by`, `update_time`, `remark`) VALUES (9, 2, '暂停', '1', 'sys_job_status', '', 'danger', 'N', '0', 'admin', '2024-04-04 21:38:21', '', NULL, '停用状态');
INSERT INTO `sys_dict_data` (`dict_code`, `dict_sort`, `dict_label`, `dict_value`, `dict_type`, `css_class`, `list_class`, `is_default`, `status`, `create_by`, `create_time`, `update_by`, `update_time`, `remark`) VALUES (10, 1, '默认', 'DEFAULT', 'sys_job_group', '', '', 'Y', '0', 'admin', '2024-04-04 21:38:21', '', NULL, '默认分组');
INSERT INTO `sys_dict_data` (`dict_code`, `dict_sort`, `dict_label`, `dict_value`, `dict_type`, `css_class`, `list_class`, `is_default`, `status`, `create_by`, `create_time`, `update_by`, `update_time`, `remark`) VALUES (11, 2, '系统', 'SYSTEM', 'sys_job_group', '', '', 'N', '0', 'admin', '2024-04-04 21:38:21', '', NULL, '系统分组');
INSERT INTO `sys_dict_data` (`dict_code`, `dict_sort`, `dict_label`, `dict_value`, `dict_type`, `css_class`, `list_class`, `is_default`, `status`, `create_by`, `create_time`, `update_by`, `update_time`, `remark`) VALUES (12, 1, '是', 'Y', 'sys_yes_no', '', 'primary', 'Y', '0', 'admin', '2024-04-04 21:38:21', '', NULL, '系统默认是');
INSERT INTO `sys_dict_data` (`dict_code`, `dict_sort`, `dict_label`, `dict_value`, `dict_type`, `css_class`, `list_class`, `is_default`, `status`, `create_by`, `create_time`, `update_by`, `update_time`, `remark`) VALUES (13, 2, '否', 'N', 'sys_yes_no', '', 'danger', 'N', '0', 'admin', '2024-04-04 21:38:21', '', NULL, '系统默认否');
INSERT INTO `sys_dict_data` (`dict_code`, `dict_sort`, `dict_label`, `dict_value`, `dict_type`, `css_class`, `list_class`, `is_default`, `status`, `create_by`, `create_time`, `update_by`, `update_time`, `remark`) VALUES (14, 1, '通知', '1', 'sys_notice_type', '', 'warning', 'Y', '0', 'admin', '2024-04-04 21:38:21', '', NULL, '通知');
INSERT INTO `sys_dict_data` (`dict_code`, `dict_sort`, `dict_label`, `dict_value`, `dict_type`, `css_class`, `list_class`, `is_default`, `status`, `create_by`, `create_time`, `update_by`, `update_time`, `remark`) VALUES (15, 2, '公告', '2', 'sys_notice_type', '', 'success', 'N', '0', 'admin', '2024-04-04 21:38:21', '', NULL, '公告');
INSERT INTO `sys_dict_data` (`dict_code`, `dict_sort`, `dict_label`, `dict_value`, `dict_type`, `css_class`, `list_class`, `is_default`, `status`, `create_by`, `create_time`, `update_by`, `update_time`, `remark`) VALUES (16, 1, '正常', '0', 'sys_notice_status', '', 'primary', 'Y', '0', 'admin', '2024-04-04 21:38:21', '', NULL, '正常状态');
INSERT INTO `sys_dict_data` (`dict_code`, `dict_sort`, `dict_label`, `dict_value`, `dict_type`, `css_class`, `list_class`, `is_default`, `status`, `create_by`, `create_time`, `update_by`, `update_time`, `remark`) VALUES (17, 2, '关闭', '1', 'sys_notice_status', '', 'danger', 'N', '0', 'admin', '2024-04-04 21:38:21', '', NULL, '关闭状态');
INSERT INTO `sys_dict_data` (`dict_code`, `dict_sort`, `dict_label`, `dict_value`, `dict_type`, `css_class`, `list_class`, `is_default`, `status`, `create_by`, `create_time`, `update_by`, `update_time`, `remark`) VALUES (18, 99, '其他', '0', 'sys_oper_type', '', 'info', 'N', '0', 'admin', '2024-04-04 21:38:21', '', NULL, '其他操作');
INSERT INTO `sys_dict_data` (`dict_code`, `dict_sort`, `dict_label`, `dict_value`, `dict_type`, `css_class`, `list_class`, `is_default`, `status`, `create_by`, `create_time`, `update_by`, `update_time`, `remark`) VALUES (19, 1, '新增', '1', 'sys_oper_type', '', 'info', 'N', '0', 'admin', '2024-04-04 21:38:21', '', NULL, '新增操作');
INSERT INTO `sys_dict_data` (`dict_code`, `dict_sort`, `dict_label`, `dict_value`, `dict_type`, `css_class`, `list_class`, `is_default`, `status`, `create_by`, `create_time`, `update_by`, `update_time`, `remark`) VALUES (20, 2, '修改', '2', 'sys_oper_type', '', 'info', 'N', '0', 'admin', '2024-04-04 21:38:21', '', NULL, '修改操作');
INSERT INTO `sys_dict_data` (`dict_code`, `dict_sort`, `dict_label`, `dict_value`, `dict_type`, `css_class`, `list_class`, `is_default`, `status`, `create_by`, `create_time`, `update_by`, `update_time`, `remark`) VALUES (21, 3, '删除', '3', 'sys_oper_type', '', 'danger', 'N', '0', 'admin', '2024-04-04 21:38:21', '', NULL, '删除操作');
INSERT INTO `sys_dict_data` (`dict_code`, `dict_sort`, `dict_label`, `dict_value`, `dict_type`, `css_class`, `list_class`, `is_default`, `status`, `create_by`, `create_time`, `update_by`, `update_time`, `remark`) VALUES (22, 4, '授权', '4', 'sys_oper_type', '', 'primary', 'N', '0', 'admin', '2024-04-04 21:38:21', '', NULL, '授权操作');
INSERT INTO `sys_dict_data` (`dict_code`, `dict_sort`, `dict_label`, `dict_value`, `dict_type`, `css_class`, `list_class`, `is_default`, `status`, `create_by`, `create_time`, `update_by`, `update_time`, `remark`) VALUES (23, 5, '导出', '5', 'sys_oper_type', '', 'warning', 'N', '0', 'admin', '2024-04-04 21:38:21', '', NULL, '导出操作');
INSERT INTO `sys_dict_data` (`dict_code`, `dict_sort`, `dict_label`, `dict_value`, `dict_type`, `css_class`, `list_class`, `is_default`, `status`, `create_by`, `create_time`, `update_by`, `update_time`, `remark`) VALUES (24, 6, '导入', '6', 'sys_oper_type', '', 'warning', 'N', '0', 'admin', '2024-04-04 21:38:21', '', NULL, '导入操作');
INSERT INTO `sys_dict_data` (`dict_code`, `dict_sort`, `dict_label`, `dict_value`, `dict_type`, `css_class`, `list_class`, `is_default`, `status`, `create_by`, `create_time`, `update_by`, `update_time`, `remark`) VALUES (25, 7, '强退', '7', 'sys_oper_type', '', 'danger', 'N', '0', 'admin', '2024-04-04 21:38:21', '', NULL, '强退操作');
INSERT INTO `sys_dict_data` (`dict_code`, `dict_sort`, `dict_label`, `dict_value`, `dict_type`, `css_class`, `list_class`, `is_default`, `status`, `create_by`, `create_time`, `update_by`, `update_time`, `remark`) VALUES (26, 8, '生成代码', '8', 'sys_oper_type', '', 'warning', 'N', '0', 'admin', '2024-04-04 21:38:21', '', NULL, '生成操作');
INSERT INTO `sys_dict_data` (`dict_code`, `dict_sort`, `dict_label`, `dict_value`, `dict_type`, `css_class`, `list_class`, `is_default`, `status`, `create_by`, `create_time`, `update_by`, `update_time`, `remark`) VALUES (27, 9, '清空数据', '9', 'sys_oper_type', '', 'danger', 'N', '0', 'admin', '2024-04-04 21:38:21', '', NULL, '清空操作');
INSERT INTO `sys_dict_data` (`dict_code`, `dict_sort`, `dict_label`, `dict_value`, `dict_type`, `css_class`, `list_class`, `is_default`, `status`, `create_by`, `create_time`, `update_by`, `update_time`, `remark`) VALUES (28, 1, '成功', '0', 'sys_common_status', '', 'primary', 'N', '0', 'admin', '2024-04-04 21:38:21', '', NULL, '正常状态');
INSERT INTO `sys_dict_data` (`dict_code`, `dict_sort`, `dict_label`, `dict_value`, `dict_type`, `css_class`, `list_class`, `is_default`, `status`, `create_by`, `create_time`, `update_by`, `update_time`, `remark`) VALUES (29, 2, '失败', '1', 'sys_common_status', '', 'danger', 'N', '0', 'admin', '2024-04-04 21:38:21', '', NULL, '停用状态');
INSERT INTO `sys_dict_data` (`dict_code`, `dict_sort`, `dict_label`, `dict_value`, `dict_type`, `css_class`, `list_class`, `is_default`, `status`, `create_by`, `create_time`, `update_by`, `update_time`, `remark`) VALUES (30, 0, '文章', '0', 'sys_category_type', NULL, 'primary', 'Y', '0', 'admin', '2024-04-05 10:09:48', '', NULL, NULL);
INSERT INTO `sys_dict_data` (`dict_code`, `dict_sort`, `dict_label`, `dict_value`, `dict_type`, `css_class`, `list_class`, `is_default`, `status`, `create_by`, `create_time`, `update_by`, `update_time`, `remark`) VALUES (31, 1, '专题', '1', 'sys_category_type', '', 'warning', 'Y', '0', 'admin', '2024-04-05 10:10:13', 'admin', '2024-04-05 10:10:22', '');
INSERT INTO `sys_dict_data` (`dict_code`, `dict_sort`, `dict_label`, `dict_value`, `dict_type`, `css_class`, `list_class`, `is_default`, `status`, `create_by`, `create_time`, `update_by`, `update_time`, `remark`) VALUES (32, 1, '主导航', '0', 'sys_nav_type', '', 'primary', 'Y', '0', 'admin', '2024-04-05 12:01:24', 'admin', '2024-05-19 11:32:36', '');
INSERT INTO `sys_dict_data` (`dict_code`, `dict_sort`, `dict_label`, `dict_value`, `dict_type`, `css_class`, `list_class`, `is_default`, `status`, `create_by`, `create_time`, `update_by`, `update_time`, `remark`) VALUES (33, 1, '底部导航', '1', 'sys_nav_type', '', 'success', 'Y', '0', 'admin', '2024-04-05 12:02:30', 'admin', '2024-05-19 11:32:43', '');
INSERT INTO `sys_dict_data` (`dict_code`, `dict_sort`, `dict_label`, `dict_value`, `dict_type`, `css_class`, `list_class`, `is_default`, `status`, `create_by`, `create_time`, `update_by`, `update_time`, `remark`) VALUES (34, 2, '专题导航', '2', 'sys_nav_type', NULL, 'info', 'Y', '0', 'admin', '2024-04-05 12:02:58', '', NULL, NULL);
INSERT INTO `sys_dict_data` (`dict_code`, `dict_sort`, `dict_label`, `dict_value`, `dict_type`, `css_class`, `list_class`, `is_default`, `status`, `create_by`, `create_time`, `update_by`, `update_time`, `remark`) VALUES (35, 0, '文章', '0', 'sys_article_type', NULL, 'info', 'Y', '0', 'admin', '2024-04-05 15:00:00', '', NULL, NULL);
INSERT INTO `sys_dict_data` (`dict_code`, `dict_sort`, `dict_label`, `dict_value`, `dict_type`, `css_class`, `list_class`, `is_default`, `status`, `create_by`, `create_time`, `update_by`, `update_time`, `remark`) VALUES (36, 1, '单页', '1', 'sys_article_type', NULL, 'warning', 'Y', '0', 'admin', '2024-04-05 15:00:23', '', NULL, NULL);
INSERT INTO `sys_dict_data` (`dict_code`, `dict_sort`, `dict_label`, `dict_value`, `dict_type`, `css_class`, `list_class`, `is_default`, `status`, `create_by`, `create_time`, `update_by`, `update_time`, `remark`) VALUES (37, 0, '否', '0', 'sys_article_yes', '', 'warning', 'Y', '0', 'admin', '2024-04-05 23:07:43', 'admin', '2024-09-29 23:24:47', '');
INSERT INTO `sys_dict_data` (`dict_code`, `dict_sort`, `dict_label`, `dict_value`, `dict_type`, `css_class`, `list_class`, `is_default`, `status`, `create_by`, `create_time`, `update_by`, `update_time`, `remark`) VALUES (38, 1, '是', '1', 'sys_article_yes', '', 'info', 'Y', '0', 'admin', '2024-04-05 23:08:01', 'admin', '2024-05-12 13:59:30', '');
INSERT INTO `sys_dict_data` (`dict_code`, `dict_sort`, `dict_label`, `dict_value`, `dict_type`, `css_class`, `list_class`, `is_default`, `status`, `create_by`, `create_time`, `update_by`, `update_time`, `remark`) VALUES (39, 1, '导航下方', '1', 'sys_slide_type', '', '', 'Y', '0', 'admin', '2024-04-07 14:53:27', 'admin', '2024-04-07 14:54:02', '');
INSERT INTO `sys_dict_data` (`dict_code`, `dict_sort`, `dict_label`, `dict_value`, `dict_type`, `css_class`, `list_class`, `is_default`, `status`, `create_by`, `create_time`, `update_by`, `update_time`, `remark`) VALUES (40, 2, '新闻下方', '2', 'sys_slide_type', NULL, NULL, 'Y', '0', 'admin', '2024-04-07 14:53:56', '', NULL, NULL);
INSERT INTO `sys_dict_data` (`dict_code`, `dict_sort`, `dict_label`, `dict_value`, `dict_type`, `css_class`, `list_class`, `is_default`, `status`, `create_by`, `create_time`, `update_by`, `update_time`, `remark`) VALUES (41, 3, '风采上方', '3', 'sys_slide_type', NULL, NULL, 'Y', '0', 'admin', '2024-04-07 14:54:34', '', NULL, NULL);
INSERT INTO `sys_dict_data` (`dict_code`, `dict_sort`, `dict_label`, `dict_value`, `dict_type`, `css_class`, `list_class`, `is_default`, `status`, `create_by`, `create_time`, `update_by`, `update_time`, `remark`) VALUES (42, 0, '站内链接', '0', 'sys_links_type', NULL, NULL, 'Y', '0', 'admin', '2024-04-07 15:54:09', '', NULL, NULL);
INSERT INTO `sys_dict_data` (`dict_code`, `dict_sort`, `dict_label`, `dict_value`, `dict_type`, `css_class`, `list_class`, `is_default`, `status`, `create_by`, `create_time`, `update_by`, `update_time`, `remark`) VALUES (43, 1, '本省链接', '1', 'sys_links_type', NULL, NULL, 'Y', '0', 'admin', '2024-04-07 15:54:30', '', NULL, NULL);
INSERT INTO `sys_dict_data` (`dict_code`, `dict_sort`, `dict_label`, `dict_value`, `dict_type`, `css_class`, `list_class`, `is_default`, `status`, `create_by`, `create_time`, `update_by`, `update_time`, `remark`) VALUES (44, 2, '国内链接', '2', 'sys_links_type', '', '', 'Y', '0', 'admin', '2024-04-07 15:54:56', 'admin', '2024-04-07 15:55:27', '');
INSERT INTO `sys_dict_data` (`dict_code`, `dict_sort`, `dict_label`, `dict_value`, `dict_type`, `css_class`, `list_class`, `is_default`, `status`, `create_by`, `create_time`, `update_by`, `update_time`, `remark`) VALUES (45, 3, '行业链接', '3', 'sys_links_type', NULL, NULL, 'Y', '0', 'admin', '2024-04-07 15:55:40', '', NULL, NULL);
INSERT INTO `sys_dict_data` (`dict_code`, `dict_sort`, `dict_label`, `dict_value`, `dict_type`, `css_class`, `list_class`, `is_default`, `status`, `create_by`, `create_time`, `update_by`, `update_time`, `remark`) VALUES (46, 1, '首页展位', '1', 'sys_special_type', NULL, NULL, 'Y', '0', 'admin', '2024-04-07 17:55:39', '', NULL, NULL);
INSERT INTO `sys_dict_data` (`dict_code`, `dict_sort`, `dict_label`, `dict_value`, `dict_type`, `css_class`, `list_class`, `is_default`, `status`, `create_by`, `create_time`, `update_by`, `update_time`, `remark`) VALUES (47, 2, '二级展位', '2', 'sys_special_type', NULL, NULL, 'Y', '0', 'admin', '2024-04-07 17:55:55', '', NULL, NULL);
INSERT INTO `sys_dict_data` (`dict_code`, `dict_sort`, `dict_label`, `dict_value`, `dict_type`, `css_class`, `list_class`, `is_default`, `status`, `create_by`, `create_time`, `update_by`, `update_time`, `remark`) VALUES (48, 0, '待审核', '0', 'sys_check_status', NULL, 'warning', 'Y', '0', 'admin', '2024-05-12 13:20:54', '', NULL, NULL);
INSERT INTO `sys_dict_data` (`dict_code`, `dict_sort`, `dict_label`, `dict_value`, `dict_type`, `css_class`, `list_class`, `is_default`, `status`, `create_by`, `create_time`, `update_by`, `update_time`, `remark`) VALUES (49, 1, '通过', '1', 'sys_check_status', '', 'info', 'Y', '0', 'admin', '2024-05-12 13:21:22', 'admin', '2024-05-12 13:21:59', '');
INSERT INTO `sys_dict_data` (`dict_code`, `dict_sort`, `dict_label`, `dict_value`, `dict_type`, `css_class`, `list_class`, `is_default`, `status`, `create_by`, `create_time`, `update_by`, `update_time`, `remark`) VALUES (50, 2, '退回', '2', 'sys_check_status', '', 'danger', 'Y', '0', 'admin', '2024-05-12 13:21:44', 'admin', '2024-05-12 13:21:51', '');
INSERT INTO `sys_dict_data` (`dict_code`, `dict_sort`, `dict_label`, `dict_value`, `dict_type`, `css_class`, `list_class`, `is_default`, `status`, `create_by`, `create_time`, `update_by`, `update_time`, `remark`) VALUES (51, 0, '不发布', '0', 'sys_article_show', '', 'danger', 'Y', '0', 'admin', '2024-05-12 16:10:55', 'admin', '2024-09-16 18:35:58', '');
INSERT INTO `sys_dict_data` (`dict_code`, `dict_sort`, `dict_label`, `dict_value`, `dict_type`, `css_class`, `list_class`, `is_default`, `status`, `create_by`, `create_time`, `update_by`, `update_time`, `remark`) VALUES (52, 1, '发布', '1', 'sys_article_show', '', 'info', 'Y', '0', 'admin', '2024-05-12 16:11:15', 'admin', '2024-09-16 18:35:48', '');
INSERT INTO `sys_dict_data` (`dict_code`, `dict_sort`, `dict_label`, `dict_value`, `dict_type`, `css_class`, `list_class`, `is_default`, `status`, `create_by`, `create_time`, `update_by`, `update_time`, `remark`) VALUES (53, 2, '专题', '2', 'sys_article_type', '', 'success', 'Y', '0', 'admin', '2024-05-19 11:11:51', 'admin', '2024-05-19 11:13:26', '');
INSERT INTO `sys_dict_data` (`dict_code`, `dict_sort`, `dict_label`, `dict_value`, `dict_type`, `css_class`, `list_class`, `is_default`, `status`, `create_by`, `create_time`, `update_by`, `update_time`, `remark`) VALUES (54, 3, '外链', '3', 'sys_article_type', NULL, 'danger', 'Y', '0', 'admin', '2024-05-19 11:13:43', '', NULL, NULL);
INSERT INTO `sys_dict_data` (`dict_code`, `dict_sort`, `dict_label`, `dict_value`, `dict_type`, `css_class`, `list_class`, `is_default`, `status`, `create_by`, `create_time`, `update_by`, `update_time`, `remark`) VALUES (55, 0, '总部', '0', 'sys_dept_type', NULL, 'primary', 'Y', '0', 'admin', '2024-09-25 17:16:53', '', NULL, NULL);
INSERT INTO `sys_dict_data` (`dict_code`, `dict_sort`, `dict_label`, `dict_value`, `dict_type`, `css_class`, `list_class`, `is_default`, `status`, `create_by`, `create_time`, `update_by`, `update_time`, `remark`) VALUES (56, 1, '机关', '1', 'sys_dept_type', NULL, 'success', 'Y', '0', 'admin', '2024-09-25 17:17:17', '', NULL, NULL);
INSERT INTO `sys_dict_data` (`dict_code`, `dict_sort`, `dict_label`, `dict_value`, `dict_type`, `css_class`, `list_class`, `is_default`, `status`, `create_by`, `create_time`, `update_by`, `update_time`, `remark`) VALUES (57, 2, '连队', '2', 'sys_dept_type', NULL, 'warning', 'Y', '0', 'admin', '2024-09-25 17:17:38', '', NULL, NULL);
INSERT INTO `sys_dict_data` (`dict_code`, `dict_sort`, `dict_label`, `dict_value`, `dict_type`, `css_class`, `list_class`, `is_default`, `status`, `create_by`, `create_time`, `update_by`, `update_time`, `remark`) VALUES (58, 0, '首长信息', '0', 'sys_mailbox_type', '', 'warning', 'Y', '0', 'admin', '2024-09-29 10:55:10', 'admin', '2024-09-29 11:34:15', '');
INSERT INTO `sys_dict_data` (`dict_code`, `dict_sort`, `dict_label`, `dict_value`, `dict_type`, `css_class`, `list_class`, `is_default`, `status`, `create_by`, `create_time`, `update_by`, `update_time`, `remark`) VALUES (59, 1, '团长信箱', '1', 'sys_mailbox_type', '', 'primary', 'Y', '0', 'admin', '2024-09-29 10:55:38', 'admin', '2024-09-29 11:34:51', '');
INSERT INTO `sys_dict_data` (`dict_code`, `dict_sort`, `dict_label`, `dict_value`, `dict_type`, `css_class`, `list_class`, `is_default`, `status`, `create_by`, `create_time`, `update_by`, `update_time`, `remark`) VALUES (60, 2, '师长信箱', '2', 'sys_mailbox_type', '', 'success', 'Y', '0', 'admin', '2024-09-29 10:56:20', 'admin', '2024-09-29 11:35:08', '');
INSERT INTO `sys_dict_data` (`dict_code`, `dict_sort`, `dict_label`, `dict_value`, `dict_type`, `css_class`, `list_class`, `is_default`, `status`, `create_by`, `create_time`, `update_by`, `update_time`, `remark`) VALUES (61, 0, '待办理', '0', 'sys_mailbox_status', '', 'warning', 'Y', '0', 'admin', '2024-09-29 11:20:01', 'admin', '2024-09-29 11:20:20', '');
INSERT INTO `sys_dict_data` (`dict_code`, `dict_sort`, `dict_label`, `dict_value`, `dict_type`, `css_class`, `list_class`, `is_default`, `status`, `create_by`, `create_time`, `update_by`, `update_time`, `remark`) VALUES (62, 1, '办理中', '1', 'sys_mailbox_status', NULL, 'success', 'Y', '0', 'admin', '2024-09-29 11:35:47', '', NULL, NULL);
INSERT INTO `sys_dict_data` (`dict_code`, `dict_sort`, `dict_label`, `dict_value`, `dict_type`, `css_class`, `list_class`, `is_default`, `status`, `create_by`, `create_time`, `update_by`, `update_time`, `remark`) VALUES (63, 2, '已完结', '2', 'sys_mailbox_status', '', 'primary', 'Y', '0', 'admin', '2024-09-29 11:36:13', 'admin', '2024-09-29 11:36:19', '');
COMMIT;

-- ----------------------------
-- Table structure for sys_dict_type
-- ----------------------------
DROP TABLE IF EXISTS `sys_dict_type`;
CREATE TABLE `sys_dict_type` (
  `dict_id` bigint(20) NOT NULL AUTO_INCREMENT COMMENT '字典主键',
  `dict_name` varchar(100) COLLATE utf8mb4_bin DEFAULT '' COMMENT '字典名称',
  `dict_type` varchar(100) COLLATE utf8mb4_bin DEFAULT '' COMMENT '字典类型',
  `status` char(1) COLLATE utf8mb4_bin DEFAULT '0' COMMENT '状态（0正常 1停用）',
  `create_by` varchar(64) COLLATE utf8mb4_bin DEFAULT '' COMMENT '创建者',
  `create_time` datetime DEFAULT NULL COMMENT '创建时间',
  `update_by` varchar(64) COLLATE utf8mb4_bin DEFAULT '' COMMENT '更新者',
  `update_time` datetime DEFAULT NULL COMMENT '更新时间',
  `remark` varchar(500) COLLATE utf8mb4_bin DEFAULT NULL COMMENT '备注',
  PRIMARY KEY (`dict_id`),
  UNIQUE KEY `dict_type` (`dict_type`)
) ENGINE=InnoDB AUTO_INCREMENT=23 DEFAULT CHARSET=utf8mb4 COLLATE=utf8mb4_bin COMMENT='字典类型表';

-- ----------------------------
-- Records of sys_dict_type
-- ----------------------------
BEGIN;
INSERT INTO `sys_dict_type` (`dict_id`, `dict_name`, `dict_type`, `status`, `create_by`, `create_time`, `update_by`, `update_time`, `remark`) VALUES (1, '用户性别', 'sys_user_sex', '0', 'admin', '2024-04-04 21:38:21', '', NULL, '用户性别列表');
INSERT INTO `sys_dict_type` (`dict_id`, `dict_name`, `dict_type`, `status`, `create_by`, `create_time`, `update_by`, `update_time`, `remark`) VALUES (2, '菜单状态', 'sys_show_hide', '0', 'admin', '2024-04-04 21:38:21', '', NULL, '菜单状态列表');
INSERT INTO `sys_dict_type` (`dict_id`, `dict_name`, `dict_type`, `status`, `create_by`, `create_time`, `update_by`, `update_time`, `remark`) VALUES (3, '系统开关', 'sys_normal_disable', '0', 'admin', '2024-04-04 21:38:21', '', NULL, '系统开关列表');
INSERT INTO `sys_dict_type` (`dict_id`, `dict_name`, `dict_type`, `status`, `create_by`, `create_time`, `update_by`, `update_time`, `remark`) VALUES (4, '任务状态', 'sys_job_status', '0', 'admin', '2024-04-04 21:38:21', '', NULL, '任务状态列表');
INSERT INTO `sys_dict_type` (`dict_id`, `dict_name`, `dict_type`, `status`, `create_by`, `create_time`, `update_by`, `update_time`, `remark`) VALUES (5, '任务分组', 'sys_job_group', '0', 'admin', '2024-04-04 21:38:21', '', NULL, '任务分组列表');
INSERT INTO `sys_dict_type` (`dict_id`, `dict_name`, `dict_type`, `status`, `create_by`, `create_time`, `update_by`, `update_time`, `remark`) VALUES (6, '系统是否', 'sys_yes_no', '0', 'admin', '2024-04-04 21:38:21', '', NULL, '系统是否列表');
INSERT INTO `sys_dict_type` (`dict_id`, `dict_name`, `dict_type`, `status`, `create_by`, `create_time`, `update_by`, `update_time`, `remark`) VALUES (7, '通知类型', 'sys_notice_type', '0', 'admin', '2024-04-04 21:38:21', '', NULL, '通知类型列表');
INSERT INTO `sys_dict_type` (`dict_id`, `dict_name`, `dict_type`, `status`, `create_by`, `create_time`, `update_by`, `update_time`, `remark`) VALUES (8, '通知状态', 'sys_notice_status', '0', 'admin', '2024-04-04 21:38:21', '', NULL, '通知状态列表');
INSERT INTO `sys_dict_type` (`dict_id`, `dict_name`, `dict_type`, `status`, `create_by`, `create_time`, `update_by`, `update_time`, `remark`) VALUES (9, '操作类型', 'sys_oper_type', '0', 'admin', '2024-04-04 21:38:21', '', NULL, '操作类型列表');
INSERT INTO `sys_dict_type` (`dict_id`, `dict_name`, `dict_type`, `status`, `create_by`, `create_time`, `update_by`, `update_time`, `remark`) VALUES (10, '系统状态', 'sys_common_status', '0', 'admin', '2024-04-04 21:38:21', '', NULL, '登录状态列表');
INSERT INTO `sys_dict_type` (`dict_id`, `dict_name`, `dict_type`, `status`, `create_by`, `create_time`, `update_by`, `update_time`, `remark`) VALUES (11, '栏目类型', 'sys_category_type', '0', 'admin', '2024-04-05 10:09:07', 'admin', '2024-09-14 20:59:20', '栏目的类型');
INSERT INTO `sys_dict_type` (`dict_id`, `dict_name`, `dict_type`, `status`, `create_by`, `create_time`, `update_by`, `update_time`, `remark`) VALUES (12, '导航类型', 'sys_nav_type', '0', 'admin', '2024-04-05 12:00:50', '', NULL, NULL);
INSERT INTO `sys_dict_type` (`dict_id`, `dict_name`, `dict_type`, `status`, `create_by`, `create_time`, `update_by`, `update_time`, `remark`) VALUES (13, '文章类型', 'sys_article_type', '0', 'admin', '2024-04-05 14:59:34', '', NULL, '0文章 1单页');
INSERT INTO `sys_dict_type` (`dict_id`, `dict_name`, `dict_type`, `status`, `create_by`, `create_time`, `update_by`, `update_time`, `remark`) VALUES (14, '审核状态', 'sys_check_status', '0', 'admin', '2024-04-05 15:03:27', '', NULL, '0待审核 1审核通过');
INSERT INTO `sys_dict_type` (`dict_id`, `dict_name`, `dict_type`, `status`, `create_by`, `create_time`, `update_by`, `update_time`, `remark`) VALUES (15, '文章是否', 'sys_article_yes', '0', 'admin', '2024-04-05 23:06:55', '', NULL, NULL);
INSERT INTO `sys_dict_type` (`dict_id`, `dict_name`, `dict_type`, `status`, `create_by`, `create_time`, `update_by`, `update_time`, `remark`) VALUES (16, '幻灯设置', 'sys_slide_type', '0', 'admin', '2024-04-07 14:52:37', '', NULL, '幻灯轮播图的设置类型');
INSERT INTO `sys_dict_type` (`dict_id`, `dict_name`, `dict_type`, `status`, `create_by`, `create_time`, `update_by`, `update_time`, `remark`) VALUES (17, '友链类型', 'sys_links_type', '0', 'admin', '2024-04-07 15:53:39', '', NULL, NULL);
INSERT INTO `sys_dict_type` (`dict_id`, `dict_name`, `dict_type`, `status`, `create_by`, `create_time`, `update_by`, `update_time`, `remark`) VALUES (18, '专题类型', 'sys_special_type', '0', 'admin', '2024-04-07 17:54:58', '', NULL, NULL);
INSERT INTO `sys_dict_type` (`dict_id`, `dict_name`, `dict_type`, `status`, `create_by`, `create_time`, `update_by`, `update_time`, `remark`) VALUES (19, '发布状态', 'sys_article_show', '0', 'admin', '2024-05-12 16:10:26', '', NULL, '0未发布；1已发布');
INSERT INTO `sys_dict_type` (`dict_id`, `dict_name`, `dict_type`, `status`, `create_by`, `create_time`, `update_by`, `update_time`, `remark`) VALUES (20, '部门类型', 'sys_dept_type', '0', 'admin', '2024-09-25 17:16:19', '', NULL, '0总部,1 机关,2 连队');
INSERT INTO `sys_dict_type` (`dict_id`, `dict_name`, `dict_type`, `status`, `create_by`, `create_time`, `update_by`, `update_time`, `remark`) VALUES (21, '信箱状态', 'sys_mailbox_status', '0', 'admin', '2024-09-29 10:52:34', 'admin', '2024-09-29 11:13:18', '');
INSERT INTO `sys_dict_type` (`dict_id`, `dict_name`, `dict_type`, `status`, `create_by`, `create_time`, `update_by`, `update_time`, `remark`) VALUES (22, '信箱类型', 'sys_mailbox_type', '0', 'admin', '2024-09-29 11:24:30', '', NULL, NULL);
COMMIT;

-- ----------------------------
-- Table structure for sys_job
-- ----------------------------
DROP TABLE IF EXISTS `sys_job`;
CREATE TABLE `sys_job` (
  `job_id` bigint(20) NOT NULL AUTO_INCREMENT COMMENT '任务ID',
  `job_name` varchar(64) COLLATE utf8mb4_bin NOT NULL DEFAULT '' COMMENT '任务名称',
  `job_group` varchar(64) COLLATE utf8mb4_bin NOT NULL DEFAULT 'DEFAULT' COMMENT '任务组名',
  `invoke_target` varchar(500) COLLATE utf8mb4_bin NOT NULL COMMENT '调用目标字符串',
  `cron_expression` varchar(255) COLLATE utf8mb4_bin DEFAULT '' COMMENT 'cron执行表达式',
  `misfire_policy` varchar(20) COLLATE utf8mb4_bin DEFAULT '3' COMMENT '计划执行错误策略（1立即执行 2执行一次 3放弃执行）',
  `concurrent` char(1) COLLATE utf8mb4_bin DEFAULT '1' COMMENT '是否并发执行（0允许 1禁止）',
  `status` char(1) COLLATE utf8mb4_bin DEFAULT '0' COMMENT '状态（0正常 1暂停）',
  `create_by` varchar(64) COLLATE utf8mb4_bin DEFAULT '' COMMENT '创建者',
  `create_time` datetime DEFAULT NULL COMMENT '创建时间',
  `update_by` varchar(64) COLLATE utf8mb4_bin DEFAULT '' COMMENT '更新者',
  `update_time` datetime DEFAULT NULL COMMENT '更新时间',
  `remark` varchar(500) COLLATE utf8mb4_bin DEFAULT '' COMMENT '备注信息',
  PRIMARY KEY (`job_id`,`job_name`,`job_group`)
) ENGINE=InnoDB AUTO_INCREMENT=4 DEFAULT CHARSET=utf8mb4 COLLATE=utf8mb4_bin COMMENT='定时任务调度表';

-- ----------------------------
-- Records of sys_job
-- ----------------------------
BEGIN;
INSERT INTO `sys_job` (`job_id`, `job_name`, `job_group`, `invoke_target`, `cron_expression`, `misfire_policy`, `concurrent`, `status`, `create_by`, `create_time`, `update_by`, `update_time`, `remark`) VALUES (1, '系统默认（无参）', 'DEFAULT', 'ryTask.ryNoParams', '0/10 * * * * ?', '3', '1', '1', 'admin', '2024-04-04 21:38:21', '', NULL, '');
INSERT INTO `sys_job` (`job_id`, `job_name`, `job_group`, `invoke_target`, `cron_expression`, `misfire_policy`, `concurrent`, `status`, `create_by`, `create_time`, `update_by`, `update_time`, `remark`) VALUES (2, '系统默认（有参）', 'DEFAULT', 'ryTask.ryParams(\'ry\')', '0/15 * * * * ?', '3', '1', '1', 'admin', '2024-04-04 21:38:21', '', NULL, '');
INSERT INTO `sys_job` (`job_id`, `job_name`, `job_group`, `invoke_target`, `cron_expression`, `misfire_policy`, `concurrent`, `status`, `create_by`, `create_time`, `update_by`, `update_time`, `remark`) VALUES (3, '系统默认（多参）', 'DEFAULT', 'ryTask.ryMultipleParams(\'ry\', true, 2000L, 316.50D, 100)', '0/20 * * * * ?', '3', '1', '1', 'admin', '2024-04-04 21:38:21', '', NULL, '');
COMMIT;

-- ----------------------------
-- Table structure for sys_job_log
-- ----------------------------
DROP TABLE IF EXISTS `sys_job_log`;
CREATE TABLE `sys_job_log` (
  `job_log_id` bigint(20) NOT NULL AUTO_INCREMENT COMMENT '任务日志ID',
  `job_name` varchar(64) COLLATE utf8mb4_bin NOT NULL COMMENT '任务名称',
  `job_group` varchar(64) COLLATE utf8mb4_bin NOT NULL COMMENT '任务组名',
  `invoke_target` varchar(500) COLLATE utf8mb4_bin NOT NULL COMMENT '调用目标字符串',
  `job_message` varchar(500) COLLATE utf8mb4_bin DEFAULT NULL COMMENT '日志信息',
  `status` char(1) COLLATE utf8mb4_bin DEFAULT '0' COMMENT '执行状态（0正常 1失败）',
  `exception_info` varchar(2000) COLLATE utf8mb4_bin DEFAULT '' COMMENT '异常信息',
  `create_time` datetime DEFAULT NULL COMMENT '创建时间',
  PRIMARY KEY (`job_log_id`)
) ENGINE=InnoDB DEFAULT CHARSET=utf8mb4 COLLATE=utf8mb4_bin COMMENT='定时任务调度日志表';

-- ----------------------------
-- Records of sys_job_log
-- ----------------------------
BEGIN;
COMMIT;

-- ----------------------------
-- Table structure for sys_logininfor
-- ----------------------------
DROP TABLE IF EXISTS `sys_logininfor`;
CREATE TABLE `sys_logininfor` (
  `info_id` bigint(20) NOT NULL AUTO_INCREMENT COMMENT '访问ID',
  `login_name` varchar(50) COLLATE utf8mb4_bin DEFAULT '' COMMENT '登录账号',
  `ipaddr` varchar(128) COLLATE utf8mb4_bin DEFAULT '' COMMENT '登录IP地址',
  `login_location` varchar(255) COLLATE utf8mb4_bin DEFAULT '' COMMENT '登录地点',
  `browser` varchar(50) COLLATE utf8mb4_bin DEFAULT '' COMMENT '浏览器类型',
  `os` varchar(50) COLLATE utf8mb4_bin DEFAULT '' COMMENT '操作系统',
  `status` char(1) COLLATE utf8mb4_bin DEFAULT '0' COMMENT '登录状态（0成功 1失败）',
  `msg` varchar(255) COLLATE utf8mb4_bin DEFAULT '' COMMENT '提示消息',
  `login_time` datetime DEFAULT NULL COMMENT '访问时间',
  PRIMARY KEY (`info_id`),
  KEY `idx_sys_logininfor_s` (`status`),
  KEY `idx_sys_logininfor_lt` (`login_time`)
) ENGINE=InnoDB AUTO_INCREMENT=47 DEFAULT CHARSET=utf8mb4 COLLATE=utf8mb4_bin COMMENT='系统访问记录';

-- ----------------------------
-- Records of sys_logininfor
-- ----------------------------
BEGIN;
INSERT INTO `sys_logininfor` (`info_id`, `login_name`, `ipaddr`, `login_location`, `browser`, `os`, `status`, `msg`, `login_time`) VALUES (1, 'admin', '5.34.216.90', 'XX XX', 'Chrome 12', 'Windows 10', '0', '登录成功', '2024-10-06 20:40:28');
INSERT INTO `sys_logininfor` (`info_id`, `login_name`, `ipaddr`, `login_location`, `browser`, `os`, `status`, `msg`, `login_time`) VALUES (2, 'admin', '124.152.1.106', 'XX XX', 'Chrome 12', 'Mac OS X', '0', '登录成功', '2024-10-07 10:56:51');
INSERT INTO `sys_logininfor` (`info_id`, `login_name`, `ipaddr`, `login_location`, `browser`, `os`, `status`, `msg`, `login_time`) VALUES (3, 'admin', '124.152.1.106', 'XX XX', 'Chrome 12', 'Mac OS X', '0', '退出成功', '2024-10-07 11:01:07');
INSERT INTO `sys_logininfor` (`info_id`, `login_name`, `ipaddr`, `login_location`, `browser`, `os`, `status`, `msg`, `login_time`) VALUES (4, 'admin', '222.78.192.78', 'XX XX', 'Chrome 8', 'Windows 10', '1', '验证码错误', '2024-10-08 13:11:22');
INSERT INTO `sys_logininfor` (`info_id`, `login_name`, `ipaddr`, `login_location`, `browser`, `os`, `status`, `msg`, `login_time`) VALUES (5, 'admin', '222.78.192.78', 'XX XX', 'Chrome 8', 'Windows 10', '0', '登录成功', '2024-10-08 13:11:26');
INSERT INTO `sys_logininfor` (`info_id`, `login_name`, `ipaddr`, `login_location`, `browser`, `os`, `status`, `msg`, `login_time`) VALUES (6, 'admin', '45.9.2.208', 'XX XX', 'Chrome 12', 'Windows 10', '0', '登录成功', '2024-10-08 17:51:46');
INSERT INTO `sys_logininfor` (`info_id`, `login_name`, `ipaddr`, `login_location`, `browser`, `os`, `status`, `msg`, `login_time`) VALUES (7, 'admin', '117.179.214.237', 'XX XX', 'Chrome 12', 'Windows 8', '0', '登录成功', '2024-10-08 20:52:18');
INSERT INTO `sys_logininfor` (`info_id`, `login_name`, `ipaddr`, `login_location`, `browser`, `os`, `status`, `msg`, `login_time`) VALUES (8, 'admin', '116.177.27.41', 'XX XX', 'Chrome Mobile', 'Android 1.x', '0', '登录成功', '2024-10-08 21:03:10');
INSERT INTO `sys_logininfor` (`info_id`, `login_name`, `ipaddr`, `login_location`, `browser`, `os`, `status`, `msg`, `login_time`) VALUES (9, 'admin', '205.198.122.55', 'XX XX', 'Chrome 12', 'Windows 10', '0', '登录成功', '2024-10-09 12:48:52');
INSERT INTO `sys_logininfor` (`info_id`, `login_name`, `ipaddr`, `login_location`, `browser`, `os`, `status`, `msg`, `login_time`) VALUES (10, 'admin', '222.128.67.78', 'XX XX', 'Chrome 12', 'Windows 10', '1', '验证码错误', '2024-10-09 14:15:48');
INSERT INTO `sys_logininfor` (`info_id`, `login_name`, `ipaddr`, `login_location`, `browser`, `os`, `status`, `msg`, `login_time`) VALUES (11, 'admin', '222.128.67.78', 'XX XX', 'Chrome 12', 'Windows 10', '0', '登录成功', '2024-10-09 14:15:51');
INSERT INTO `sys_logininfor` (`info_id`, `login_name`, `ipaddr`, `login_location`, `browser`, `os`, `status`, `msg`, `login_time`) VALUES (12, 'admin', '124.152.1.110', 'XX XX', 'Chrome 12', 'Mac OS X', '0', '登录成功', '2024-10-09 18:52:25');
INSERT INTO `sys_logininfor` (`info_id`, `login_name`, `ipaddr`, `login_location`, `browser`, `os`, `status`, `msg`, `login_time`) VALUES (13, 'admin', '124.152.1.94', 'XX XX', 'Chrome 12', 'Mac OS X', '0', '登录成功', '2024-10-10 15:58:58');
INSERT INTO `sys_logininfor` (`info_id`, `login_name`, `ipaddr`, `login_location`, `browser`, `os`, `status`, `msg`, `login_time`) VALUES (14, 'ry', '118.122.117.188', 'XX XX', 'Chrome 12', 'Windows 10', '0', '登录成功', '2024-10-10 17:06:03');
INSERT INTO `sys_logininfor` (`info_id`, `login_name`, `ipaddr`, `login_location`, `browser`, `os`, `status`, `msg`, `login_time`) VALUES (15, 'admin', '124.152.1.94', 'XX XX', 'Chrome 12', 'Mac OS X', '0', '登录成功', '2024-10-10 18:13:24');
INSERT INTO `sys_logininfor` (`info_id`, `login_name`, `ipaddr`, `login_location`, `browser`, `os`, `status`, `msg`, `login_time`) VALUES (16, 'admin', '127.0.0.1', '内网IP', 'Chrome 12', 'Mac OS X', '0', '登录成功', '2024-10-10 19:47:58');
INSERT INTO `sys_logininfor` (`info_id`, `login_name`, `ipaddr`, `login_location`, `browser`, `os`, `status`, `msg`, `login_time`) VALUES (23, 'admin', '112.94.174.146', '广东省 广州市', 'Chrome 12', 'Windows 10', '0', '登录成功', '2024-10-10 23:28:05');
INSERT INTO `sys_logininfor` (`info_id`, `login_name`, `ipaddr`, `login_location`, `browser`, `os`, `status`, `msg`, `login_time`) VALUES (24, 'ry', '212.107.31.94', '香港 ', 'Chrome 12', 'Windows 10', '0', '登录成功', '2024-10-11 00:48:55');
INSERT INTO `sys_logininfor` (`info_id`, `login_name`, `ipaddr`, `login_location`, `browser`, `os`, `status`, `msg`, `login_time`) VALUES (25, 'ry', '212.107.31.94', '香港 ', 'Chrome 12', 'Windows 10', '0', '退出成功', '2024-10-11 00:50:11');
INSERT INTO `sys_logininfor` (`info_id`, `login_name`, `ipaddr`, `login_location`, `browser`, `os`, `status`, `msg`, `login_time`) VALUES (26, 'admin', '124.152.1.94', '甘肃省 兰州市', 'Chrome 12', 'Mac OS X', '0', '登录成功', '2024-10-11 08:19:49');
INSERT INTO `sys_logininfor` (`info_id`, `login_name`, `ipaddr`, `login_location`, `browser`, `os`, `status`, `msg`, `login_time`) VALUES (37, 'ry', '124.128.194.90', '山东省 济南市', 'Chrome 9', 'Windows 10', '0', '登录成功', '2024-10-11 09:56:10');
INSERT INTO `sys_logininfor` (`info_id`, `login_name`, `ipaddr`, `login_location`, `browser`, `os`, `status`, `msg`, `login_time`) VALUES (38, 'ry', '1.64.228.150', '香港 ', 'Chrome 12', 'Linux', '0', '登录成功', '2024-10-11 10:00:09');
INSERT INTO `sys_logininfor` (`info_id`, `login_name`, `ipaddr`, `login_location`, `browser`, `os`, `status`, `msg`, `login_time`) VALUES (39, 'ry', '124.152.1.94', '甘肃省 兰州市', 'Chrome 12', 'Mac OS X', '0', '登录成功', '2024-10-11 10:16:03');
INSERT INTO `sys_logininfor` (`info_id`, `login_name`, `ipaddr`, `login_location`, `browser`, `os`, `status`, `msg`, `login_time`) VALUES (40, 'ry', '124.152.1.94', '甘肃省 兰州市', 'Chrome 12', 'Mac OS X', '0', '退出成功', '2024-10-11 10:16:49');
INSERT INTO `sys_logininfor` (`info_id`, `login_name`, `ipaddr`, `login_location`, `browser`, `os`, `status`, `msg`, `login_time`) VALUES (41, 'ry', '45.38.166.130', ' ', 'Chrome 12', 'Mac OS X', '0', '登录成功', '2024-10-11 10:19:55');
INSERT INTO `sys_logininfor` (`info_id`, `login_name`, `ipaddr`, `login_location`, `browser`, `os`, `status`, `msg`, `login_time`) VALUES (42, 'admin', '124.152.1.94', '甘肃省 兰州市', 'Chrome 12', 'Mac OS X', '0', '登录成功', '2024-10-11 10:21:22');
INSERT INTO `sys_logininfor` (`info_id`, `login_name`, `ipaddr`, `login_location`, `browser`, `os`, `status`, `msg`, `login_time`) VALUES (43, 'admin', '124.152.1.94', 'XX XX', 'Chrome 12', 'Mac OS X', '0', '登录成功', '2024-10-11 10:45:50');
INSERT INTO `sys_logininfor` (`info_id`, `login_name`, `ipaddr`, `login_location`, `browser`, `os`, `status`, `msg`, `login_time`) VALUES (44, 'ry', '125.73.8.30', 'XX XX', 'Mobile Safari', 'Mac OS X (iPhone)', '0', '登录成功', '2024-10-11 10:49:44');
INSERT INTO `sys_logininfor` (`info_id`, `login_name`, `ipaddr`, `login_location`, `browser`, `os`, `status`, `msg`, `login_time`) VALUES (45, 'admin', '124.152.1.94', '甘肃省 兰州市', 'Chrome 12', 'Mac OS X', '0', '登录成功', '2024-10-11 10:53:04');
INSERT INTO `sys_logininfor` (`info_id`, `login_name`, `ipaddr`, `login_location`, `browser`, `os`, `status`, `msg`, `login_time`) VALUES (46, 'ry', '114.253.97.186', '北京市 北京市', 'Chrome 12', 'Windows 10', '0', '登录成功', '2024-10-11 10:56:35');
COMMIT;

-- ----------------------------
-- Table structure for sys_menu
-- ----------------------------
DROP TABLE IF EXISTS `sys_menu`;
CREATE TABLE `sys_menu` (
  `menu_id` bigint(20) NOT NULL AUTO_INCREMENT COMMENT '菜单ID',
  `menu_name` varchar(50) COLLATE utf8mb4_bin NOT NULL COMMENT '菜单名称',
  `parent_id` bigint(20) DEFAULT '0' COMMENT '父菜单ID',
  `order_num` int(4) DEFAULT '0' COMMENT '显示顺序',
  `url` varchar(200) COLLATE utf8mb4_bin DEFAULT '#' COMMENT '请求地址',
  `target` varchar(20) COLLATE utf8mb4_bin DEFAULT '' COMMENT '打开方式（menuItem页签 menuBlank新窗口）',
  `menu_type` char(1) COLLATE utf8mb4_bin DEFAULT '' COMMENT '菜单类型（M目录 C菜单 F按钮）',
  `visible` char(1) COLLATE utf8mb4_bin DEFAULT '0' COMMENT '菜单状态（0显示 1隐藏）',
  `is_refresh` char(1) COLLATE utf8mb4_bin DEFAULT '1' COMMENT '是否刷新（0刷新 1不刷新）',
  `perms` varchar(100) COLLATE utf8mb4_bin DEFAULT NULL COMMENT '权限标识',
  `icon` varchar(100) COLLATE utf8mb4_bin DEFAULT '#' COMMENT '菜单图标',
  `create_by` varchar(64) COLLATE utf8mb4_bin DEFAULT '' COMMENT '创建者',
  `create_time` datetime DEFAULT NULL COMMENT '创建时间',
  `update_by` varchar(64) COLLATE utf8mb4_bin DEFAULT '' COMMENT '更新者',
  `update_time` datetime DEFAULT NULL COMMENT '更新时间',
  `remark` varchar(500) COLLATE utf8mb4_bin DEFAULT '' COMMENT '备注',
  PRIMARY KEY (`menu_id`)
) ENGINE=InnoDB AUTO_INCREMENT=1137 DEFAULT CHARSET=utf8mb4 COLLATE=utf8mb4_bin COMMENT='菜单权限表';

-- ----------------------------
-- Records of sys_menu
-- ----------------------------
BEGIN;
INSERT INTO `sys_menu` (`menu_id`, `menu_name`, `parent_id`, `order_num`, `url`, `target`, `menu_type`, `visible`, `is_refresh`, `perms`, `icon`, `create_by`, `create_time`, `update_by`, `update_time`, `remark`) VALUES (1, '系统管理', 0, 20, '#', 'menuItem', 'M', '0', '1', '', 'fa fa-gear', 'admin', '2024-04-04 21:38:21', 'admin', '2024-04-05 10:18:05', '系统管理目录');
INSERT INTO `sys_menu` (`menu_id`, `menu_name`, `parent_id`, `order_num`, `url`, `target`, `menu_type`, `visible`, `is_refresh`, `perms`, `icon`, `create_by`, `create_time`, `update_by`, `update_time`, `remark`) VALUES (2, '系统监控', 0, 22, '#', 'menuItem', 'M', '0', '1', '', 'fa fa-video-camera', 'admin', '2024-04-04 21:38:21', 'admin', '2024-04-05 10:17:03', '系统监控目录');
INSERT INTO `sys_menu` (`menu_id`, `menu_name`, `parent_id`, `order_num`, `url`, `target`, `menu_type`, `visible`, `is_refresh`, `perms`, `icon`, `create_by`, `create_time`, `update_by`, `update_time`, `remark`) VALUES (3, '系统工具', 0, 21, '#', 'menuItem', 'M', '0', '1', '', 'fa fa-bars', 'admin', '2024-04-04 21:38:21', 'admin', '2024-04-05 10:17:56', '系统工具目录');
INSERT INTO `sys_menu` (`menu_id`, `menu_name`, `parent_id`, `order_num`, `url`, `target`, `menu_type`, `visible`, `is_refresh`, `perms`, `icon`, `create_by`, `create_time`, `update_by`, `update_time`, `remark`) VALUES (4, '内容管理', 0, 4, '#', 'menuBlank', 'M', '0', '1', '', 'fa fa-bank', 'admin', '2024-04-04 21:38:21', 'admin', '2024-04-05 10:15:45', '若依官网地址');
INSERT INTO `sys_menu` (`menu_id`, `menu_name`, `parent_id`, `order_num`, `url`, `target`, `menu_type`, `visible`, `is_refresh`, `perms`, `icon`, `create_by`, `create_time`, `update_by`, `update_time`, `remark`) VALUES (100, '用户管理', 1069, 1, '/system/user', 'menuItem', 'C', '0', '1', 'system:user:view', 'fa fa-user-o', 'admin', '2024-04-04 21:38:21', 'admin', '2024-04-05 11:34:27', '用户管理菜单');
INSERT INTO `sys_menu` (`menu_id`, `menu_name`, `parent_id`, `order_num`, `url`, `target`, `menu_type`, `visible`, `is_refresh`, `perms`, `icon`, `create_by`, `create_time`, `update_by`, `update_time`, `remark`) VALUES (101, '角色管理', 1069, 2, '/system/role', 'menuItem', 'C', '0', '1', 'system:role:view', 'fa fa-user-secret', 'admin', '2024-04-04 21:38:21', 'admin', '2024-04-05 11:34:42', '角色管理菜单');
INSERT INTO `sys_menu` (`menu_id`, `menu_name`, `parent_id`, `order_num`, `url`, `target`, `menu_type`, `visible`, `is_refresh`, `perms`, `icon`, `create_by`, `create_time`, `update_by`, `update_time`, `remark`) VALUES (102, '菜单管理', 1, 3, '/system/menu', '', 'C', '0', '1', 'system:menu:view', 'fa fa-th-list', 'admin', '2024-04-04 21:38:21', '', NULL, '菜单管理菜单');
INSERT INTO `sys_menu` (`menu_id`, `menu_name`, `parent_id`, `order_num`, `url`, `target`, `menu_type`, `visible`, `is_refresh`, `perms`, `icon`, `create_by`, `create_time`, `update_by`, `update_time`, `remark`) VALUES (103, '部门管理', 1069, 4, '/system/dept', 'menuItem', 'C', '0', '1', 'system:dept:view', 'fa fa-outdent', 'admin', '2024-04-04 21:38:21', 'admin', '2024-04-05 11:35:06', '部门管理菜单');
INSERT INTO `sys_menu` (`menu_id`, `menu_name`, `parent_id`, `order_num`, `url`, `target`, `menu_type`, `visible`, `is_refresh`, `perms`, `icon`, `create_by`, `create_time`, `update_by`, `update_time`, `remark`) VALUES (104, '岗位管理', 1, 5, '/system/post', '', 'C', '0', '1', 'system:post:view', 'fa fa-address-card-o', 'admin', '2024-04-04 21:38:21', '', NULL, '岗位管理菜单');
INSERT INTO `sys_menu` (`menu_id`, `menu_name`, `parent_id`, `order_num`, `url`, `target`, `menu_type`, `visible`, `is_refresh`, `perms`, `icon`, `create_by`, `create_time`, `update_by`, `update_time`, `remark`) VALUES (105, '字典管理', 1068, 6, '/system/dict', 'menuItem', 'C', '0', '1', 'system:dict:view', 'fa fa-bookmark-o', 'admin', '2024-04-04 21:38:21', 'admin', '2024-04-05 11:35:23', '字典管理菜单');
INSERT INTO `sys_menu` (`menu_id`, `menu_name`, `parent_id`, `order_num`, `url`, `target`, `menu_type`, `visible`, `is_refresh`, `perms`, `icon`, `create_by`, `create_time`, `update_by`, `update_time`, `remark`) VALUES (106, '参数设置', 1, 7, '/system/config', '', 'C', '0', '1', 'system:config:view', 'fa fa-sun-o', 'admin', '2024-04-04 21:38:21', '', NULL, '参数设置菜单');
INSERT INTO `sys_menu` (`menu_id`, `menu_name`, `parent_id`, `order_num`, `url`, `target`, `menu_type`, `visible`, `is_refresh`, `perms`, `icon`, `create_by`, `create_time`, `update_by`, `update_time`, `remark`) VALUES (107, '通知公告', 1, 8, '/system/notice', '', 'C', '0', '1', 'system:notice:view', 'fa fa-bullhorn', 'admin', '2024-04-04 21:38:21', '', NULL, '通知公告菜单');
INSERT INTO `sys_menu` (`menu_id`, `menu_name`, `parent_id`, `order_num`, `url`, `target`, `menu_type`, `visible`, `is_refresh`, `perms`, `icon`, `create_by`, `create_time`, `update_by`, `update_time`, `remark`) VALUES (108, '日志管理', 1, 9, '#', '', 'M', '0', '1', '', 'fa fa-pencil-square-o', 'admin', '2024-04-04 21:38:21', '', NULL, '日志管理菜单');
INSERT INTO `sys_menu` (`menu_id`, `menu_name`, `parent_id`, `order_num`, `url`, `target`, `menu_type`, `visible`, `is_refresh`, `perms`, `icon`, `create_by`, `create_time`, `update_by`, `update_time`, `remark`) VALUES (109, '在线用户', 2, 1, '/monitor/online', '', 'C', '0', '1', 'monitor:online:view', 'fa fa-user-circle', 'admin', '2024-04-04 21:38:21', '', NULL, '在线用户菜单');
INSERT INTO `sys_menu` (`menu_id`, `menu_name`, `parent_id`, `order_num`, `url`, `target`, `menu_type`, `visible`, `is_refresh`, `perms`, `icon`, `create_by`, `create_time`, `update_by`, `update_time`, `remark`) VALUES (110, '定时任务', 2, 2, '/monitor/job', '', 'C', '0', '1', 'monitor:job:view', 'fa fa-tasks', 'admin', '2024-04-04 21:38:21', '', NULL, '定时任务菜单');
INSERT INTO `sys_menu` (`menu_id`, `menu_name`, `parent_id`, `order_num`, `url`, `target`, `menu_type`, `visible`, `is_refresh`, `perms`, `icon`, `create_by`, `create_time`, `update_by`, `update_time`, `remark`) VALUES (111, '数据监控', 2, 3, '/monitor/data', '', 'C', '0', '1', 'monitor:data:view', 'fa fa-bug', 'admin', '2024-04-04 21:38:21', '', NULL, '数据监控菜单');
INSERT INTO `sys_menu` (`menu_id`, `menu_name`, `parent_id`, `order_num`, `url`, `target`, `menu_type`, `visible`, `is_refresh`, `perms`, `icon`, `create_by`, `create_time`, `update_by`, `update_time`, `remark`) VALUES (112, '服务监控', 2, 4, '/monitor/server', '', 'C', '0', '1', 'monitor:server:view', 'fa fa-server', 'admin', '2024-04-04 21:38:21', '', NULL, '服务监控菜单');
INSERT INTO `sys_menu` (`menu_id`, `menu_name`, `parent_id`, `order_num`, `url`, `target`, `menu_type`, `visible`, `is_refresh`, `perms`, `icon`, `create_by`, `create_time`, `update_by`, `update_time`, `remark`) VALUES (113, '缓存监控', 2, 5, '/monitor/cache', '', 'C', '0', '1', 'monitor:cache:view', 'fa fa-cube', 'admin', '2024-04-04 21:38:21', '', NULL, '缓存监控菜单');
INSERT INTO `sys_menu` (`menu_id`, `menu_name`, `parent_id`, `order_num`, `url`, `target`, `menu_type`, `visible`, `is_refresh`, `perms`, `icon`, `create_by`, `create_time`, `update_by`, `update_time`, `remark`) VALUES (114, '表单构建', 3, 1, '/tool/build', '', 'C', '0', '1', 'tool:build:view', 'fa fa-wpforms', 'admin', '2024-04-04 21:38:21', '', NULL, '表单构建菜单');
INSERT INTO `sys_menu` (`menu_id`, `menu_name`, `parent_id`, `order_num`, `url`, `target`, `menu_type`, `visible`, `is_refresh`, `perms`, `icon`, `create_by`, `create_time`, `update_by`, `update_time`, `remark`) VALUES (115, '代码生成', 3, 2, '/tool/gen', '', 'C', '0', '1', 'tool:gen:view', 'fa fa-code', 'admin', '2024-04-04 21:38:21', '', NULL, '代码生成菜单');
INSERT INTO `sys_menu` (`menu_id`, `menu_name`, `parent_id`, `order_num`, `url`, `target`, `menu_type`, `visible`, `is_refresh`, `perms`, `icon`, `create_by`, `create_time`, `update_by`, `update_time`, `remark`) VALUES (116, '系统接口', 3, 3, '/tool/swagger', '', 'C', '0', '1', 'tool:swagger:view', 'fa fa-gg', 'admin', '2024-04-04 21:38:21', '', NULL, '系统接口菜单');
INSERT INTO `sys_menu` (`menu_id`, `menu_name`, `parent_id`, `order_num`, `url`, `target`, `menu_type`, `visible`, `is_refresh`, `perms`, `icon`, `create_by`, `create_time`, `update_by`, `update_time`, `remark`) VALUES (500, '操作日志', 108, 1, '/monitor/operlog', '', 'C', '0', '1', 'monitor:operlog:view', 'fa fa-address-book', 'admin', '2024-04-04 21:38:21', '', NULL, '操作日志菜单');
INSERT INTO `sys_menu` (`menu_id`, `menu_name`, `parent_id`, `order_num`, `url`, `target`, `menu_type`, `visible`, `is_refresh`, `perms`, `icon`, `create_by`, `create_time`, `update_by`, `update_time`, `remark`) VALUES (501, '登录日志', 108, 2, '/monitor/logininfor', '', 'C', '0', '1', 'monitor:logininfor:view', 'fa fa-file-image-o', 'admin', '2024-04-04 21:38:21', '', NULL, '登录日志菜单');
INSERT INTO `sys_menu` (`menu_id`, `menu_name`, `parent_id`, `order_num`, `url`, `target`, `menu_type`, `visible`, `is_refresh`, `perms`, `icon`, `create_by`, `create_time`, `update_by`, `update_time`, `remark`) VALUES (1000, '用户查询', 100, 1, '#', '', 'F', '0', '1', 'system:user:list', '#', 'admin', '2024-04-04 21:38:21', '', NULL, '');
INSERT INTO `sys_menu` (`menu_id`, `menu_name`, `parent_id`, `order_num`, `url`, `target`, `menu_type`, `visible`, `is_refresh`, `perms`, `icon`, `create_by`, `create_time`, `update_by`, `update_time`, `remark`) VALUES (1001, '用户新增', 100, 2, '#', '', 'F', '0', '1', 'system:user:add', '#', 'admin', '2024-04-04 21:38:21', '', NULL, '');
INSERT INTO `sys_menu` (`menu_id`, `menu_name`, `parent_id`, `order_num`, `url`, `target`, `menu_type`, `visible`, `is_refresh`, `perms`, `icon`, `create_by`, `create_time`, `update_by`, `update_time`, `remark`) VALUES (1002, '用户修改', 100, 3, '#', '', 'F', '0', '1', 'system:user:edit', '#', 'admin', '2024-04-04 21:38:21', '', NULL, '');
INSERT INTO `sys_menu` (`menu_id`, `menu_name`, `parent_id`, `order_num`, `url`, `target`, `menu_type`, `visible`, `is_refresh`, `perms`, `icon`, `create_by`, `create_time`, `update_by`, `update_time`, `remark`) VALUES (1003, '用户删除', 100, 4, '#', '', 'F', '0', '1', 'system:user:remove', '#', 'admin', '2024-04-04 21:38:21', '', NULL, '');
INSERT INTO `sys_menu` (`menu_id`, `menu_name`, `parent_id`, `order_num`, `url`, `target`, `menu_type`, `visible`, `is_refresh`, `perms`, `icon`, `create_by`, `create_time`, `update_by`, `update_time`, `remark`) VALUES (1004, '用户导出', 100, 5, '#', '', 'F', '0', '1', 'system:user:export', '#', 'admin', '2024-04-04 21:38:21', '', NULL, '');
INSERT INTO `sys_menu` (`menu_id`, `menu_name`, `parent_id`, `order_num`, `url`, `target`, `menu_type`, `visible`, `is_refresh`, `perms`, `icon`, `create_by`, `create_time`, `update_by`, `update_time`, `remark`) VALUES (1005, '用户导入', 100, 6, '#', '', 'F', '0', '1', 'system:user:import', '#', 'admin', '2024-04-04 21:38:21', '', NULL, '');
INSERT INTO `sys_menu` (`menu_id`, `menu_name`, `parent_id`, `order_num`, `url`, `target`, `menu_type`, `visible`, `is_refresh`, `perms`, `icon`, `create_by`, `create_time`, `update_by`, `update_time`, `remark`) VALUES (1006, '重置密码', 100, 7, '#', '', 'F', '0', '1', 'system:user:resetPwd', '#', 'admin', '2024-04-04 21:38:21', '', NULL, '');
INSERT INTO `sys_menu` (`menu_id`, `menu_name`, `parent_id`, `order_num`, `url`, `target`, `menu_type`, `visible`, `is_refresh`, `perms`, `icon`, `create_by`, `create_time`, `update_by`, `update_time`, `remark`) VALUES (1007, '角色查询', 101, 1, '#', '', 'F', '0', '1', 'system:role:list', '#', 'admin', '2024-04-04 21:38:21', '', NULL, '');
INSERT INTO `sys_menu` (`menu_id`, `menu_name`, `parent_id`, `order_num`, `url`, `target`, `menu_type`, `visible`, `is_refresh`, `perms`, `icon`, `create_by`, `create_time`, `update_by`, `update_time`, `remark`) VALUES (1008, '角色新增', 101, 2, '#', '', 'F', '0', '1', 'system:role:add', '#', 'admin', '2024-04-04 21:38:21', '', NULL, '');
INSERT INTO `sys_menu` (`menu_id`, `menu_name`, `parent_id`, `order_num`, `url`, `target`, `menu_type`, `visible`, `is_refresh`, `perms`, `icon`, `create_by`, `create_time`, `update_by`, `update_time`, `remark`) VALUES (1009, '角色修改', 101, 3, '#', '', 'F', '0', '1', 'system:role:edit', '#', 'admin', '2024-04-04 21:38:21', '', NULL, '');
INSERT INTO `sys_menu` (`menu_id`, `menu_name`, `parent_id`, `order_num`, `url`, `target`, `menu_type`, `visible`, `is_refresh`, `perms`, `icon`, `create_by`, `create_time`, `update_by`, `update_time`, `remark`) VALUES (1010, '角色删除', 101, 4, '#', '', 'F', '0', '1', 'system:role:remove', '#', 'admin', '2024-04-04 21:38:21', '', NULL, '');
INSERT INTO `sys_menu` (`menu_id`, `menu_name`, `parent_id`, `order_num`, `url`, `target`, `menu_type`, `visible`, `is_refresh`, `perms`, `icon`, `create_by`, `create_time`, `update_by`, `update_time`, `remark`) VALUES (1011, '角色导出', 101, 5, '#', '', 'F', '0', '1', 'system:role:export', '#', 'admin', '2024-04-04 21:38:21', '', NULL, '');
INSERT INTO `sys_menu` (`menu_id`, `menu_name`, `parent_id`, `order_num`, `url`, `target`, `menu_type`, `visible`, `is_refresh`, `perms`, `icon`, `create_by`, `create_time`, `update_by`, `update_time`, `remark`) VALUES (1012, '菜单查询', 102, 1, '#', '', 'F', '0', '1', 'system:menu:list', '#', 'admin', '2024-04-04 21:38:21', '', NULL, '');
INSERT INTO `sys_menu` (`menu_id`, `menu_name`, `parent_id`, `order_num`, `url`, `target`, `menu_type`, `visible`, `is_refresh`, `perms`, `icon`, `create_by`, `create_time`, `update_by`, `update_time`, `remark`) VALUES (1013, '菜单新增', 102, 2, '#', '', 'F', '0', '1', 'system:menu:add', '#', 'admin', '2024-04-04 21:38:21', '', NULL, '');
INSERT INTO `sys_menu` (`menu_id`, `menu_name`, `parent_id`, `order_num`, `url`, `target`, `menu_type`, `visible`, `is_refresh`, `perms`, `icon`, `create_by`, `create_time`, `update_by`, `update_time`, `remark`) VALUES (1014, '菜单修改', 102, 3, '#', '', 'F', '0', '1', 'system:menu:edit', '#', 'admin', '2024-04-04 21:38:21', '', NULL, '');
INSERT INTO `sys_menu` (`menu_id`, `menu_name`, `parent_id`, `order_num`, `url`, `target`, `menu_type`, `visible`, `is_refresh`, `perms`, `icon`, `create_by`, `create_time`, `update_by`, `update_time`, `remark`) VALUES (1015, '菜单删除', 102, 4, '#', '', 'F', '0', '1', 'system:menu:remove', '#', 'admin', '2024-04-04 21:38:21', '', NULL, '');
INSERT INTO `sys_menu` (`menu_id`, `menu_name`, `parent_id`, `order_num`, `url`, `target`, `menu_type`, `visible`, `is_refresh`, `perms`, `icon`, `create_by`, `create_time`, `update_by`, `update_time`, `remark`) VALUES (1016, '部门查询', 103, 1, '#', '', 'F', '0', '1', 'system:dept:list', '#', 'admin', '2024-04-04 21:38:21', '', NULL, '');
INSERT INTO `sys_menu` (`menu_id`, `menu_name`, `parent_id`, `order_num`, `url`, `target`, `menu_type`, `visible`, `is_refresh`, `perms`, `icon`, `create_by`, `create_time`, `update_by`, `update_time`, `remark`) VALUES (1017, '部门新增', 103, 2, '#', '', 'F', '0', '1', 'system:dept:add', '#', 'admin', '2024-04-04 21:38:21', '', NULL, '');
INSERT INTO `sys_menu` (`menu_id`, `menu_name`, `parent_id`, `order_num`, `url`, `target`, `menu_type`, `visible`, `is_refresh`, `perms`, `icon`, `create_by`, `create_time`, `update_by`, `update_time`, `remark`) VALUES (1018, '部门修改', 103, 3, '#', '', 'F', '0', '1', 'system:dept:edit', '#', 'admin', '2024-04-04 21:38:21', '', NULL, '');
INSERT INTO `sys_menu` (`menu_id`, `menu_name`, `parent_id`, `order_num`, `url`, `target`, `menu_type`, `visible`, `is_refresh`, `perms`, `icon`, `create_by`, `create_time`, `update_by`, `update_time`, `remark`) VALUES (1019, '部门删除', 103, 4, '#', '', 'F', '0', '1', 'system:dept:remove', '#', 'admin', '2024-04-04 21:38:21', '', NULL, '');
INSERT INTO `sys_menu` (`menu_id`, `menu_name`, `parent_id`, `order_num`, `url`, `target`, `menu_type`, `visible`, `is_refresh`, `perms`, `icon`, `create_by`, `create_time`, `update_by`, `update_time`, `remark`) VALUES (1020, '岗位查询', 104, 1, '#', '', 'F', '0', '1', 'system:post:list', '#', 'admin', '2024-04-04 21:38:21', '', NULL, '');
INSERT INTO `sys_menu` (`menu_id`, `menu_name`, `parent_id`, `order_num`, `url`, `target`, `menu_type`, `visible`, `is_refresh`, `perms`, `icon`, `create_by`, `create_time`, `update_by`, `update_time`, `remark`) VALUES (1021, '岗位新增', 104, 2, '#', '', 'F', '0', '1', 'system:post:add', '#', 'admin', '2024-04-04 21:38:21', '', NULL, '');
INSERT INTO `sys_menu` (`menu_id`, `menu_name`, `parent_id`, `order_num`, `url`, `target`, `menu_type`, `visible`, `is_refresh`, `perms`, `icon`, `create_by`, `create_time`, `update_by`, `update_time`, `remark`) VALUES (1022, '岗位修改', 104, 3, '#', '', 'F', '0', '1', 'system:post:edit', '#', 'admin', '2024-04-04 21:38:21', '', NULL, '');
INSERT INTO `sys_menu` (`menu_id`, `menu_name`, `parent_id`, `order_num`, `url`, `target`, `menu_type`, `visible`, `is_refresh`, `perms`, `icon`, `create_by`, `create_time`, `update_by`, `update_time`, `remark`) VALUES (1023, '岗位删除', 104, 4, '#', '', 'F', '0', '1', 'system:post:remove', '#', 'admin', '2024-04-04 21:38:21', '', NULL, '');
INSERT INTO `sys_menu` (`menu_id`, `menu_name`, `parent_id`, `order_num`, `url`, `target`, `menu_type`, `visible`, `is_refresh`, `perms`, `icon`, `create_by`, `create_time`, `update_by`, `update_time`, `remark`) VALUES (1024, '岗位导出', 104, 5, '#', '', 'F', '0', '1', 'system:post:export', '#', 'admin', '2024-04-04 21:38:21', '', NULL, '');
INSERT INTO `sys_menu` (`menu_id`, `menu_name`, `parent_id`, `order_num`, `url`, `target`, `menu_type`, `visible`, `is_refresh`, `perms`, `icon`, `create_by`, `create_time`, `update_by`, `update_time`, `remark`) VALUES (1025, '字典查询', 105, 1, '#', '', 'F', '0', '1', 'system:dict:list', '#', 'admin', '2024-04-04 21:38:21', '', NULL, '');
INSERT INTO `sys_menu` (`menu_id`, `menu_name`, `parent_id`, `order_num`, `url`, `target`, `menu_type`, `visible`, `is_refresh`, `perms`, `icon`, `create_by`, `create_time`, `update_by`, `update_time`, `remark`) VALUES (1026, '字典新增', 105, 2, '#', '', 'F', '0', '1', 'system:dict:add', '#', 'admin', '2024-04-04 21:38:21', '', NULL, '');
INSERT INTO `sys_menu` (`menu_id`, `menu_name`, `parent_id`, `order_num`, `url`, `target`, `menu_type`, `visible`, `is_refresh`, `perms`, `icon`, `create_by`, `create_time`, `update_by`, `update_time`, `remark`) VALUES (1027, '字典修改', 105, 3, '#', '', 'F', '0', '1', 'system:dict:edit', '#', 'admin', '2024-04-04 21:38:21', '', NULL, '');
INSERT INTO `sys_menu` (`menu_id`, `menu_name`, `parent_id`, `order_num`, `url`, `target`, `menu_type`, `visible`, `is_refresh`, `perms`, `icon`, `create_by`, `create_time`, `update_by`, `update_time`, `remark`) VALUES (1028, '字典删除', 105, 4, '#', '', 'F', '0', '1', 'system:dict:remove', '#', 'admin', '2024-04-04 21:38:21', '', NULL, '');
INSERT INTO `sys_menu` (`menu_id`, `menu_name`, `parent_id`, `order_num`, `url`, `target`, `menu_type`, `visible`, `is_refresh`, `perms`, `icon`, `create_by`, `create_time`, `update_by`, `update_time`, `remark`) VALUES (1029, '字典导出', 105, 5, '#', '', 'F', '0', '1', 'system:dict:export', '#', 'admin', '2024-04-04 21:38:21', '', NULL, '');
INSERT INTO `sys_menu` (`menu_id`, `menu_name`, `parent_id`, `order_num`, `url`, `target`, `menu_type`, `visible`, `is_refresh`, `perms`, `icon`, `create_by`, `create_time`, `update_by`, `update_time`, `remark`) VALUES (1030, '参数查询', 106, 1, '#', '', 'F', '0', '1', 'system:config:list', '#', 'admin', '2024-04-04 21:38:21', '', NULL, '');
INSERT INTO `sys_menu` (`menu_id`, `menu_name`, `parent_id`, `order_num`, `url`, `target`, `menu_type`, `visible`, `is_refresh`, `perms`, `icon`, `create_by`, `create_time`, `update_by`, `update_time`, `remark`) VALUES (1031, '参数新增', 106, 2, '#', '', 'F', '0', '1', 'system:config:add', '#', 'admin', '2024-04-04 21:38:21', '', NULL, '');
INSERT INTO `sys_menu` (`menu_id`, `menu_name`, `parent_id`, `order_num`, `url`, `target`, `menu_type`, `visible`, `is_refresh`, `perms`, `icon`, `create_by`, `create_time`, `update_by`, `update_time`, `remark`) VALUES (1032, '参数修改', 106, 3, '#', '', 'F', '0', '1', 'system:config:edit', '#', 'admin', '2024-04-04 21:38:21', '', NULL, '');
INSERT INTO `sys_menu` (`menu_id`, `menu_name`, `parent_id`, `order_num`, `url`, `target`, `menu_type`, `visible`, `is_refresh`, `perms`, `icon`, `create_by`, `create_time`, `update_by`, `update_time`, `remark`) VALUES (1033, '参数删除', 106, 4, '#', '', 'F', '0', '1', 'system:config:remove', '#', 'admin', '2024-04-04 21:38:21', '', NULL, '');
INSERT INTO `sys_menu` (`menu_id`, `menu_name`, `parent_id`, `order_num`, `url`, `target`, `menu_type`, `visible`, `is_refresh`, `perms`, `icon`, `create_by`, `create_time`, `update_by`, `update_time`, `remark`) VALUES (1034, '参数导出', 106, 5, '#', '', 'F', '0', '1', 'system:config:export', '#', 'admin', '2024-04-04 21:38:21', '', NULL, '');
INSERT INTO `sys_menu` (`menu_id`, `menu_name`, `parent_id`, `order_num`, `url`, `target`, `menu_type`, `visible`, `is_refresh`, `perms`, `icon`, `create_by`, `create_time`, `update_by`, `update_time`, `remark`) VALUES (1035, '公告查询', 107, 1, '#', '', 'F', '0', '1', 'system:notice:list', '#', 'admin', '2024-04-04 21:38:21', '', NULL, '');
INSERT INTO `sys_menu` (`menu_id`, `menu_name`, `parent_id`, `order_num`, `url`, `target`, `menu_type`, `visible`, `is_refresh`, `perms`, `icon`, `create_by`, `create_time`, `update_by`, `update_time`, `remark`) VALUES (1036, '公告新增', 107, 2, '#', '', 'F', '0', '1', 'system:notice:add', '#', 'admin', '2024-04-04 21:38:21', '', NULL, '');
INSERT INTO `sys_menu` (`menu_id`, `menu_name`, `parent_id`, `order_num`, `url`, `target`, `menu_type`, `visible`, `is_refresh`, `perms`, `icon`, `create_by`, `create_time`, `update_by`, `update_time`, `remark`) VALUES (1037, '公告修改', 107, 3, '#', '', 'F', '0', '1', 'system:notice:edit', '#', 'admin', '2024-04-04 21:38:21', '', NULL, '');
INSERT INTO `sys_menu` (`menu_id`, `menu_name`, `parent_id`, `order_num`, `url`, `target`, `menu_type`, `visible`, `is_refresh`, `perms`, `icon`, `create_by`, `create_time`, `update_by`, `update_time`, `remark`) VALUES (1038, '公告删除', 107, 4, '#', '', 'F', '0', '1', 'system:notice:remove', '#', 'admin', '2024-04-04 21:38:21', '', NULL, '');
INSERT INTO `sys_menu` (`menu_id`, `menu_name`, `parent_id`, `order_num`, `url`, `target`, `menu_type`, `visible`, `is_refresh`, `perms`, `icon`, `create_by`, `create_time`, `update_by`, `update_time`, `remark`) VALUES (1039, '操作查询', 500, 1, '#', '', 'F', '0', '1', 'monitor:operlog:list', '#', 'admin', '2024-04-04 21:38:21', '', NULL, '');
INSERT INTO `sys_menu` (`menu_id`, `menu_name`, `parent_id`, `order_num`, `url`, `target`, `menu_type`, `visible`, `is_refresh`, `perms`, `icon`, `create_by`, `create_time`, `update_by`, `update_time`, `remark`) VALUES (1040, '操作删除', 500, 2, '#', '', 'F', '0', '1', 'monitor:operlog:remove', '#', 'admin', '2024-04-04 21:38:21', '', NULL, '');
INSERT INTO `sys_menu` (`menu_id`, `menu_name`, `parent_id`, `order_num`, `url`, `target`, `menu_type`, `visible`, `is_refresh`, `perms`, `icon`, `create_by`, `create_time`, `update_by`, `update_time`, `remark`) VALUES (1041, '详细信息', 500, 3, '#', '', 'F', '0', '1', 'monitor:operlog:detail', '#', 'admin', '2024-04-04 21:38:21', '', NULL, '');
INSERT INTO `sys_menu` (`menu_id`, `menu_name`, `parent_id`, `order_num`, `url`, `target`, `menu_type`, `visible`, `is_refresh`, `perms`, `icon`, `create_by`, `create_time`, `update_by`, `update_time`, `remark`) VALUES (1042, '日志导出', 500, 4, '#', '', 'F', '0', '1', 'monitor:operlog:export', '#', 'admin', '2024-04-04 21:38:21', '', NULL, '');
INSERT INTO `sys_menu` (`menu_id`, `menu_name`, `parent_id`, `order_num`, `url`, `target`, `menu_type`, `visible`, `is_refresh`, `perms`, `icon`, `create_by`, `create_time`, `update_by`, `update_time`, `remark`) VALUES (1043, '登录查询', 501, 1, '#', '', 'F', '0', '1', 'monitor:logininfor:list', '#', 'admin', '2024-04-04 21:38:21', '', NULL, '');
INSERT INTO `sys_menu` (`menu_id`, `menu_name`, `parent_id`, `order_num`, `url`, `target`, `menu_type`, `visible`, `is_refresh`, `perms`, `icon`, `create_by`, `create_time`, `update_by`, `update_time`, `remark`) VALUES (1044, '登录删除', 501, 2, '#', '', 'F', '0', '1', 'monitor:logininfor:remove', '#', 'admin', '2024-04-04 21:38:21', '', NULL, '');
INSERT INTO `sys_menu` (`menu_id`, `menu_name`, `parent_id`, `order_num`, `url`, `target`, `menu_type`, `visible`, `is_refresh`, `perms`, `icon`, `create_by`, `create_time`, `update_by`, `update_time`, `remark`) VALUES (1045, '日志导出', 501, 3, '#', '', 'F', '0', '1', 'monitor:logininfor:export', '#', 'admin', '2024-04-04 21:38:21', '', NULL, '');
INSERT INTO `sys_menu` (`menu_id`, `menu_name`, `parent_id`, `order_num`, `url`, `target`, `menu_type`, `visible`, `is_refresh`, `perms`, `icon`, `create_by`, `create_time`, `update_by`, `update_time`, `remark`) VALUES (1046, '账户解锁', 501, 4, '#', '', 'F', '0', '1', 'monitor:logininfor:unlock', '#', 'admin', '2024-04-04 21:38:21', '', NULL, '');
INSERT INTO `sys_menu` (`menu_id`, `menu_name`, `parent_id`, `order_num`, `url`, `target`, `menu_type`, `visible`, `is_refresh`, `perms`, `icon`, `create_by`, `create_time`, `update_by`, `update_time`, `remark`) VALUES (1047, '在线查询', 109, 1, '#', '', 'F', '0', '1', 'monitor:online:list', '#', 'admin', '2024-04-04 21:38:21', '', NULL, '');
INSERT INTO `sys_menu` (`menu_id`, `menu_name`, `parent_id`, `order_num`, `url`, `target`, `menu_type`, `visible`, `is_refresh`, `perms`, `icon`, `create_by`, `create_time`, `update_by`, `update_time`, `remark`) VALUES (1048, '批量强退', 109, 2, '#', '', 'F', '0', '1', 'monitor:online:batchForceLogout', '#', 'admin', '2024-04-04 21:38:21', '', NULL, '');
INSERT INTO `sys_menu` (`menu_id`, `menu_name`, `parent_id`, `order_num`, `url`, `target`, `menu_type`, `visible`, `is_refresh`, `perms`, `icon`, `create_by`, `create_time`, `update_by`, `update_time`, `remark`) VALUES (1049, '单条强退', 109, 3, '#', '', 'F', '0', '1', 'monitor:online:forceLogout', '#', 'admin', '2024-04-04 21:38:21', '', NULL, '');
INSERT INTO `sys_menu` (`menu_id`, `menu_name`, `parent_id`, `order_num`, `url`, `target`, `menu_type`, `visible`, `is_refresh`, `perms`, `icon`, `create_by`, `create_time`, `update_by`, `update_time`, `remark`) VALUES (1050, '任务查询', 110, 1, '#', '', 'F', '0', '1', 'monitor:job:list', '#', 'admin', '2024-04-04 21:38:21', '', NULL, '');
INSERT INTO `sys_menu` (`menu_id`, `menu_name`, `parent_id`, `order_num`, `url`, `target`, `menu_type`, `visible`, `is_refresh`, `perms`, `icon`, `create_by`, `create_time`, `update_by`, `update_time`, `remark`) VALUES (1051, '任务新增', 110, 2, '#', '', 'F', '0', '1', 'monitor:job:add', '#', 'admin', '2024-04-04 21:38:21', '', NULL, '');
INSERT INTO `sys_menu` (`menu_id`, `menu_name`, `parent_id`, `order_num`, `url`, `target`, `menu_type`, `visible`, `is_refresh`, `perms`, `icon`, `create_by`, `create_time`, `update_by`, `update_time`, `remark`) VALUES (1052, '任务修改', 110, 3, '#', '', 'F', '0', '1', 'monitor:job:edit', '#', 'admin', '2024-04-04 21:38:21', '', NULL, '');
INSERT INTO `sys_menu` (`menu_id`, `menu_name`, `parent_id`, `order_num`, `url`, `target`, `menu_type`, `visible`, `is_refresh`, `perms`, `icon`, `create_by`, `create_time`, `update_by`, `update_time`, `remark`) VALUES (1053, '任务删除', 110, 4, '#', '', 'F', '0', '1', 'monitor:job:remove', '#', 'admin', '2024-04-04 21:38:21', '', NULL, '');
INSERT INTO `sys_menu` (`menu_id`, `menu_name`, `parent_id`, `order_num`, `url`, `target`, `menu_type`, `visible`, `is_refresh`, `perms`, `icon`, `create_by`, `create_time`, `update_by`, `update_time`, `remark`) VALUES (1054, '状态修改', 110, 5, '#', '', 'F', '0', '1', 'monitor:job:changeStatus', '#', 'admin', '2024-04-04 21:38:21', '', NULL, '');
INSERT INTO `sys_menu` (`menu_id`, `menu_name`, `parent_id`, `order_num`, `url`, `target`, `menu_type`, `visible`, `is_refresh`, `perms`, `icon`, `create_by`, `create_time`, `update_by`, `update_time`, `remark`) VALUES (1055, '任务详细', 110, 6, '#', '', 'F', '0', '1', 'monitor:job:detail', '#', 'admin', '2024-04-04 21:38:21', '', NULL, '');
INSERT INTO `sys_menu` (`menu_id`, `menu_name`, `parent_id`, `order_num`, `url`, `target`, `menu_type`, `visible`, `is_refresh`, `perms`, `icon`, `create_by`, `create_time`, `update_by`, `update_time`, `remark`) VALUES (1056, '任务导出', 110, 7, '#', '', 'F', '0', '1', 'monitor:job:export', '#', 'admin', '2024-04-04 21:38:21', '', NULL, '');
INSERT INTO `sys_menu` (`menu_id`, `menu_name`, `parent_id`, `order_num`, `url`, `target`, `menu_type`, `visible`, `is_refresh`, `perms`, `icon`, `create_by`, `create_time`, `update_by`, `update_time`, `remark`) VALUES (1057, '生成查询', 115, 1, '#', '', 'F', '0', '1', 'tool:gen:list', '#', 'admin', '2024-04-04 21:38:21', '', NULL, '');
INSERT INTO `sys_menu` (`menu_id`, `menu_name`, `parent_id`, `order_num`, `url`, `target`, `menu_type`, `visible`, `is_refresh`, `perms`, `icon`, `create_by`, `create_time`, `update_by`, `update_time`, `remark`) VALUES (1058, '生成修改', 115, 2, '#', '', 'F', '0', '1', 'tool:gen:edit', '#', 'admin', '2024-04-04 21:38:21', '', NULL, '');
INSERT INTO `sys_menu` (`menu_id`, `menu_name`, `parent_id`, `order_num`, `url`, `target`, `menu_type`, `visible`, `is_refresh`, `perms`, `icon`, `create_by`, `create_time`, `update_by`, `update_time`, `remark`) VALUES (1059, '生成删除', 115, 3, '#', '', 'F', '0', '1', 'tool:gen:remove', '#', 'admin', '2024-04-04 21:38:21', '', NULL, '');
INSERT INTO `sys_menu` (`menu_id`, `menu_name`, `parent_id`, `order_num`, `url`, `target`, `menu_type`, `visible`, `is_refresh`, `perms`, `icon`, `create_by`, `create_time`, `update_by`, `update_time`, `remark`) VALUES (1060, '预览代码', 115, 4, '#', '', 'F', '0', '1', 'tool:gen:preview', '#', 'admin', '2024-04-04 21:38:21', '', NULL, '');
INSERT INTO `sys_menu` (`menu_id`, `menu_name`, `parent_id`, `order_num`, `url`, `target`, `menu_type`, `visible`, `is_refresh`, `perms`, `icon`, `create_by`, `create_time`, `update_by`, `update_time`, `remark`) VALUES (1061, '生成代码', 115, 5, '#', '', 'F', '0', '1', 'tool:gen:code', '#', 'admin', '2024-04-04 21:38:21', '', NULL, '');
INSERT INTO `sys_menu` (`menu_id`, `menu_name`, `parent_id`, `order_num`, `url`, `target`, `menu_type`, `visible`, `is_refresh`, `perms`, `icon`, `create_by`, `create_time`, `update_by`, `update_time`, `remark`) VALUES (1062, '文章分类', 4, 2, '/portal/category', 'menuItem', 'C', '0', '1', 'portal:category:view', 'fa fa-sliders', 'admin', '2024-04-05 10:25:25', 'admin', '2024-05-13 18:39:30', '文章分类菜单');
INSERT INTO `sys_menu` (`menu_id`, `menu_name`, `parent_id`, `order_num`, `url`, `target`, `menu_type`, `visible`, `is_refresh`, `perms`, `icon`, `create_by`, `create_time`, `update_by`, `update_time`, `remark`) VALUES (1063, '文章分类查询', 1062, 1, '#', '', 'F', '0', '1', 'portal:category:list', '#', 'admin', '2024-04-05 10:25:25', '', NULL, '');
INSERT INTO `sys_menu` (`menu_id`, `menu_name`, `parent_id`, `order_num`, `url`, `target`, `menu_type`, `visible`, `is_refresh`, `perms`, `icon`, `create_by`, `create_time`, `update_by`, `update_time`, `remark`) VALUES (1064, '文章分类新增', 1062, 2, '#', '', 'F', '0', '1', 'portal:category:add', '#', 'admin', '2024-04-05 10:25:25', '', NULL, '');
INSERT INTO `sys_menu` (`menu_id`, `menu_name`, `parent_id`, `order_num`, `url`, `target`, `menu_type`, `visible`, `is_refresh`, `perms`, `icon`, `create_by`, `create_time`, `update_by`, `update_time`, `remark`) VALUES (1065, '文章分类修改', 1062, 3, '#', '', 'F', '0', '1', 'portal:category:edit', '#', 'admin', '2024-04-05 10:25:25', '', NULL, '');
INSERT INTO `sys_menu` (`menu_id`, `menu_name`, `parent_id`, `order_num`, `url`, `target`, `menu_type`, `visible`, `is_refresh`, `perms`, `icon`, `create_by`, `create_time`, `update_by`, `update_time`, `remark`) VALUES (1066, '文章分类删除', 1062, 4, '#', '', 'F', '0', '1', 'portal:category:remove', '#', 'admin', '2024-04-05 10:25:25', '', NULL, '');
INSERT INTO `sys_menu` (`menu_id`, `menu_name`, `parent_id`, `order_num`, `url`, `target`, `menu_type`, `visible`, `is_refresh`, `perms`, `icon`, `create_by`, `create_time`, `update_by`, `update_time`, `remark`) VALUES (1067, '文章分类导出', 1062, 5, '#', '', 'F', '0', '1', 'portal:category:export', '#', 'admin', '2024-04-05 10:25:25', '', NULL, '');
INSERT INTO `sys_menu` (`menu_id`, `menu_name`, `parent_id`, `order_num`, `url`, `target`, `menu_type`, `visible`, `is_refresh`, `perms`, `icon`, `create_by`, `create_time`, `update_by`, `update_time`, `remark`) VALUES (1068, '网站管理', 0, 10, '#', 'menuItem', 'M', '0', '1', '', 'fa fa-code', 'admin', '2024-04-05 11:27:16', 'admin', '2024-09-29 09:56:44', '');
INSERT INTO `sys_menu` (`menu_id`, `menu_name`, `parent_id`, `order_num`, `url`, `target`, `menu_type`, `visible`, `is_refresh`, `perms`, `icon`, `create_by`, `create_time`, `update_by`, `update_time`, `remark`) VALUES (1069, '用户管理', 0, 8, '#', 'menuItem', 'M', '0', '1', '', 'fa fa-address-book-o', 'admin', '2024-04-05 11:33:58', 'admin', '2024-09-29 09:55:48', '');
INSERT INTO `sys_menu` (`menu_id`, `menu_name`, `parent_id`, `order_num`, `url`, `target`, `menu_type`, `visible`, `is_refresh`, `perms`, `icon`, `create_by`, `create_time`, `update_by`, `update_time`, `remark`) VALUES (1070, '导航管理', 1068, 1, '/portal/navbar', 'menuItem', 'C', '0', '1', 'portal:navbar:view', '#', 'admin', '2024-04-05 12:08:38', 'admin', '2024-04-05 12:15:23', '页面导航菜单');
INSERT INTO `sys_menu` (`menu_id`, `menu_name`, `parent_id`, `order_num`, `url`, `target`, `menu_type`, `visible`, `is_refresh`, `perms`, `icon`, `create_by`, `create_time`, `update_by`, `update_time`, `remark`) VALUES (1071, '页面导航查询', 1070, 1, '#', '', 'F', '0', '1', 'portal:navbar:list', '#', 'admin', '2024-04-05 12:08:38', '', NULL, '');
INSERT INTO `sys_menu` (`menu_id`, `menu_name`, `parent_id`, `order_num`, `url`, `target`, `menu_type`, `visible`, `is_refresh`, `perms`, `icon`, `create_by`, `create_time`, `update_by`, `update_time`, `remark`) VALUES (1072, '页面导航新增', 1070, 2, '#', '', 'F', '0', '1', 'portal:navbar:add', '#', 'admin', '2024-04-05 12:08:38', '', NULL, '');
INSERT INTO `sys_menu` (`menu_id`, `menu_name`, `parent_id`, `order_num`, `url`, `target`, `menu_type`, `visible`, `is_refresh`, `perms`, `icon`, `create_by`, `create_time`, `update_by`, `update_time`, `remark`) VALUES (1073, '页面导航修改', 1070, 3, '#', '', 'F', '0', '1', 'portal:navbar:edit', '#', 'admin', '2024-04-05 12:08:38', '', NULL, '');
INSERT INTO `sys_menu` (`menu_id`, `menu_name`, `parent_id`, `order_num`, `url`, `target`, `menu_type`, `visible`, `is_refresh`, `perms`, `icon`, `create_by`, `create_time`, `update_by`, `update_time`, `remark`) VALUES (1074, '页面导航删除', 1070, 4, '#', '', 'F', '0', '1', 'portal:navbar:remove', '#', 'admin', '2024-04-05 12:08:38', '', NULL, '');
INSERT INTO `sys_menu` (`menu_id`, `menu_name`, `parent_id`, `order_num`, `url`, `target`, `menu_type`, `visible`, `is_refresh`, `perms`, `icon`, `create_by`, `create_time`, `update_by`, `update_time`, `remark`) VALUES (1075, '页面导航导出', 1070, 5, '#', '', 'F', '0', '1', 'portal:navbar:export', '#', 'admin', '2024-04-05 12:08:38', '', NULL, '');
INSERT INTO `sys_menu` (`menu_id`, `menu_name`, `parent_id`, `order_num`, `url`, `target`, `menu_type`, `visible`, `is_refresh`, `perms`, `icon`, `create_by`, `create_time`, `update_by`, `update_time`, `remark`) VALUES (1076, '文章内容', 4, 1, '/portal/article', '', 'C', '0', '1', 'portal:article:view', '#', 'admin', '2024-04-05 15:12:51', '', NULL, '文章内容菜单');
INSERT INTO `sys_menu` (`menu_id`, `menu_name`, `parent_id`, `order_num`, `url`, `target`, `menu_type`, `visible`, `is_refresh`, `perms`, `icon`, `create_by`, `create_time`, `update_by`, `update_time`, `remark`) VALUES (1077, '文章内容查询', 1076, 1, '#', '', 'F', '0', '1', 'portal:article:list', '#', 'admin', '2024-04-05 15:12:51', '', NULL, '');
INSERT INTO `sys_menu` (`menu_id`, `menu_name`, `parent_id`, `order_num`, `url`, `target`, `menu_type`, `visible`, `is_refresh`, `perms`, `icon`, `create_by`, `create_time`, `update_by`, `update_time`, `remark`) VALUES (1078, '文章内容新增', 1076, 2, '#', '', 'F', '0', '1', 'portal:article:add', '#', 'admin', '2024-04-05 15:12:51', '', NULL, '');
INSERT INTO `sys_menu` (`menu_id`, `menu_name`, `parent_id`, `order_num`, `url`, `target`, `menu_type`, `visible`, `is_refresh`, `perms`, `icon`, `create_by`, `create_time`, `update_by`, `update_time`, `remark`) VALUES (1079, '文章内容修改', 1076, 3, '#', '', 'F', '0', '1', 'portal:article:edit', '#', 'admin', '2024-04-05 15:12:51', '', NULL, '');
INSERT INTO `sys_menu` (`menu_id`, `menu_name`, `parent_id`, `order_num`, `url`, `target`, `menu_type`, `visible`, `is_refresh`, `perms`, `icon`, `create_by`, `create_time`, `update_by`, `update_time`, `remark`) VALUES (1080, '文章内容删除', 1076, 4, '#', '', 'F', '0', '1', 'portal:article:remove', '#', 'admin', '2024-04-05 15:12:51', '', NULL, '');
INSERT INTO `sys_menu` (`menu_id`, `menu_name`, `parent_id`, `order_num`, `url`, `target`, `menu_type`, `visible`, `is_refresh`, `perms`, `icon`, `create_by`, `create_time`, `update_by`, `update_time`, `remark`) VALUES (1081, '文章内容导出', 1076, 5, '#', '', 'F', '0', '1', 'portal:article:export', '#', 'admin', '2024-04-05 15:12:51', '', NULL, '');
INSERT INTO `sys_menu` (`menu_id`, `menu_name`, `parent_id`, `order_num`, `url`, `target`, `menu_type`, `visible`, `is_refresh`, `perms`, `icon`, `create_by`, `create_time`, `update_by`, `update_time`, `remark`) VALUES (1082, '单页管理', 4, 5, 'portal/pages', 'menuItem', 'C', '0', '1', 'portal:article:view', 'fa fa-bicycle', 'admin', '2024-04-05 18:04:32', '', NULL, '');
INSERT INTO `sys_menu` (`menu_id`, `menu_name`, `parent_id`, `order_num`, `url`, `target`, `menu_type`, `visible`, `is_refresh`, `perms`, `icon`, `create_by`, `create_time`, `update_by`, `update_time`, `remark`) VALUES (1083, '单页内容查询', 1082, 1, '#', 'menuItem', 'F', '0', '1', 'portal:article:list', '#', 'admin', '2024-04-05 20:00:13', '', NULL, '');
INSERT INTO `sys_menu` (`menu_id`, `menu_name`, `parent_id`, `order_num`, `url`, `target`, `menu_type`, `visible`, `is_refresh`, `perms`, `icon`, `create_by`, `create_time`, `update_by`, `update_time`, `remark`) VALUES (1084, '单页内容新增', 1082, 2, '#', 'menuItem', 'F', '0', '1', 'portal:article:add', '#', 'admin', '2024-04-05 20:01:01', '', NULL, '');
INSERT INTO `sys_menu` (`menu_id`, `menu_name`, `parent_id`, `order_num`, `url`, `target`, `menu_type`, `visible`, `is_refresh`, `perms`, `icon`, `create_by`, `create_time`, `update_by`, `update_time`, `remark`) VALUES (1085, '单页内容修改', 1082, 3, '#', 'menuItem', 'F', '0', '1', 'portal:article:edit', '#', 'admin', '2024-04-05 20:01:38', '', NULL, '');
INSERT INTO `sys_menu` (`menu_id`, `menu_name`, `parent_id`, `order_num`, `url`, `target`, `menu_type`, `visible`, `is_refresh`, `perms`, `icon`, `create_by`, `create_time`, `update_by`, `update_time`, `remark`) VALUES (1086, '单页内容删除', 1082, 4, '#', 'menuItem', 'F', '0', '1', 'portal:article:remove', '#', 'admin', '2024-04-05 20:02:19', '', NULL, '');
INSERT INTO `sys_menu` (`menu_id`, `menu_name`, `parent_id`, `order_num`, `url`, `target`, `menu_type`, `visible`, `is_refresh`, `perms`, `icon`, `create_by`, `create_time`, `update_by`, `update_time`, `remark`) VALUES (1095, '幻灯管理', 1068, 1, '/portal/slide', '', 'C', '0', '1', 'portal:slide:view', '#', 'admin', '2024-04-07 15:01:30', '', NULL, '幻灯管理菜单');
INSERT INTO `sys_menu` (`menu_id`, `menu_name`, `parent_id`, `order_num`, `url`, `target`, `menu_type`, `visible`, `is_refresh`, `perms`, `icon`, `create_by`, `create_time`, `update_by`, `update_time`, `remark`) VALUES (1096, '幻灯管理查询', 1095, 1, '#', '', 'F', '0', '1', 'portal:slide:list', '#', 'admin', '2024-04-07 15:01:30', '', NULL, '');
INSERT INTO `sys_menu` (`menu_id`, `menu_name`, `parent_id`, `order_num`, `url`, `target`, `menu_type`, `visible`, `is_refresh`, `perms`, `icon`, `create_by`, `create_time`, `update_by`, `update_time`, `remark`) VALUES (1097, '幻灯管理新增', 1095, 2, '#', '', 'F', '0', '1', 'portal:slide:add', '#', 'admin', '2024-04-07 15:01:30', '', NULL, '');
INSERT INTO `sys_menu` (`menu_id`, `menu_name`, `parent_id`, `order_num`, `url`, `target`, `menu_type`, `visible`, `is_refresh`, `perms`, `icon`, `create_by`, `create_time`, `update_by`, `update_time`, `remark`) VALUES (1098, '幻灯管理修改', 1095, 3, '#', '', 'F', '0', '1', 'portal:slide:edit', '#', 'admin', '2024-04-07 15:01:30', '', NULL, '');
INSERT INTO `sys_menu` (`menu_id`, `menu_name`, `parent_id`, `order_num`, `url`, `target`, `menu_type`, `visible`, `is_refresh`, `perms`, `icon`, `create_by`, `create_time`, `update_by`, `update_time`, `remark`) VALUES (1099, '幻灯管理删除', 1095, 4, '#', '', 'F', '0', '1', 'portal:slide:remove', '#', 'admin', '2024-04-07 15:01:30', '', NULL, '');
INSERT INTO `sys_menu` (`menu_id`, `menu_name`, `parent_id`, `order_num`, `url`, `target`, `menu_type`, `visible`, `is_refresh`, `perms`, `icon`, `create_by`, `create_time`, `update_by`, `update_time`, `remark`) VALUES (1100, '幻灯管理导出', 1095, 5, '#', '', 'F', '0', '1', 'portal:slide:export', '#', 'admin', '2024-04-07 15:01:30', '', NULL, '');
INSERT INTO `sys_menu` (`menu_id`, `menu_name`, `parent_id`, `order_num`, `url`, `target`, `menu_type`, `visible`, `is_refresh`, `perms`, `icon`, `create_by`, `create_time`, `update_by`, `update_time`, `remark`) VALUES (1101, '友情链接', 1068, 1, '/portal/links', '', 'C', '0', '1', 'portal:links:view', '#', 'admin', '2024-04-07 17:33:21', '', NULL, '友情链接菜单');
INSERT INTO `sys_menu` (`menu_id`, `menu_name`, `parent_id`, `order_num`, `url`, `target`, `menu_type`, `visible`, `is_refresh`, `perms`, `icon`, `create_by`, `create_time`, `update_by`, `update_time`, `remark`) VALUES (1102, '友情链接查询', 1101, 1, '#', '', 'F', '0', '1', 'portal:links:list', '#', 'admin', '2024-04-07 17:33:21', '', NULL, '');
INSERT INTO `sys_menu` (`menu_id`, `menu_name`, `parent_id`, `order_num`, `url`, `target`, `menu_type`, `visible`, `is_refresh`, `perms`, `icon`, `create_by`, `create_time`, `update_by`, `update_time`, `remark`) VALUES (1103, '友情链接新增', 1101, 2, '#', '', 'F', '0', '1', 'portal:links:add', '#', 'admin', '2024-04-07 17:33:21', '', NULL, '');
INSERT INTO `sys_menu` (`menu_id`, `menu_name`, `parent_id`, `order_num`, `url`, `target`, `menu_type`, `visible`, `is_refresh`, `perms`, `icon`, `create_by`, `create_time`, `update_by`, `update_time`, `remark`) VALUES (1104, '友情链接修改', 1101, 3, '#', '', 'F', '0', '1', 'portal:links:edit', '#', 'admin', '2024-04-07 17:33:21', '', NULL, '');
INSERT INTO `sys_menu` (`menu_id`, `menu_name`, `parent_id`, `order_num`, `url`, `target`, `menu_type`, `visible`, `is_refresh`, `perms`, `icon`, `create_by`, `create_time`, `update_by`, `update_time`, `remark`) VALUES (1105, '友情链接删除', 1101, 4, '#', '', 'F', '0', '1', 'portal:links:remove', '#', 'admin', '2024-04-07 17:33:21', '', NULL, '');
INSERT INTO `sys_menu` (`menu_id`, `menu_name`, `parent_id`, `order_num`, `url`, `target`, `menu_type`, `visible`, `is_refresh`, `perms`, `icon`, `create_by`, `create_time`, `update_by`, `update_time`, `remark`) VALUES (1106, '友情链接导出', 1101, 5, '#', '', 'F', '0', '1', 'portal:links:export', '#', 'admin', '2024-04-07 17:33:21', '', NULL, '');
INSERT INTO `sys_menu` (`menu_id`, `menu_name`, `parent_id`, `order_num`, `url`, `target`, `menu_type`, `visible`, `is_refresh`, `perms`, `icon`, `create_by`, `create_time`, `update_by`, `update_time`, `remark`) VALUES (1107, '专题管理', 1068, 1, '/portal/special', '', 'C', '0', '1', 'portal:special:view', '#', 'admin', '2024-04-07 18:17:37', '', NULL, '专题管理菜单');
INSERT INTO `sys_menu` (`menu_id`, `menu_name`, `parent_id`, `order_num`, `url`, `target`, `menu_type`, `visible`, `is_refresh`, `perms`, `icon`, `create_by`, `create_time`, `update_by`, `update_time`, `remark`) VALUES (1108, '专题管理查询', 1107, 1, '#', '', 'F', '0', '1', 'portal:special:list', '#', 'admin', '2024-04-07 18:17:37', '', NULL, '');
INSERT INTO `sys_menu` (`menu_id`, `menu_name`, `parent_id`, `order_num`, `url`, `target`, `menu_type`, `visible`, `is_refresh`, `perms`, `icon`, `create_by`, `create_time`, `update_by`, `update_time`, `remark`) VALUES (1109, '专题管理新增', 1107, 2, '#', '', 'F', '0', '1', 'portal:special:add', '#', 'admin', '2024-04-07 18:17:37', '', NULL, '');
INSERT INTO `sys_menu` (`menu_id`, `menu_name`, `parent_id`, `order_num`, `url`, `target`, `menu_type`, `visible`, `is_refresh`, `perms`, `icon`, `create_by`, `create_time`, `update_by`, `update_time`, `remark`) VALUES (1110, '专题管理修改', 1107, 3, '#', '', 'F', '0', '1', 'portal:special:edit', '#', 'admin', '2024-04-07 18:17:37', '', NULL, '');
INSERT INTO `sys_menu` (`menu_id`, `menu_name`, `parent_id`, `order_num`, `url`, `target`, `menu_type`, `visible`, `is_refresh`, `perms`, `icon`, `create_by`, `create_time`, `update_by`, `update_time`, `remark`) VALUES (1111, '专题管理删除', 1107, 4, '#', '', 'F', '0', '1', 'portal:special:remove', '#', 'admin', '2024-04-07 18:17:37', '', NULL, '');
INSERT INTO `sys_menu` (`menu_id`, `menu_name`, `parent_id`, `order_num`, `url`, `target`, `menu_type`, `visible`, `is_refresh`, `perms`, `icon`, `create_by`, `create_time`, `update_by`, `update_time`, `remark`) VALUES (1112, '专题管理导出', 1107, 5, '#', '', 'F', '0', '1', 'portal:special:export', '#', 'admin', '2024-04-07 18:17:37', '', NULL, '');
INSERT INTO `sys_menu` (`menu_id`, `menu_name`, `parent_id`, `order_num`, `url`, `target`, `menu_type`, `visible`, `is_refresh`, `perms`, `icon`, `create_by`, `create_time`, `update_by`, `update_time`, `remark`) VALUES (1113, '回收站', 0, 9, '#', 'menuItem', 'M', '0', '1', '', 'fa fa-bar-chart-o', 'admin', '2024-05-12 14:12:01', 'admin', '2024-09-29 09:55:37', '');
INSERT INTO `sys_menu` (`menu_id`, `menu_name`, `parent_id`, `order_num`, `url`, `target`, `menu_type`, `visible`, `is_refresh`, `perms`, `icon`, `create_by`, `create_time`, `update_by`, `update_time`, `remark`) VALUES (1114, '文章回收', 1113, 1, '/portal/recycle', 'menuItem', 'C', '0', '1', 'portal:article:view', 'fa fa-balance-scale', 'admin', '2024-05-12 14:15:03', 'admin', '2024-05-12 14:15:31', '');
INSERT INTO `sys_menu` (`menu_id`, `menu_name`, `parent_id`, `order_num`, `url`, `target`, `menu_type`, `visible`, `is_refresh`, `perms`, `icon`, `create_by`, `create_time`, `update_by`, `update_time`, `remark`) VALUES (1115, '文章内容查询', 1114, 2, '#', 'menuItem', 'F', '0', '1', 'portal:article:list', '#', 'admin', '2024-05-12 14:17:11', '', NULL, '');
INSERT INTO `sys_menu` (`menu_id`, `menu_name`, `parent_id`, `order_num`, `url`, `target`, `menu_type`, `visible`, `is_refresh`, `perms`, `icon`, `create_by`, `create_time`, `update_by`, `update_time`, `remark`) VALUES (1116, '文章内容删除', 1114, 3, '#', 'menuItem', 'F', '0', '1', 'portal:article:remove', '#', 'admin', '2024-05-12 14:17:52', '', NULL, '');
INSERT INTO `sys_menu` (`menu_id`, `menu_name`, `parent_id`, `order_num`, `url`, `target`, `menu_type`, `visible`, `is_refresh`, `perms`, `icon`, `create_by`, `create_time`, `update_by`, `update_time`, `remark`) VALUES (1117, '信箱管理', 0, 7, '#', 'menuItem', 'M', '0', '1', '', 'fa fa-envelope-open-o', 'admin', '2024-09-29 09:53:58', 'admin', '2024-09-29 09:55:59', '');
INSERT INTO `sys_menu` (`menu_id`, `menu_name`, `parent_id`, `order_num`, `url`, `target`, `menu_type`, `visible`, `is_refresh`, `perms`, `icon`, `create_by`, `create_time`, `update_by`, `update_time`, `remark`) VALUES (1118, '专栏管理', 0, 5, '#', 'menuItem', 'M', '0', '1', NULL, 'fa fa-calendar-o', 'admin', '2024-09-29 09:55:02', '', NULL, '');
INSERT INTO `sys_menu` (`menu_id`, `menu_name`, `parent_id`, `order_num`, `url`, `target`, `menu_type`, `visible`, `is_refresh`, `perms`, `icon`, `create_by`, `create_time`, `update_by`, `update_time`, `remark`) VALUES (1119, '首长信箱', 1117, 1, '/portal/mailbox', '', 'C', '0', '1', 'portal:mailbox:view', '#', 'admin', '2024-09-29 11:11:02', '', NULL, '首长信箱菜单');
INSERT INTO `sys_menu` (`menu_id`, `menu_name`, `parent_id`, `order_num`, `url`, `target`, `menu_type`, `visible`, `is_refresh`, `perms`, `icon`, `create_by`, `create_time`, `update_by`, `update_time`, `remark`) VALUES (1120, '首长信箱查询', 1119, 1, '#', '', 'F', '0', '1', 'portal:mailbox:list', '#', 'admin', '2024-09-29 11:11:02', '', NULL, '');
INSERT INTO `sys_menu` (`menu_id`, `menu_name`, `parent_id`, `order_num`, `url`, `target`, `menu_type`, `visible`, `is_refresh`, `perms`, `icon`, `create_by`, `create_time`, `update_by`, `update_time`, `remark`) VALUES (1121, '首长信箱新增', 1119, 2, '#', '', 'F', '0', '1', 'portal:mailbox:add', '#', 'admin', '2024-09-29 11:11:02', '', NULL, '');
INSERT INTO `sys_menu` (`menu_id`, `menu_name`, `parent_id`, `order_num`, `url`, `target`, `menu_type`, `visible`, `is_refresh`, `perms`, `icon`, `create_by`, `create_time`, `update_by`, `update_time`, `remark`) VALUES (1122, '首长信箱修改', 1119, 3, '#', '', 'F', '0', '1', 'portal:mailbox:edit', '#', 'admin', '2024-09-29 11:11:02', '', NULL, '');
INSERT INTO `sys_menu` (`menu_id`, `menu_name`, `parent_id`, `order_num`, `url`, `target`, `menu_type`, `visible`, `is_refresh`, `perms`, `icon`, `create_by`, `create_time`, `update_by`, `update_time`, `remark`) VALUES (1123, '首长信箱删除', 1119, 4, '#', '', 'F', '0', '1', 'portal:mailbox:remove', '#', 'admin', '2024-09-29 11:11:02', '', NULL, '');
INSERT INTO `sys_menu` (`menu_id`, `menu_name`, `parent_id`, `order_num`, `url`, `target`, `menu_type`, `visible`, `is_refresh`, `perms`, `icon`, `create_by`, `create_time`, `update_by`, `update_time`, `remark`) VALUES (1124, '首长信箱导出', 1119, 5, '#', '', 'F', '0', '1', 'portal:mailbox:export', '#', 'admin', '2024-09-29 11:11:02', '', NULL, '');
INSERT INTO `sys_menu` (`menu_id`, `menu_name`, `parent_id`, `order_num`, `url`, `target`, `menu_type`, `visible`, `is_refresh`, `perms`, `icon`, `create_by`, `create_time`, `update_by`, `update_time`, `remark`) VALUES (1125, '专题分类', 1118, 2, '/portal/taxonomy', 'menuItem', 'C', '0', '1', 'portal:category:view', '#', 'admin', '2024-09-29 11:17:41', 'admin', '2024-10-03 17:13:37', '首长信箱菜单');
INSERT INTO `sys_menu` (`menu_id`, `menu_name`, `parent_id`, `order_num`, `url`, `target`, `menu_type`, `visible`, `is_refresh`, `perms`, `icon`, `create_by`, `create_time`, `update_by`, `update_time`, `remark`) VALUES (1126, '专题分类查询', 1125, 1, '#', 'menuItem', 'F', '0', '1', 'portal:category:list', '#', 'admin', '2024-09-29 11:17:41', 'admin', '2024-10-03 09:34:07', '');
INSERT INTO `sys_menu` (`menu_id`, `menu_name`, `parent_id`, `order_num`, `url`, `target`, `menu_type`, `visible`, `is_refresh`, `perms`, `icon`, `create_by`, `create_time`, `update_by`, `update_time`, `remark`) VALUES (1127, '专题分类新增', 1125, 2, '#', 'menuItem', 'F', '0', '1', 'portal:category:add', '#', 'admin', '2024-09-29 11:17:41', 'admin', '2024-10-03 09:34:51', '');
INSERT INTO `sys_menu` (`menu_id`, `menu_name`, `parent_id`, `order_num`, `url`, `target`, `menu_type`, `visible`, `is_refresh`, `perms`, `icon`, `create_by`, `create_time`, `update_by`, `update_time`, `remark`) VALUES (1128, '专题分类修改', 1125, 3, '#', 'menuItem', 'F', '0', '1', 'portal:category:edit', '#', 'admin', '2024-09-29 11:17:41', 'admin', '2024-10-03 09:35:16', '');
INSERT INTO `sys_menu` (`menu_id`, `menu_name`, `parent_id`, `order_num`, `url`, `target`, `menu_type`, `visible`, `is_refresh`, `perms`, `icon`, `create_by`, `create_time`, `update_by`, `update_time`, `remark`) VALUES (1129, '专题分类删除', 1125, 4, '#', 'menuItem', 'F', '0', '1', 'portal:category:remove', '#', 'admin', '2024-09-29 11:17:41', 'admin', '2024-10-03 09:35:41', '');
INSERT INTO `sys_menu` (`menu_id`, `menu_name`, `parent_id`, `order_num`, `url`, `target`, `menu_type`, `visible`, `is_refresh`, `perms`, `icon`, `create_by`, `create_time`, `update_by`, `update_time`, `remark`) VALUES (1130, '专题分类导出', 1125, 5, '#', 'menuItem', 'F', '0', '1', 'portal:category:export', '#', 'admin', '2024-09-29 11:17:41', 'admin', '2024-10-03 09:36:07', '');
INSERT INTO `sys_menu` (`menu_id`, `menu_name`, `parent_id`, `order_num`, `url`, `target`, `menu_type`, `visible`, `is_refresh`, `perms`, `icon`, `create_by`, `create_time`, `update_by`, `update_time`, `remark`) VALUES (1131, '专题文章', 1118, 1, '/portal/specially', '', 'C', '0', '1', 'portal:article:view', '#', 'admin', '2024-10-03 10:42:20', '', NULL, '专题文章菜单');
INSERT INTO `sys_menu` (`menu_id`, `menu_name`, `parent_id`, `order_num`, `url`, `target`, `menu_type`, `visible`, `is_refresh`, `perms`, `icon`, `create_by`, `create_time`, `update_by`, `update_time`, `remark`) VALUES (1132, '专题文章查询', 1131, 1, '#', '', 'F', '0', '1', 'portal:article:list', '#', 'admin', '2024-10-03 10:42:20', '', NULL, '');
INSERT INTO `sys_menu` (`menu_id`, `menu_name`, `parent_id`, `order_num`, `url`, `target`, `menu_type`, `visible`, `is_refresh`, `perms`, `icon`, `create_by`, `create_time`, `update_by`, `update_time`, `remark`) VALUES (1133, '专题文章新增', 1131, 2, '#', '', 'F', '0', '1', 'portal:article:add', '#', 'admin', '2024-10-03 10:42:20', '', NULL, '');
INSERT INTO `sys_menu` (`menu_id`, `menu_name`, `parent_id`, `order_num`, `url`, `target`, `menu_type`, `visible`, `is_refresh`, `perms`, `icon`, `create_by`, `create_time`, `update_by`, `update_time`, `remark`) VALUES (1134, '专题文章修改', 1131, 3, '#', '', 'F', '0', '1', 'portal:article:edit', '#', 'admin', '2024-10-03 10:42:20', '', NULL, '');
INSERT INTO `sys_menu` (`menu_id`, `menu_name`, `parent_id`, `order_num`, `url`, `target`, `menu_type`, `visible`, `is_refresh`, `perms`, `icon`, `create_by`, `create_time`, `update_by`, `update_time`, `remark`) VALUES (1135, '专题文章删除', 1131, 4, '#', '', 'F', '0', '1', 'portal:article:remove', '#', 'admin', '2024-10-03 10:42:20', '', NULL, '');
INSERT INTO `sys_menu` (`menu_id`, `menu_name`, `parent_id`, `order_num`, `url`, `target`, `menu_type`, `visible`, `is_refresh`, `perms`, `icon`, `create_by`, `create_time`, `update_by`, `update_time`, `remark`) VALUES (1136, '专题文章导出', 1131, 5, '#', '', 'F', '0', '1', 'portal:article:export', '#', 'admin', '2024-10-03 10:42:20', '', NULL, '');
COMMIT;

-- ----------------------------
-- Table structure for sys_notice
-- ----------------------------
DROP TABLE IF EXISTS `sys_notice`;
CREATE TABLE `sys_notice` (
  `notice_id` int(4) NOT NULL AUTO_INCREMENT COMMENT '公告ID',
  `notice_title` varchar(50) COLLATE utf8mb4_bin NOT NULL COMMENT '公告标题',
  `notice_type` char(1) COLLATE utf8mb4_bin NOT NULL COMMENT '公告类型（1通知 2公告）',
  `notice_content` longblob COMMENT '公告内容',
  `status` char(1) COLLATE utf8mb4_bin DEFAULT '0' COMMENT '公告状态（0正常 1关闭）',
  `create_by` varchar(64) COLLATE utf8mb4_bin DEFAULT '' COMMENT '创建者',
  `create_time` datetime DEFAULT NULL COMMENT '创建时间',
  `update_by` varchar(64) COLLATE utf8mb4_bin DEFAULT '' COMMENT '更新者',
  `update_time` datetime DEFAULT NULL COMMENT '更新时间',
  `remark` varchar(255) COLLATE utf8mb4_bin DEFAULT NULL COMMENT '备注',
  PRIMARY KEY (`notice_id`)
) ENGINE=InnoDB AUTO_INCREMENT=4 DEFAULT CHARSET=utf8mb4 COLLATE=utf8mb4_bin COMMENT='通知公告表';

-- ----------------------------
-- Records of sys_notice
-- ----------------------------
BEGIN;
INSERT INTO `sys_notice` (`notice_id`, `notice_title`, `notice_type`, `notice_content`, `status`, `create_by`, `create_time`, `update_by`, `update_time`, `remark`) VALUES (1, '温馨提醒：2018-07-01 若依新版本发布啦', '2', 0xE696B0E78988E69CACE58685E5AEB9, '0', 'admin', '2024-04-04 21:38:21', '', NULL, '管理员');
INSERT INTO `sys_notice` (`notice_id`, `notice_title`, `notice_type`, `notice_content`, `status`, `create_by`, `create_time`, `update_by`, `update_time`, `remark`) VALUES (2, '维护通知：2018-07-01 若依系统凌晨维护', '1', 0xE7BBB4E68AA4E58685E5AEB9, '0', 'admin', '2024-04-04 21:38:21', '', NULL, '管理员');
INSERT INTO `sys_notice` (`notice_id`, `notice_title`, `notice_type`, `notice_content`, `status`, `create_by`, `create_time`, `update_by`, `update_time`, `remark`) VALUES (3, '若依开源框架介绍', '1', 0x3C703E3C7370616E207374796C653D22636F6C6F723A20726762283233302C20302C2030293B223EE9A1B9E79BAEE4BB8BE7BB8D3C2F7370616E3E3C2F703E3C703E3C666F6E7420636F6C6F723D2223333333333333223E52756F5969E5BC80E6BA90E9A1B9E79BAEE698AFE4B8BAE4BC81E4B89AE794A8E688B7E5AE9AE588B6E79A84E5908EE58FB0E8849AE6898BE69EB6E6A186E69EB6EFBC8CE4B8BAE4BC81E4B89AE68993E980A0E79A84E4B880E7AB99E5BC8FE8A7A3E586B3E696B9E6A188EFBC8CE9998DE4BD8EE4BC81E4B89AE5BC80E58F91E68890E69CACEFBC8CE68F90E58D87E5BC80E58F91E69588E78E87E38082E4B8BBE8A681E58C85E68BACE794A8E688B7E7AEA1E79086E38081E8A792E889B2E7AEA1E79086E38081E983A8E997A8E7AEA1E79086E38081E88F9CE58D95E7AEA1E79086E38081E58F82E695B0E7AEA1E79086E38081E5AD97E585B8E7AEA1E79086E380813C2F666F6E743E3C7370616E207374796C653D22636F6C6F723A207267622835312C2035312C203531293B223EE5B297E4BD8DE7AEA1E790863C2F7370616E3E3C7370616E207374796C653D22636F6C6F723A207267622835312C2035312C203531293B223EE38081E5AE9AE697B6E4BBBBE58AA13C2F7370616E3E3C7370616E207374796C653D22636F6C6F723A207267622835312C2035312C203531293B223EE380813C2F7370616E3E3C7370616E207374796C653D22636F6C6F723A207267622835312C2035312C203531293B223EE69C8DE58AA1E79B91E68EA7E38081E799BBE5BD95E697A5E5BF97E38081E6938DE4BD9CE697A5E5BF97E38081E4BBA3E7A081E7949FE68890E7AD89E58A9FE883BDE38082E585B6E4B8ADEFBC8CE8BF98E694AFE68C81E5A49AE695B0E68DAEE6BA90E38081E695B0E68DAEE69D83E99990E38081E59BBDE99985E58C96E380815265646973E7BC93E5AD98E38081446F636B6572E983A8E7BDB2E38081E6BB91E58AA8E9AA8CE8AF81E7A081E38081E7ACACE4B889E696B9E8AEA4E8AF81E799BBE5BD95E38081E58886E5B883E5BC8FE4BA8BE58AA1E380813C2F7370616E3E3C666F6E7420636F6C6F723D2223333333333333223EE58886E5B883E5BC8FE69687E4BBB6E5AD98E582A83C2F666F6E743E3C7370616E207374796C653D22636F6C6F723A207267622835312C2035312C203531293B223EE38081E58886E5BA93E58886E8A1A8E5A484E79086E7AD89E68A80E69CAFE789B9E782B9E380823C2F7370616E3E3C2F703E3C703E3C696D67207372633D2268747470733A2F2F666F727564612E67697465652E636F6D2F696D616765732F313730353033303538333937373430313635312F35656435646236615F313135313030342E706E6722207374796C653D2277696474683A20363470783B223E3C62723E3C2F703E3C703E3C7370616E207374796C653D22636F6C6F723A20726762283233302C20302C2030293B223EE5AE98E7BD91E58F8AE6BC94E7A4BA3C2F7370616E3E3C2F703E3C703E3C7370616E207374796C653D22636F6C6F723A207267622835312C2035312C203531293B223EE88BA5E4BE9DE5AE98E7BD91E59CB0E59D80EFBC9A266E6273703B3C2F7370616E3E3C6120687265663D22687474703A2F2F72756F79692E76697022207461726765743D225F626C616E6B223E687474703A2F2F72756F79692E7669703C2F613E3C6120687265663D22687474703A2F2F72756F79692E76697022207461726765743D225F626C616E6B223E3C2F613E3C2F703E3C703E3C7370616E207374796C653D22636F6C6F723A207267622835312C2035312C203531293B223EE88BA5E4BE9DE69687E6A1A3E59CB0E59D80EFBC9A266E6273703B3C2F7370616E3E3C6120687265663D22687474703A2F2F646F632E72756F79692E76697022207461726765743D225F626C616E6B223E687474703A2F2F646F632E72756F79692E7669703C2F613E3C62723E3C2F703E3C703E3C7370616E207374796C653D22636F6C6F723A207267622835312C2035312C203531293B223EE6BC94E7A4BAE59CB0E59D80E38090E4B88DE58886E7A6BBE78988E38091EFBC9A266E6273703B3C2F7370616E3E3C6120687265663D22687474703A2F2F64656D6F2E72756F79692E76697022207461726765743D225F626C616E6B223E687474703A2F2F64656D6F2E72756F79692E7669703C2F613E3C2F703E3C703E3C7370616E207374796C653D22636F6C6F723A207267622835312C2035312C203531293B223EE6BC94E7A4BAE59CB0E59D80E38090E58886E7A6BBE78988E69CACE38091EFBC9A266E6273703B3C2F7370616E3E3C6120687265663D22687474703A2F2F7675652E72756F79692E76697022207461726765743D225F626C616E6B223E687474703A2F2F7675652E72756F79692E7669703C2F613E3C2F703E3C703E3C7370616E207374796C653D22636F6C6F723A207267622835312C2035312C203531293B223EE6BC94E7A4BAE59CB0E59D80E38090E5BEAEE69C8DE58AA1E78988E38091EFBC9A266E6273703B3C2F7370616E3E3C6120687265663D22687474703A2F2F636C6F75642E72756F79692E76697022207461726765743D225F626C616E6B223E687474703A2F2F636C6F75642E72756F79692E7669703C2F613E3C2F703E3C703E3C7370616E207374796C653D22636F6C6F723A207267622835312C2035312C203531293B223EE6BC94E7A4BAE59CB0E59D80E38090E7A7BBE58AA8E7ABAFE78988E38091EFBC9A266E6273703B3C2F7370616E3E3C6120687265663D22687474703A2F2F68352E72756F79692E76697022207461726765743D225F626C616E6B223E687474703A2F2F68352E72756F79692E7669703C2F613E3C2F703E3C703E3C6272207374796C653D22636F6C6F723A207267622834382C2034392C203531293B20666F6E742D66616D696C793A202671756F743B48656C766574696361204E6575652671756F743B2C2048656C7665746963612C20417269616C2C2073616E732D73657269663B20666F6E742D73697A653A20313270783B223E3C2F703E, '0', 'admin', '2024-04-04 21:38:21', '', NULL, '管理员');
COMMIT;

-- ----------------------------
-- Table structure for sys_oper_log
-- ----------------------------
DROP TABLE IF EXISTS `sys_oper_log`;
CREATE TABLE `sys_oper_log` (
  `oper_id` bigint(20) NOT NULL AUTO_INCREMENT COMMENT '日志主键',
  `title` varchar(50) CHARACTER SET utf8mb4 COLLATE utf8mb4_bin DEFAULT '' COMMENT '模块标题',
  `business_type` int(2) DEFAULT '0' COMMENT '业务类型（0其它 1新增 2修改 3删除）',
  `method` varchar(100) CHARACTER SET utf8mb4 COLLATE utf8mb4_bin DEFAULT '' COMMENT '方法名称',
  `request_method` varchar(10) CHARACTER SET utf8mb4 COLLATE utf8mb4_bin DEFAULT '' COMMENT '请求方式',
  `operator_type` int(1) DEFAULT '0' COMMENT '操作类别（0其它 1后台用户 2手机端用户）',
  `oper_name` varchar(50) CHARACTER SET utf8mb4 COLLATE utf8mb4_bin DEFAULT '' COMMENT '操作人员',
  `dept_name` varchar(50) CHARACTER SET utf8mb4 COLLATE utf8mb4_bin DEFAULT '' COMMENT '部门名称',
  `oper_url` varchar(255) CHARACTER SET utf8mb4 COLLATE utf8mb4_bin DEFAULT '' COMMENT '请求URL',
  `oper_ip` varchar(128) CHARACTER SET utf8mb4 COLLATE utf8mb4_bin DEFAULT '' COMMENT '主机地址',
  `oper_location` varchar(255) CHARACTER SET utf8mb4 COLLATE utf8mb4_bin DEFAULT '' COMMENT '操作地点',
  `oper_param` varchar(2000) CHARACTER SET utf8mb4 COLLATE utf8mb4_bin DEFAULT '' COMMENT '请求参数',
  `json_result` varchar(2000) CHARACTER SET utf8mb4 COLLATE utf8mb4_bin DEFAULT '' COMMENT '返回参数',
  `status` int(1) DEFAULT '0' COMMENT '操作状态（0正常 1异常）',
  `error_msg` varchar(2000) CHARACTER SET utf8mb4 COLLATE utf8mb4_bin DEFAULT '' COMMENT '错误消息',
  `oper_time` datetime DEFAULT NULL COMMENT '操作时间',
  `cost_time` bigint(20) DEFAULT '0' COMMENT '消耗时间',
  PRIMARY KEY (`oper_id`),
  KEY `idx_sys_oper_log_bt` (`business_type`),
  KEY `idx_sys_oper_log_s` (`status`),
  KEY `idx_sys_oper_log_ot` (`oper_time`)
) ENGINE=InnoDB AUTO_INCREMENT=7 DEFAULT CHARSET=utf8mb4 COMMENT='操作日志记录';

-- ----------------------------
-- Records of sys_oper_log
-- ----------------------------
BEGIN;
INSERT INTO `sys_oper_log` (`oper_id`, `title`, `business_type`, `method`, `request_method`, `operator_type`, `oper_name`, `dept_name`, `oper_url`, `oper_ip`, `oper_location`, `oper_param`, `json_result`, `status`, `error_msg`, `oper_time`, `cost_time`) VALUES (1, '操作日志', 9, 'com.ruoyi.project.monitor.operlog.controller.OperlogController.clean()', 'POST', 1, 'admin', '集团公司', '/monitor/operlog/clean', '124.152.1.106', 'XX XX', '', '{\"msg\":\"操作成功\",\"code\":0}', 0, NULL, '2024-10-06 19:33:33', 19);
INSERT INTO `sys_oper_log` (`oper_id`, `title`, `business_type`, `method`, `request_method`, `operator_type`, `oper_name`, `dept_name`, `oper_url`, `oper_ip`, `oper_location`, `oper_param`, `json_result`, `status`, `error_msg`, `oper_time`, `cost_time`) VALUES (2, '文章内容', 2, 'com.ruoyi.project.portal.article.controller.PortalArticleController.editSave()', 'POST', 1, 'ry', '办公室', '/portal/article/edit', '118.122.117.188', 'XX XX', '{\"articleId\":[\"90\"],\"isIssue\":[\"1\"],\"isPush\":[\"0\"],\"isSlide\":[\"0\"],\"isTop\":[\"0\"]}', '{\"msg\":\"操作成功\",\"code\":0}', 0, NULL, '2024-10-10 17:14:15', 11);
INSERT INTO `sys_oper_log` (`oper_id`, `title`, `business_type`, `method`, `request_method`, `operator_type`, `oper_name`, `dept_name`, `oper_url`, `oper_ip`, `oper_location`, `oper_param`, `json_result`, `status`, `error_msg`, `oper_time`, `cost_time`) VALUES (3, '角色管理', 2, 'com.ruoyi.project.system.role.controller.RoleController.editSave()', 'POST', 1, 'admin', '集团公司', '/system/role/edit', '124.152.1.94', '甘肃省 兰州市', '{\"roleId\":[\"3\"],\"roleName\":[\"办公室\"],\"roleKey\":[\"offer\"],\"roleSort\":[\"2\"],\"status\":[\"0\"],\"remark\":[\"\"],\"menuIds\":[\"4,1076,1077,1078,1079,1080,1081,1062,1063,1064,1065,1066,1067,1082,1083,1084,1085,1086,1118,1131,1132,1133,1134,1135,1136,1125,1126,1127,1128,1129,1130,1117,1119,1120,1121,1122,1123,1124,1069,100,1000,1001,1002,1003,1004,1005,1006,101,1007,1008,1009,1010,1011,103,1016,1017,1018,1019,1113,1114,1115,1116,1068,1070,1071,1072,1073,1074,1075,1095,1096,1097,1098,1099,1100,1101,1102,1103,1104,1105,1106,1107,1108,1109,1110,1111,1112,105,1025,1026,1027,1028,1029,1,102,1012,1013,1014,1015,104,1020,1021,1022,1023,1024,106,1030,1031,1032,1033,1034,107,1035,1036,1037,1038,3,114,115,1057,1058,1059,1060,116,2,110,1050,1051,1052,1053,1054,1055,1056,111,112,113\"]}', '{\"msg\":\"操作成功\",\"code\":0}', 0, NULL, '2024-10-11 08:42:06', 76);
INSERT INTO `sys_oper_log` (`oper_id`, `title`, `business_type`, `method`, `request_method`, `operator_type`, `oper_name`, `dept_name`, `oper_url`, `oper_ip`, `oper_location`, `oper_param`, `json_result`, `status`, `error_msg`, `oper_time`, `cost_time`) VALUES (4, '重置密码', 2, 'com.ruoyi.project.system.user.controller.ProfileController.resetPwd()', 'POST', 1, 'admin', '集团公司', '/system/user/profile/resetPwd', '124.152.1.94', '甘肃省 兰州市', '{\"userId\":[\"1\"],\"loginName\":[\"admin\"]}', '{\"msg\":\"操作成功\",\"code\":0}', 0, NULL, '2024-10-11 09:07:53', 37);
INSERT INTO `sys_oper_log` (`oper_id`, `title`, `business_type`, `method`, `request_method`, `operator_type`, `oper_name`, `dept_name`, `oper_url`, `oper_ip`, `oper_location`, `oper_param`, `json_result`, `status`, `error_msg`, `oper_time`, `cost_time`) VALUES (5, '登录日志', 3, 'com.ruoyi.project.monitor.logininfor.controller.LogininforController.remove()', 'POST', 1, 'admin', '集团公司', '/monitor/logininfor/remove', '124.152.1.94', '甘肃省 兰州市', '{\"ids\":[\"36,35,34,33,32,31,30,29,28,27\"]}', '{\"msg\":\"操作成功\",\"code\":0}', 0, NULL, '2024-10-11 09:55:55', 10);
INSERT INTO `sys_oper_log` (`oper_id`, `title`, `business_type`, `method`, `request_method`, `operator_type`, `oper_name`, `dept_name`, `oper_url`, `oper_ip`, `oper_location`, `oper_param`, `json_result`, `status`, `error_msg`, `oper_time`, `cost_time`) VALUES (6, '登录日志', 3, 'com.ruoyi.project.monitor.logininfor.controller.LogininforController.remove()', 'POST', 1, 'admin', '集团公司', '/monitor/logininfor/remove', '124.152.1.94', '甘肃省 兰州市', '{\"ids\":[\"22,21,20,19,18,17\"]}', '{\"msg\":\"操作成功\",\"code\":0}', 0, NULL, '2024-10-11 09:56:21', 7);
COMMIT;

-- ----------------------------
-- Table structure for sys_portal_article
-- ----------------------------
DROP TABLE IF EXISTS `sys_portal_article`;
CREATE TABLE `sys_portal_article` (
  `article_id` bigint(20) NOT NULL AUTO_INCREMENT COMMENT '文章ID',
  `dept_id` bigint(20) NOT NULL COMMENT '部门ID',
  `article_title` varchar(126) COLLATE utf8mb4_bin DEFAULT '' COMMENT '文章标题',
  `subhead` varchar(126) COLLATE utf8mb4_bin DEFAULT '' COMMENT '副标题',
  `category_id` bigint(20) DEFAULT NULL COMMENT '分类ID',
  `source` varchar(64) COLLATE utf8mb4_bin DEFAULT '' COMMENT '文章来源',
  `description` varchar(500) COLLATE utf8mb4_bin DEFAULT '' COMMENT '描述',
  `thumbnail` varchar(126) COLLATE utf8mb4_bin DEFAULT '' COMMENT '缩略图',
  `content` text COLLATE utf8mb4_bin COMMENT '内容',
  `art_type` char(1) COLLATE utf8mb4_bin DEFAULT '0' COMMENT '类型（0文章 1单页）',
  `art_skip` varchar(126) COLLATE utf8mb4_bin DEFAULT '' COMMENT '跳转地址',
  `degree_num` int(11) DEFAULT '0' COMMENT '访问次数',
  `is_push` char(1) COLLATE utf8mb4_bin DEFAULT '0' COMMENT '是否推荐（1是 0否）',
  `is_slide` char(1) COLLATE utf8mb4_bin DEFAULT '0' COMMENT '是否幻灯（1是 0否）',
  `is_top` char(1) COLLATE utf8mb4_bin DEFAULT '0' COMMENT '是否置顶（1是 0否）',
  `check_status` char(1) COLLATE utf8mb4_bin DEFAULT '0' COMMENT '审核状态（0待审核 1通过，2退回）',
  `is_issue` char(1) COLLATE utf8mb4_bin DEFAULT '0' COMMENT '发布状体(0未发布 1已发布)',
  `show_status` char(1) COLLATE utf8mb4_bin DEFAULT '0' COMMENT '显示状态（0显示 1软删除）',
  `is_grant` char(1) COLLATE utf8mb4_bin DEFAULT '0' COMMENT '是否签发（1是 2否）',
  `grant_id` bigint(20) DEFAULT NULL COMMENT '签发ID',
  `remark` varchar(256) COLLATE utf8mb4_bin DEFAULT NULL COMMENT '备注',
  `create_by` varchar(32) COLLATE utf8mb4_bin DEFAULT '' COMMENT '创建者',
  `create_time` datetime DEFAULT NULL COMMENT '创建时间',
  `update_by` varchar(32) COLLATE utf8mb4_bin DEFAULT '' COMMENT '更新者',
  `update_time` datetime DEFAULT NULL COMMENT '更新时间',
  PRIMARY KEY (`article_id`)
) ENGINE=InnoDB AUTO_INCREMENT=103 DEFAULT CHARSET=utf8mb4 COLLATE=utf8mb4_bin COMMENT='文章内容表';

-- ----------------------------
-- Records of sys_portal_article
-- ----------------------------
BEGIN;
INSERT INTO `sys_portal_article` (`article_id`, `dept_id`, `article_title`, `subhead`, `category_id`, `source`, `description`, `thumbnail`, `content`, `art_type`, `art_skip`, `degree_num`, `is_push`, `is_slide`, `is_top`, `check_status`, `is_issue`, `show_status`, `is_grant`, `grant_id`, `remark`, `create_by`, `create_time`, `update_by`, `update_time`) VALUES (3, 101, '关于清明去放假的安排声明', '', 2, '', '', '', '<p>沙发上微微</p>', '0', '', 0, '0', '0', '0', '1', '1', '1', '1', NULL, '为', 'ry', '2024-04-07 08:28:51', 'admin', '2024-05-12 22:47:19');
INSERT INTO `sys_portal_article` (`article_id`, `dept_id`, `article_title`, `subhead`, `category_id`, `source`, `description`, `thumbnail`, `content`, `art_type`, `art_skip`, `degree_num`, `is_push`, `is_slide`, `is_top`, `check_status`, `is_issue`, `show_status`, `is_grant`, `grant_id`, `remark`, `create_by`, `create_time`, `update_by`, `update_time`) VALUES (4, 103, '国庆佳节祝福伟大的祖国繁荣昌盛 sss3', '', 12, 'fff', '', '', '<p>国庆佳节祝福伟大的祖国繁荣昌盛</p><p>国庆佳节祝福伟大的祖国繁荣昌盛</p><p>国庆佳节祝福伟大的祖国繁荣昌盛</p><p>国庆佳节祝福伟大的祖国繁荣昌盛</p><p>国庆佳节祝福伟大的祖国繁荣昌盛<br></p>', '0', '', 15, '0', '0', '0', '0', '0', '0', '1', NULL, '同意', 'ks', '2024-05-17 15:14:24', 'ks', '2024-10-05 10:33:41');
INSERT INTO `sys_portal_article` (`article_id`, `dept_id`, `article_title`, `subhead`, `category_id`, `source`, `description`, `thumbnail`, `content`, `art_type`, `art_skip`, `degree_num`, `is_push`, `is_slide`, `is_top`, `check_status`, `is_issue`, `show_status`, `is_grant`, `grant_id`, `remark`, `create_by`, `create_time`, `update_by`, `update_time`) VALUES (5, 101, '冬虫夏草的主要功效为补肾益肺，止血化痰 ｜ 测试7', '', 12, '办公室', '', '/profile/upload/2024/05/10/1235cfd1a795a78f1c055637f5891bda_20240510102318A004.jpg', '<p>是的发生</p>', '0', '', 6, '0', '0', '0', '1', '1', '0', '1', NULL, 'dd', 'ry', '2024-05-18 15:14:24', 'ry', '2024-05-12 22:27:49');
INSERT INTO `sys_portal_article` (`article_id`, `dept_id`, `article_title`, `subhead`, `category_id`, `source`, `description`, `thumbnail`, `content`, `art_type`, `art_skip`, `degree_num`, `is_push`, `is_slide`, `is_top`, `check_status`, `is_issue`, `show_status`, `is_grant`, `grant_id`, `remark`, `create_by`, `create_time`, `update_by`, `update_time`) VALUES (6, 103, '公司简介', '', 101, '', '', '', '<p>实施</p><p><img src=\"/profile/upload/2024/05/25/6ea1b6fc9276cc61a0fcdd608136bd8a_20240525084026A001.jpeg\" style=\"width: 683px;\"><br></p>', '1', '', 0, '0', '0', '0', '0', '0', '0', '0', NULL, '', 'ks', '2024-04-07 09:02:18', 'admin', '2024-05-25 08:40:28');
INSERT INTO `sys_portal_article` (`article_id`, `dept_id`, `article_title`, `subhead`, `category_id`, `source`, `description`, `thumbnail`, `content`, `art_type`, `art_skip`, `degree_num`, `is_push`, `is_slide`, `is_top`, `check_status`, `is_issue`, `show_status`, `is_grant`, `grant_id`, `remark`, `create_by`, `create_time`, `update_by`, `update_time`) VALUES (7, 100, '单位介绍', '', 101, '', 's', '', '<p style=\"list-style: none; margin-top: 6px; margin-bottom: 6px; line-height: 32px; font-size: 16px; text-indent: 2em; text-align: justify; color: rgb(51, 51, 51); font-family: &quot;Helvetica Neue&quot;, Helvetica, Arial, sans-serif;\">5月15日，黄南州召开铸牢中华民族共同体意识工作推进会暨迎接全国民族团结进步示范州复检复验工作安排部署会，深入学习贯彻习近平总书记关于加强和改进民族工作的重要思想，总结创建全国民族团结进步示范州经验，动员部署全国民族团结进步示范州复检复验工作。州委书记朱战民出席会议并讲话，州委常委、州政府副州长才让索南主持会议。</p><p style=\"list-style: none; margin-top: 6px; margin-bottom: 6px; line-height: 32px; font-size: 16px; text-indent: 2em; text-align: justify; color: rgb(51, 51, 51); font-family: &quot;Helvetica Neue&quot;, Helvetica, Arial, sans-serif;\">会议指出，自2019年我州成功创建民族团结进步示范州以来，全州上下始终把民族团结进步创建工作作为事关黄南改革发展、和谐稳定的首要任务，以铸牢中华民族共同体意识为主线，常态化开展民族团结进步创建工作，注重标本兼治，着力解决问题，平等团结互助和谐的社会主义新型民族关系更加巩固，尤其是通过自治州成立70周年的不懈奋斗，汇聚起了“共同团结奋斗、共同繁荣发展”的强大正能量，实现了经济加快发展、社会持续稳定、民族团结和睦、宗教秩序和顺、各族人民安居乐业的良好政治生态、社会氛围和发展态势。</p>', '1', '', 0, '0', '0', '0', '0', '0', '0', '0', NULL, 's', 'admin', '2024-05-10 10:39:22', 'admin', '2024-05-24 23:34:47');
INSERT INTO `sys_portal_article` (`article_id`, `dept_id`, `article_title`, `subhead`, `category_id`, `source`, `description`, `thumbnail`, `content`, `art_type`, `art_skip`, `degree_num`, `is_push`, `is_slide`, `is_top`, `check_status`, `is_issue`, `show_status`, `is_grant`, `grant_id`, `remark`, `create_by`, `create_time`, `update_by`, `update_time`) VALUES (8, 100, '关于清明去放假的安排声明', '公司的风格', 13, '组织部', 's', '', '<p>s发发发</p>', '0', '', 4, '1', '0', '0', '1', '1', '0', '1', NULL, '', 'admin', '2024-05-10 10:39:42', 'admin', '2024-05-12 21:59:41');
INSERT INTO `sys_portal_article` (`article_id`, `dept_id`, `article_title`, `subhead`, `category_id`, `source`, `description`, `thumbnail`, `content`, `art_type`, `art_skip`, `degree_num`, `is_push`, `is_slide`, `is_top`, `check_status`, `is_issue`, `show_status`, `is_grant`, `grant_id`, `remark`, `create_by`, `create_time`, `update_by`, `update_time`) VALUES (9, 100, '冬虫夏草的主要功效为补肾益肺，止血化痰 ｜ 测试6', '公司的风格', 12, 's', '', '', '<p>sf&nbsp;</p>', '0', '', 3, '0', '0', '0', '1', '1', '0', '1', NULL, '', 'admin', '2024-05-19 15:14:24', 'admin', '2024-05-12 21:59:49');
INSERT INTO `sys_portal_article` (`article_id`, `dept_id`, `article_title`, `subhead`, `category_id`, `source`, `description`, `thumbnail`, `content`, `art_type`, `art_skip`, `degree_num`, `is_push`, `is_slide`, `is_top`, `check_status`, `is_issue`, `show_status`, `is_grant`, `grant_id`, `remark`, `create_by`, `create_time`, `update_by`, `update_time`) VALUES (10, 100, '关于我们', '6', 3, 's', '', '', '<p>sdfs</p>', '0', '', 1, '0', '0', '0', '1', '1', '0', '1', NULL, '', 'admin', '2024-05-10 19:48:15', 'admin', '2024-05-13 16:14:24');
INSERT INTO `sys_portal_article` (`article_id`, `dept_id`, `article_title`, `subhead`, `category_id`, `source`, `description`, `thumbnail`, `content`, `art_type`, `art_skip`, `degree_num`, `is_push`, `is_slide`, `is_top`, `check_status`, `is_issue`, `show_status`, `is_grant`, `grant_id`, `remark`, `create_by`, `create_time`, `update_by`, `update_time`) VALUES (11, 103, '关于清明去放假的安排声明', '公司的风格q', 3, '原创', 'dfgpp', '', '<p>　　新华社布达佩斯5月10日电（记者张远韩梁陈浩）蓝天白云，晴空暖阳。当地时间9日上午，匈牙利总统舒尤克、总理欧尔班在布达王宫内庭为习近平主席举行欢迎仪式。\r\n\r\n　　</p><p>古老宏伟的布达王宫庄严矗立，中匈两国国旗相映成辉。这是匈方首次启用布达王宫内庭作为欢迎仪式场地。鲜艳的红毯，嘹亮的军乐，英姿挺拔的国防军仪仗队，雄壮威武的骑兵马队……细致的安排，高规格的礼遇，彰显着中匈友好的深情厚谊。\r\n\r\n　　</p><p>当地时间5月9日上午，国家主席习近平在布达佩斯出席匈牙利总统舒尤克和总理欧尔班共同举行的隆重欢迎仪式。新华社记者谢环驰摄这是习近平主席时隔15年再次踏上匈牙利这片美丽富饶的土地。欢迎仪式结束后，习近平主席在匈牙利总统府同舒尤克总统举行会谈。习近平主席特意谈到了前一天抵达布达佩斯国际机场时，欢迎队伍中的匈牙利姑娘欧拉·塔玛拉。\r\n\r\n　　“他们介绍说，她就是15年前给我献花的那个小姑娘，当时只有6岁，现在长大了。”习近平主席说。\r\n\r\n　　</p><p>当地时间5月8日晚，在匈牙利布达佩斯国际机场欢迎队伍中的匈牙利姑娘欧拉·塔玛拉。新华社记者谢环驰摄2009年10月，时任国家副主席习近平访问匈牙利时，欧拉作为儿童代表曾向他献花。后来，欧拉进入中东欧地区第一所使用中文和本国语言教学的匈中双语学校学习，现在已能讲一口流利的汉语。她给自己取了个中文名叫童满。\r\n\r\n　　</p><p>8日晚，习近平主席乘坐专机抵达布达佩斯国际机场。看见习近平主席走下舷梯，欧拉迎上前去献上一束鲜花，高兴地说：“习主席，欢迎您来到匈牙利！”\r\n\r\n　　</p><p>听了工作人员的介绍，习近平主席想了一下，忆起了当年的那个小女孩。“你都已经长这么大了？当年你还只有这么高。”习近平主席一边说，一边用手比划。\r\n\r\n　　当地时间5月8日晚，在匈牙利布达佩斯国际机场，匈牙利姑娘欧拉·塔玛拉与匈中双语学校两名参加欢迎仪式的学生合影。新华社记者谢环驰摄得知欧拉后来学了中文，习近平主席微笑着点点头说：“中文讲得很好。”\r\n\r\n　　“我当时就是一阵感动啊。”9日上午，习近平主席同舒尤克总统谈起这件事时说，“从小姑娘到一个美丽的少女，这不就是象征着中匈友谊友好的成长吗？”</p>', '0', '', 9, '0', '0', '0', '1', '1', '0', '1', NULL, '同意', 'pcs', '2024-05-10 19:49:18', 'admin', '2024-05-13 16:14:17');
INSERT INTO `sys_portal_article` (`article_id`, `dept_id`, `article_title`, `subhead`, `category_id`, `source`, `description`, `thumbnail`, `content`, `art_type`, `art_skip`, `degree_num`, `is_push`, `is_slide`, `is_top`, `check_status`, `is_issue`, `show_status`, `is_grant`, `grant_id`, `remark`, `create_by`, `create_time`, `update_by`, `update_time`) VALUES (12, 100, '域名解析的方法', '666', 2, 'dept', '域名解析的方法', '', '<p>域名解析的方法</p>', '0', '', 0, '0', '0', '0', '1', '1', '0', '1', NULL, '', 'admin', '2024-05-10 20:02:38', 'admin', '2024-09-17 21:36:35');
INSERT INTO `sys_portal_article` (`article_id`, `dept_id`, `article_title`, `subhead`, `category_id`, `source`, `description`, `thumbnail`, `content`, `art_type`, `art_skip`, `degree_num`, `is_push`, `is_slide`, `is_top`, `check_status`, `is_issue`, `show_status`, `is_grant`, `grant_id`, `remark`, `create_by`, `create_time`, `update_by`, `update_time`) VALUES (13, 100, 'rr777', 'r', 14, 'rr', 'rr', '', '<p>rr</p>', '0', '', 0, '0', '0', '0', '1', '1', '0', '1', NULL, '', 'admin', '2024-05-10 23:14:34', 'admin', '2024-05-13 18:31:42');
INSERT INTO `sys_portal_article` (`article_id`, `dept_id`, `article_title`, `subhead`, `category_id`, `source`, `description`, `thumbnail`, `content`, `art_type`, `art_skip`, `degree_num`, `is_push`, `is_slide`, `is_top`, `check_status`, `is_issue`, `show_status`, `is_grant`, `grant_id`, `remark`, `create_by`, `create_time`, `update_by`, `update_time`) VALUES (14, 100, '内网网站部署需要掌握的技能有哪些', '内网网站部署需要掌握的技能有哪些', 2, 'rr', '内网网站部署需要掌握的技能有哪些', '', '<p style=\"text-align: center; \">内网网站部署需要掌握的技能有哪些</p>', '0', '', 4, '0', '0', '0', '1', '1', '0', '1', NULL, '', 'admin', '2024-05-10 23:14:52', 'admin', '2024-09-17 21:35:51');
INSERT INTO `sys_portal_article` (`article_id`, `dept_id`, `article_title`, `subhead`, `category_id`, `source`, `description`, `thumbnail`, `content`, `art_type`, `art_skip`, `degree_num`, `is_push`, `is_slide`, `is_top`, `check_status`, `is_issue`, `show_status`, `is_grant`, `grant_id`, `remark`, `create_by`, `create_time`, `update_by`, `update_time`) VALUES (15, 103, '不仅要提升政务服务水平，更要打造一流营商环境', '打造一流营商环境', 3, '网络', '不断深化改革，优化营商环境', '/profile/upload/2024/09/16/2211_20240916213026A001.jpg', '<p>　“通过党建+模式的探索，不仅要提升政务服务水平，更要打造一流营商环境。”行政审批局相关负责人表示。近年来，行政审批局不断在简化流程、优化服务，方便群众办事上下功夫。设立“红色代办”党员服务队，选拔业务骨干帮助企业解决从项目审批到开工生产的全流程问题。组建“我来跑”志愿服务队，开展镇村联动的代办服务。除此以外，相关部门还对企业和群众“高频”事项推行“定制套餐”服务，办事材料精简20%，环节减少20%，时限压缩30%。</p><p style=\"text-align: center; \"><br></p><p>　　与此同时，不断深化改革，优化营商环境。推动政务服务向村级延伸。建成村级便民服务中心和全科社工队伍，推动74个服务事项下沉至村，形成镇村两级“一窗通办”互联互通，真正实现“多点可办、少跑快办”。据统计，自该镇行政审批局运行以来，日均接待办事群众328人，日均办结事项513件，有效提升群众获得感和幸福感。</p>', '0', '', 10, '1', '1', '0', '1', '1', '0', '1', NULL, '同意', 'pcs', '2024-05-12 16:47:44', 'ry', '2024-09-17 20:44:21');
INSERT INTO `sys_portal_article` (`article_id`, `dept_id`, `article_title`, `subhead`, `category_id`, `source`, `description`, `thumbnail`, `content`, `art_type`, `art_skip`, `degree_num`, `is_push`, `is_slide`, `is_top`, `check_status`, `is_issue`, `show_status`, `is_grant`, `grant_id`, `remark`, `create_by`, `create_time`, `update_by`, `update_time`) VALUES (16, 100, '青春需要磨砺，只有经历过风雨的洗礼，才能绽放出更加绚烂的光彩', '6s', 3, '办公室', 'fgd', '', '<p>　　军训也让我深刻体会到了团队的力量。在队列训练中，我们每个人都是团队的一员，只有大家齐心协力，才能走出整齐的步伐。拔河比赛中，我们更是团结一致，为了班级的荣誉拼尽全力。在这个过程中，我学会了与他人合作，学会了关心和帮助他人。我相信，这份团队精神将在今后的大学生活中发挥重要作用。</p><p><br></p><p>　　军训虽然辛苦，但它也是一段美好的回忆。那些与同学们一起挥洒汗水的日子，那些在烈日下的坚持，都将成为我人生中宝贵的财富。它让我明白了，青春需要磨砺，只有经历过风雨的洗礼，才能绽放出更加绚烂的光彩。</p>', '0', '', 2, '0', '0', '0', '1', '1', '0', '1', NULL, '', 'admin', '2024-05-12 16:53:25', 'admin', '2024-09-17 21:48:37');
INSERT INTO `sys_portal_article` (`article_id`, `dept_id`, `article_title`, `subhead`, `category_id`, `source`, `description`, `thumbnail`, `content`, `art_type`, `art_skip`, `degree_num`, `is_push`, `is_slide`, `is_top`, `check_status`, `is_issue`, `show_status`, `is_grant`, `grant_id`, `remark`, `create_by`, `create_time`, `update_by`, `update_time`) VALUES (17, 103, '《上甘岭》插曲《我的祖国》，经典红歌，振奋人心！', '属地发', 2, '属地发', '属地发', '/profile/upload/2024/09/17/101_20240917192032A001.jpg', '<p style=\"text-align: center; \">&nbsp;&nbsp;</p><p style=\"text-align: center;\">一条大河波浪宽&nbsp;&nbsp;</p><p style=\"text-align: center;\">风吹稻花香两岸&nbsp;&nbsp;</p><p style=\"text-align: center;\">我家就在岸上住&nbsp;&nbsp;</p><p style=\"text-align: center;\">听惯了艄公的号子&nbsp;&nbsp;</p><p style=\"text-align: center;\">看惯了船上的白帆&nbsp;&nbsp;</p><p style=\"text-align: center;\">一条大河波浪宽&nbsp;&nbsp;</p><p style=\"text-align: center;\">风吹稻花香两岸&nbsp;&nbsp;</p><p style=\"text-align: center;\">我家就在岸上住&nbsp;&nbsp;</p><p style=\"text-align: center;\">听惯了艄公的号子&nbsp;&nbsp;</p><p style=\"text-align: center;\">看惯了船上的白帆&nbsp;&nbsp;</p><p style=\"text-align: center;\">这是美丽的祖国&nbsp;&nbsp;</p><p style=\"text-align: center;\">是我生长的地方&nbsp;&nbsp;</p><p style=\"text-align: center;\">在这片辽阔的土地上&nbsp;&nbsp;</p><p style=\"text-align: center;\">到处都有明媚的风光&nbsp;&nbsp;</p><p style=\"text-align: center;\">姑娘好像花儿一样&nbsp;&nbsp;</p><p style=\"text-align: center;\">小伙儿心胸多宽广&nbsp;&nbsp;</p><p style=\"text-align: center;\">为了开辟新天地&nbsp;&nbsp;</p><p style=\"text-align: center;\">唤醒了沉睡的高山&nbsp;&nbsp;</p><p style=\"text-align: center;\">让那河流改变了模样&nbsp;&nbsp;</p><p style=\"text-align: center;\">这是英雄的祖国&nbsp;&nbsp;</p><p style=\"text-align: center;\">是我生长的地方&nbsp;&nbsp;</p><p style=\"text-align: center;\">在这片古老的土地上&nbsp;&nbsp;</p><p style=\"text-align: center;\">到处都有青春的力量&nbsp;&nbsp;</p><p style=\"text-align: center;\">好山好水好地方&nbsp;&nbsp;</p><p style=\"text-align: center; \">条条大路都宽敞&nbsp;&nbsp;</p><p style=\"text-align: center;\">朋友来了有好酒&nbsp;&nbsp;</p><p style=\"text-align: center;\">若是那豺狼来了&nbsp;&nbsp;</p><p style=\"text-align: center;\">迎接它的有猎枪&nbsp;&nbsp;</p><p style=\"text-align: center;\">这是强大的祖国&nbsp;&nbsp;</p><p style=\"text-align: center;\">是我生长的地方&nbsp;&nbsp;</p><p style=\"text-align: center;\">在这片温暖的土地上&nbsp;&nbsp;</p><p style=\"text-align: center; \">到处都有和平的阳光</p>', '0', '', 7, '1', '0', '0', '1', '1', '0', '1', NULL, '同意', 'pcs', '2024-05-12 16:57:56', 'ry', '2024-09-17 19:21:16');
INSERT INTO `sys_portal_article` (`article_id`, `dept_id`, `article_title`, `subhead`, `category_id`, `source`, `description`, `thumbnail`, `content`, `art_type`, `art_skip`, `degree_num`, `is_push`, `is_slide`, `is_top`, `check_status`, `is_issue`, `show_status`, `is_grant`, `grant_id`, `remark`, `create_by`, `create_time`, `update_by`, `update_time`) VALUES (18, 103, '当穿上那身整齐的迷彩服，站在操场上的那一刻，一种使命感油然而生', '公司的风格', 2, '史蒂夫', '史蒂夫', '/profile/upload/2024/09/17/2001_20240917193020A002.png', '<p>　　九月的阳光依旧炽热，怀着对大学生活的憧憬与期待，我迎来了大学的军训。当穿上那身整齐的迷彩服，站在操场上的那一刻，一种使命感油然而生。</p><p><br></p><p>　　军训的日子紧张而充实。每天清晨，在嘹亮的哨声中，我们迅速集合，开始一天的训练。站军姿、踢正步、跑步，每一项训练都考验着我们的耐力和毅力。太阳无情地炙烤着大地，汗水湿透了衣衫，但我们没有一个人退缩。教官们严厉而又细心，他们一遍遍地纠正我们的动作，让我们在不断的重复中逐渐掌握要领。</p><p style=\"text-align: center; \"><img src=\"/profile/upload/2024/09/17/2001_20240917192946A001.png\" style=\"width: 710px;\"><br></p><p>　　在军训中，我不仅锻炼了身体，更磨砺了意志。站军姿时的酸痛、踢正步时的疲惫，都曾让我想过放弃。但每当看到身边的同学们都在坚持，我便告诉自己不能掉队。我学会了在困难面前不低头，勇敢地迎接挑战。这种坚韧不拔的精神，将伴随我走过大学的四年时光。</p><p><br></p><p>　　军训也让我深刻体会到了团队的力量。在队列训练中，我们每个人都是团队的一员，只有大家齐心协力，才能走出整齐的步伐。拔河比赛中，我们更是团结一致，为了班级的荣誉拼尽全力。在这个过程中，我学会了与他人合作，学会了关心和帮助他人。我相信，这份团队精神将在今后的大学生活中发挥重要作用。</p><p><br></p><p>　　军训虽然辛苦，但它也是一段美好的回忆。那些与同学们一起挥洒汗水的日子，那些在烈日下的坚持，都将成为我人生中宝贵的财富。它让我明白了，青春需要磨砺，只有经历过风雨的洗礼，才能绽放出更加绚烂的光彩。</p><p><br></p><p>　　军训结束了，但它带给我的影响将永远留在我心中。我将以更加饱满的热情和坚定的信念，投入到大学生活中去，努力实现自己的梦想。</p>', '0', '', 12, '1', '0', '0', '1', '1', '0', '1', NULL, '同意', 'ks', '2024-05-12 18:45:26', 'ry', '2024-09-17 19:31:08');
INSERT INTO `sys_portal_article` (`article_id`, `dept_id`, `article_title`, `subhead`, `category_id`, `source`, `description`, `thumbnail`, `content`, `art_type`, `art_skip`, `degree_num`, `is_push`, `is_slide`, `is_top`, `check_status`, `is_issue`, `show_status`, `is_grant`, `grant_id`, `remark`, `create_by`, `create_time`, `update_by`, `update_time`) VALUES (19, 100, '热血铸军魂 青春展风采', '金秋送爽，阳光灿烂', 2, '网络', '金秋送爽，阳光灿烂', '', '<p>9月9日，金秋送爽，阳光灿烂，2024年高一新生军训动员大会在学校田径场隆重举行</p>', '0', '', 1, '0', '0', '0', '1', '1', '0', '0', NULL, '抬头', 'admin', '2024-05-12 19:48:58', 'admin', '2024-09-17 21:32:14');
INSERT INTO `sys_portal_article` (`article_id`, `dept_id`, `article_title`, `subhead`, `category_id`, `source`, `description`, `thumbnail`, `content`, `art_type`, `art_skip`, `degree_num`, `is_push`, `is_slide`, `is_top`, `check_status`, `is_issue`, `show_status`, `is_grant`, `grant_id`, `remark`, `create_by`, `create_time`, `update_by`, `update_time`) VALUES (20, 100, '加强党务公开工作人员的培训，提高其业务能力和综合素质', 's', 3, 'ss', 'ss', '', '<div style=\"text-align: center;\"><span style=\"color: inherit;\">加强党务公开工作人员的培训，提高其业务能力和综合素质，为党务公开工作提供有力的人才保障。</span></div>', '0', '', 1, '0', '0', '0', '1', '1', '0', '0', NULL, '', 'admin', '2024-05-12 19:51:42', 'admin', '2024-09-17 21:43:14');
INSERT INTO `sys_portal_article` (`article_id`, `dept_id`, `article_title`, `subhead`, `category_id`, `source`, `description`, `thumbnail`, `content`, `art_type`, `art_skip`, `degree_num`, `is_push`, `is_slide`, `is_top`, `check_status`, `is_issue`, `show_status`, `is_grant`, `grant_id`, `remark`, `create_by`, `create_time`, `update_by`, `update_time`) VALUES (21, 100, '9999999', '', 13, '000', '', '', '<p>9</p>', '0', '', 3, '0', '0', '0', '1', '0', '0', '0', NULL, '', 'admin', '2024-05-13 10:00:55', 'admin', '2024-05-19 12:10:46');
INSERT INTO `sys_portal_article` (`article_id`, `dept_id`, `article_title`, `subhead`, `category_id`, `source`, `description`, `thumbnail`, `content`, `art_type`, `art_skip`, `degree_num`, `is_push`, `is_slide`, `is_top`, `check_status`, `is_issue`, `show_status`, `is_grant`, `grant_id`, `remark`, `create_by`, `create_time`, `update_by`, `update_time`) VALUES (22, 100, '联系我们', '', 101, '', '', '', '<p style=\"text-align: center; \">联系我们的内容</p><p style=\"text-align: center; \"><img src=\"/profile/upload/2024/05/25/00910f0d02968c197917fbd7b26aaf00_20240525084137A002.jpg\" style=\"width: 753.625px; height: 423.907px;\"><br></p>', '1', '', 0, '0', '0', '0', '1', '0', '0', '0', NULL, '', 'admin', '2024-05-18 23:29:47', 'admin', '2024-09-14 12:27:25');
INSERT INTO `sys_portal_article` (`article_id`, `dept_id`, `article_title`, `subhead`, `category_id`, `source`, `description`, `thumbnail`, `content`, `art_type`, `art_skip`, `degree_num`, `is_push`, `is_slide`, `is_top`, `check_status`, `is_issue`, `show_status`, `is_grant`, `grant_id`, `remark`, `create_by`, `create_time`, `update_by`, `update_time`) VALUES (23, 100, '组织机构', '', 101, '', '', '', '<p>组织机构<br></p>', '1', '', 0, '0', '0', '0', '1', '0', '0', '0', NULL, '', 'admin', '2024-05-19 10:56:16', '', NULL);
INSERT INTO `sys_portal_article` (`article_id`, `dept_id`, `article_title`, `subhead`, `category_id`, `source`, `description`, `thumbnail`, `content`, `art_type`, `art_skip`, `degree_num`, `is_push`, `is_slide`, `is_top`, `check_status`, `is_issue`, `show_status`, `is_grant`, `grant_id`, `remark`, `create_by`, `create_time`, `update_by`, `update_time`) VALUES (24, 100, '出塞二首·其一：秦时明月汉时关，万里长征人未还', '', 13, '办公室', '', '', '<p style=\"text-align: center;\">秦时明月汉时关，万里长征人未还。&nbsp;&nbsp;</p><p style=\"text-align: center; \">但使龙城飞将在，不教胡马度阴山。</p><p style=\"text-align: center; \"><br></p><p style=\"text-align: center; \"><br></p><p>　　这是一首著名的边塞，表达了诗人希望起任良将，早日平息边塞战事，使人民过上安定的生活的愿望。</p><p><br></p><p>　　诗人从描写景物景入手，首句勾勒出一幅冷月照边关的苍凉景象。“秦时明月汉时关”不能理解为秦时的明月汉代的关。这里是秦、汉、关、月四字交错使用，在修辞上叫“互文见义”，意思是秦汉时的明月，秦汉时的关。诗人暗示，这里的战事自秦汉以来一直未间歇过，突出了时间的久远。次句“万里长征人未还”，“万里”指边塞和内地相距万里，虽属虚指，却突出了空间辽阔。“人未还”使人联想到战争给人带来的灾难，表达了诗人悲愤的情感。</p><p></p>', '0', '', 6, '0', '0', '0', '1', '1', '0', '0', NULL, '同意', 'admin', '2024-05-25 15:05:18', 'ry', '2024-09-16 20:39:52');
INSERT INTO `sys_portal_article` (`article_id`, `dept_id`, `article_title`, `subhead`, `category_id`, `source`, `description`, `thumbnail`, `content`, `art_type`, `art_skip`, `degree_num`, `is_push`, `is_slide`, `is_top`, `check_status`, `is_issue`, `show_status`, `is_grant`, `grant_id`, `remark`, `create_by`, `create_time`, `update_by`, `update_time`) VALUES (25, 100, '僵卧孤村不自哀，尚思为国戍轮台。', '', 13, '办公室', '', '', '<p style=\"text-align: center; \">十一月四日风雨大作（其二）<br></p><p style=\"text-align: center; \"><br></p><p style=\"text-align: center; \">僵卧孤村不自哀，尚思为国戍轮台。&nbsp;&nbsp;</p><p style=\"text-align: center; \">夜阑卧听风吹雨，铁马冰河入梦来。</p><p style=\"text-align: center; \"><br></p><p style=\"text-align: left;\">　　风卷江湖雨暗村，四山声作海涛翻。溪柴火软蛮毡暖，我与狸奴不出门。僵卧孤村不自哀，尚思为国戍轮台。夜阑卧听风吹雨，铁马冰河入梦来。第一首诗主要写十一月四日的大雨和诗人之处境。前两句以夸张之法写大雨瓢泼，其声响之巨，描绘出黑天大风大雨之境，很是生动，波涛汹涌之声正与作者渴望为国出力、光复中原之心相印。后两句转写近处，描写其所处之境，写出作者因天冷而不思出门，其妙处是把作者的主观之感和猫结合一起写。第二首诗以“痴情化门”的手法，深沉地表达了作者收复国土、报效祖国的壮志和那种“年既老而不衰”的矢志不渝精神，向读者展示了诗人的一片赤胆忠心<br></p><p></p>', '0', '', 7, '0', '0', '0', '1', '1', '0', '0', NULL, '同意', 'admin', '2024-05-24 15:05:18', 'ry', '2024-09-17 18:24:58');
INSERT INTO `sys_portal_article` (`article_id`, `dept_id`, `article_title`, `subhead`, `category_id`, `source`, `description`, `thumbnail`, `content`, `art_type`, `art_skip`, `degree_num`, `is_push`, `is_slide`, `is_top`, `check_status`, `is_issue`, `show_status`, `is_grant`, `grant_id`, `remark`, `create_by`, `create_time`, `update_by`, `update_time`) VALUES (26, 100, '王师北定中原日，家祭无忘告乃翁', '', 13, '办公室', '', '', '<h1 style=\"text-align: center; font-size: 20px; margin-top: 0.67em; margin-bottom: 0.67em; color: rgb(51, 51, 51); padding: 0px 5px; font-family: Arial, sans-serif;\">示儿</h1><p style=\"text-align: center; \"><br></p><p style=\"text-align: center; \">死去元知万事空，但悲不见九州同。&nbsp;&nbsp;</p><p style=\"text-align: center; \">王师北定中原日，家祭无忘告乃翁。</p><p style=\"text-align: center; \"><br></p><p>　　是陆游爱国诗中的又一首名篇。陆游一生致力于抗金斗争，一直希望能收复中原。虽然频遇挫折，却仍然未改变初衷。从诗中可以领会到诗人的爱国激情是何等的执着、深沉、热烈、真挚！也凝聚着诗人毕生的心事，诗人始终如一地抱着当时汉民族必然要光复旧物的信念，对抗战事业具有必胜的信心。题目是《示儿》，相当于遗嘱。在短短的篇幅中，诗人披肝沥胆地嘱咐着儿子，无比光明磊落，激动人心！浓浓的爱国之情跃然纸上。</p><p><br></p><p>　　诗人在写此诗的十一年以前，叹息过“死前恨不见中原”，在热烈地期待着旧业的光复。直到临终之际，诗人仍然抱有这样坚定的信念，宋朝的抗敌部队要挥戈</p><p></p>', '0', '', 3, '0', '0', '0', '1', '1', '0', '0', NULL, '同意', 'admin', '2024-05-23 15:05:18', 'ry', '2024-09-17 18:40:21');
INSERT INTO `sys_portal_article` (`article_id`, `dept_id`, `article_title`, `subhead`, `category_id`, `source`, `description`, `thumbnail`, `content`, `art_type`, `art_skip`, `degree_num`, `is_push`, `is_slide`, `is_top`, `check_status`, `is_issue`, `show_status`, `is_grant`, `grant_id`, `remark`, `create_by`, `create_time`, `update_by`, `update_time`) VALUES (27, 100, '文章知识点与官方知识档案匹配，可进一步学习相关知识测试3', '', 13, '办公室', '', '', '<p>是</p>4', '0', '', 1, '0', '0', '0', '0', '0', '0', '0', NULL, NULL, 'admin', '2024-05-22 15:05:18', '', NULL);
INSERT INTO `sys_portal_article` (`article_id`, `dept_id`, `article_title`, `subhead`, `category_id`, `source`, `description`, `thumbnail`, `content`, `art_type`, `art_skip`, `degree_num`, `is_push`, `is_slide`, `is_top`, `check_status`, `is_issue`, `show_status`, `is_grant`, `grant_id`, `remark`, `create_by`, `create_time`, `update_by`, `update_time`) VALUES (28, 100, '文章知识点与官方知识档案匹配，可进一步学习相关知识测试4', '', 13, '办公室', '', '', '<p>是</p>5', '0', '', 6, '0', '0', '0', '0', '0', '0', '0', NULL, NULL, 'admin', '2024-05-21 15:05:18', '', NULL);
INSERT INTO `sys_portal_article` (`article_id`, `dept_id`, `article_title`, `subhead`, `category_id`, `source`, `description`, `thumbnail`, `content`, `art_type`, `art_skip`, `degree_num`, `is_push`, `is_slide`, `is_top`, `check_status`, `is_issue`, `show_status`, `is_grant`, `grant_id`, `remark`, `create_by`, `create_time`, `update_by`, `update_time`) VALUES (29, 100, '文章知识点与官方知识档案匹配，可进一步学习相关知识测试5', '', 13, '办公室', '', '', '<p>是</p>6', '0', '', 2, '0', '0', '0', '0', '0', '0', '0', NULL, NULL, 'admin', '2024-05-20 15:05:18', '', NULL);
INSERT INTO `sys_portal_article` (`article_id`, `dept_id`, `article_title`, `subhead`, `category_id`, `source`, `description`, `thumbnail`, `content`, `art_type`, `art_skip`, `degree_num`, `is_push`, `is_slide`, `is_top`, `check_status`, `is_issue`, `show_status`, `is_grant`, `grant_id`, `remark`, `create_by`, `create_time`, `update_by`, `update_time`) VALUES (30, 100, '文章知识点与官方知识档案匹配，可进一步学习相关知识测试6', '', 13, '办公室', '', '', '<p>是</p>7', '0', '', 1, '0', '0', '0', '0', '0', '0', '0', NULL, NULL, 'admin', '2024-05-19 15:05:18', '', NULL);
INSERT INTO `sys_portal_article` (`article_id`, `dept_id`, `article_title`, `subhead`, `category_id`, `source`, `description`, `thumbnail`, `content`, `art_type`, `art_skip`, `degree_num`, `is_push`, `is_slide`, `is_top`, `check_status`, `is_issue`, `show_status`, `is_grant`, `grant_id`, `remark`, `create_by`, `create_time`, `update_by`, `update_time`) VALUES (31, 100, '文章知识点与官方知识档案匹配，可进一步学习相关知识测试7', '', 13, '办公室', '', '', '<p>是</p>8', '0', '', 4, '0', '0', '0', '0', '0', '0', '0', NULL, NULL, 'admin', '2024-05-18 15:05:18', '', NULL);
INSERT INTO `sys_portal_article` (`article_id`, `dept_id`, `article_title`, `subhead`, `category_id`, `source`, `description`, `thumbnail`, `content`, `art_type`, `art_skip`, `degree_num`, `is_push`, `is_slide`, `is_top`, `check_status`, `is_issue`, `show_status`, `is_grant`, `grant_id`, `remark`, `create_by`, `create_time`, `update_by`, `update_time`) VALUES (32, 100, '文章知识点与官方知识档案匹配，可进一步学习相关知识测试8', '', 13, '办公室', '', '', '<p>是</p>9', '0', '', 1, '0', '0', '0', '0', '0', '0', '0', NULL, NULL, 'admin', '2024-05-17 15:05:18', '', NULL);
INSERT INTO `sys_portal_article` (`article_id`, `dept_id`, `article_title`, `subhead`, `category_id`, `source`, `description`, `thumbnail`, `content`, `art_type`, `art_skip`, `degree_num`, `is_push`, `is_slide`, `is_top`, `check_status`, `is_issue`, `show_status`, `is_grant`, `grant_id`, `remark`, `create_by`, `create_time`, `update_by`, `update_time`) VALUES (33, 100, '关于清明去放假的安排声明10', '', 12, '办公室', '', '', '<p>是</p>10', '0', '', 4, '0', '0', '0', '1', '1', '0', '0', NULL, '同意', 'admin', '2024-05-16 14:53:35', 'admin', '2024-09-15 21:25:08');
INSERT INTO `sys_portal_article` (`article_id`, `dept_id`, `article_title`, `subhead`, `category_id`, `source`, `description`, `thumbnail`, `content`, `art_type`, `art_skip`, `degree_num`, `is_push`, `is_slide`, `is_top`, `check_status`, `is_issue`, `show_status`, `is_grant`, `grant_id`, `remark`, `create_by`, `create_time`, `update_by`, `update_time`) VALUES (34, 100, '定期对党务公开情况进行考核评价，确保党务公开工作落到实处', '6', 3, '办公室', 'sssss', '', '<p>加强对党务公开工作的监督检查，定期对党务公开情况进行考核评价，确保党务公开工作落到实处。</p>', '0', '', 5, '0', '0', '0', '1', '1', '0', '0', NULL, 'ada', 'admin', '2024-05-25 15:08:22', 'admin', '2024-09-17 21:43:52');
INSERT INTO `sys_portal_article` (`article_id`, `dept_id`, `article_title`, `subhead`, `category_id`, `source`, `description`, `thumbnail`, `content`, `art_type`, `art_skip`, `degree_num`, `is_push`, `is_slide`, `is_top`, `check_status`, `is_issue`, `show_status`, `is_grant`, `grant_id`, `remark`, `create_by`, `create_time`, `update_by`, `update_time`) VALUES (35, 100, '对党员和群众提出的意见和建议，及时进行处理和反馈', '', 3, '办公室', '对党员和群众提出的意见和建议，及时进行处理和反馈，不断改进党务公开工作。', '', '对党员和群众提出的意见和建议，及时进行处理和反馈，不断改进党务公开工作。', '0', '', 4, '0', '0', '0', '1', '1', '0', '0', NULL, '同意', 'admin', '2024-05-24 15:08:22', 'admin', '2024-09-17 21:44:45');
INSERT INTO `sys_portal_article` (`article_id`, `dept_id`, `article_title`, `subhead`, `category_id`, `source`, `description`, `thumbnail`, `content`, `art_type`, `art_skip`, `degree_num`, `is_push`, `is_slide`, `is_top`, `check_status`, `is_issue`, `show_status`, `is_grant`, `grant_id`, `remark`, `create_by`, `create_time`, `update_by`, `update_time`) VALUES (36, 100, '收集党员和群众对党务公开的意见和建议', '', 3, '办公室', '', '', '<p>通过设立意见箱、开通热线电话、网络反馈等方式，收集党员和群众对党务公开的意见和建议。</p>', '0', '', 5, '0', '0', '0', '1', '1', '0', '0', NULL, '同意', 'admin', '2024-05-23 15:08:22', 'admin', '2024-09-17 21:45:36');
INSERT INTO `sys_portal_article` (`article_id`, `dept_id`, `article_title`, `subhead`, `category_id`, `source`, `description`, `thumbnail`, `content`, `art_type`, `art_skip`, `degree_num`, `is_push`, `is_slide`, `is_top`, `check_status`, `is_issue`, `show_status`, `is_grant`, `grant_id`, `remark`, `create_by`, `create_time`, `update_by`, `update_time`) VALUES (37, 100, '增强党的公信力和凝聚力，让人民群众更好地了解党的工作，提高对党的信任和支持。', '', 3, '办公室', '', '', '<ul class=\"auto-hide-last-sibling-br\" style=\"-webkit-font-smoothing: antialiased; -webkit-tap-highlight-color: rgba(0, 0, 0, 0); margin-bottom: 0px; margin-top: 8px; color: initial; overflow-anchor: auto; font-family: Inter, -apple-system, &quot;system-ui&quot;, &quot;Segoe UI&quot;, &quot;SF Pro SC&quot;, &quot;SF Pro Display&quot;, &quot;SF Pro Icons&quot;, &quot;PingFang SC&quot;, &quot;Hiragino Sans GB&quot;, &quot;Microsoft YaHei&quot;, &quot;Helvetica Neue&quot;, Helvetica, Arial, sans-serif; font-size: 16px; padding-left: 20px !important;\"><li style=\"-webkit-font-smoothing: antialiased; -webkit-tap-highlight-color: rgba(0, 0, 0, 0); font-size: var(--md-box-samantha-normal-text-font-size); line-height: var(--md-box-samantha-normal-text-line-height); color: initial; list-style-type: circle; padding-left: 4px; overflow-anchor: auto;\">增强党的公信力和凝聚力，让人民群众更好地了解党的工作，提高对党的信任和支持。</li></ul><p></p>', '0', '', 7, '0', '0', '0', '1', '1', '0', '0', NULL, 'aa', 'admin', '2024-05-22 15:08:22', 'admin', '2024-09-17 21:46:08');
INSERT INTO `sys_portal_article` (`article_id`, `dept_id`, `article_title`, `subhead`, `category_id`, `source`, `description`, `thumbnail`, `content`, `art_type`, `art_skip`, `degree_num`, `is_push`, `is_slide`, `is_top`, `check_status`, `is_issue`, `show_status`, `is_grant`, `grant_id`, `remark`, `create_by`, `create_time`, `update_by`, `update_time`) VALUES (38, 100, 'Java如何获取Date的“昨天”与“明天”示例代码测试4', '', 3, '办公室', '', '', '<p>是</p>15', '0', '', 2, '0', '0', '0', '0', '0', '0', '0', NULL, NULL, 'admin', '2024-05-21 15:08:22', '', NULL);
INSERT INTO `sys_portal_article` (`article_id`, `dept_id`, `article_title`, `subhead`, `category_id`, `source`, `description`, `thumbnail`, `content`, `art_type`, `art_skip`, `degree_num`, `is_push`, `is_slide`, `is_top`, `check_status`, `is_issue`, `show_status`, `is_grant`, `grant_id`, `remark`, `create_by`, `create_time`, `update_by`, `update_time`) VALUES (39, 100, 'Java如何获取Date的“昨天”与“明天”示例代码测试5', '', 3, '办公室', '', '', '<p>是</p>1', '0', '', 0, '0', '0', '0', '0', '0', '0', '0', NULL, NULL, 'admin', '2024-05-20 15:08:23', '', NULL);
INSERT INTO `sys_portal_article` (`article_id`, `dept_id`, `article_title`, `subhead`, `category_id`, `source`, `description`, `thumbnail`, `content`, `art_type`, `art_skip`, `degree_num`, `is_push`, `is_slide`, `is_top`, `check_status`, `is_issue`, `show_status`, `is_grant`, `grant_id`, `remark`, `create_by`, `create_time`, `update_by`, `update_time`) VALUES (40, 100, 'Java如何获取Date的“昨天”与“明天”示例代码测试6', '', 3, '办公室', '', '', '<p>是</p>2', '0', '', 0, '0', '0', '0', '0', '0', '0', '0', NULL, NULL, 'admin', '2024-05-19 15:08:23', '', NULL);
INSERT INTO `sys_portal_article` (`article_id`, `dept_id`, `article_title`, `subhead`, `category_id`, `source`, `description`, `thumbnail`, `content`, `art_type`, `art_skip`, `degree_num`, `is_push`, `is_slide`, `is_top`, `check_status`, `is_issue`, `show_status`, `is_grant`, `grant_id`, `remark`, `create_by`, `create_time`, `update_by`, `update_time`) VALUES (41, 100, 'Java如何获取Date的“昨天”与“明天”示例代码测试7', '', 3, '办公室', '', '', '<p>是</p>3', '0', '', 0, '0', '0', '0', '0', '0', '0', '0', NULL, NULL, 'admin', '2024-05-18 15:08:23', '', NULL);
INSERT INTO `sys_portal_article` (`article_id`, `dept_id`, `article_title`, `subhead`, `category_id`, `source`, `description`, `thumbnail`, `content`, `art_type`, `art_skip`, `degree_num`, `is_push`, `is_slide`, `is_top`, `check_status`, `is_issue`, `show_status`, `is_grant`, `grant_id`, `remark`, `create_by`, `create_time`, `update_by`, `update_time`) VALUES (42, 100, 'Java如何获取Date的“昨天”与“明天”示例代码测试8', '', 3, '办公室', '', '', '<p>是</p>4', '0', '', 0, '0', '0', '0', '0', '0', '0', '0', NULL, NULL, 'admin', '2024-05-17 15:08:23', '', NULL);
INSERT INTO `sys_portal_article` (`article_id`, `dept_id`, `article_title`, `subhead`, `category_id`, `source`, `description`, `thumbnail`, `content`, `art_type`, `art_skip`, `degree_num`, `is_push`, `is_slide`, `is_top`, `check_status`, `is_issue`, `show_status`, `is_grant`, `grant_id`, `remark`, `create_by`, `create_time`, `update_by`, `update_time`) VALUES (43, 100, '从军行七首·其四：青海长云暗雪山，孤城遥望玉门关', '', 2, '办公室', '', '', '<p style=\"text-align: center; \">青海长云暗雪山，孤城遥望玉门关。&nbsp;&nbsp;</p><p style=\"text-align: center; \">黄沙百战穿金甲，不破楼兰终不还。</p><p style=\"text-align: center; \"><br></p><p>　　唐代边塞的读者，往往因为诗中所涉及的地名古今杂举、空间悬隔而感到困惑。怀疑作者不谙地理，因而不求甚解者有之，曲为之解者亦有之。这第四首诗就有这种情形。</p><p><br></p><p>　　前两句提到三个地名。雪山即河西走廊南面横亘廷伸的祁连山脉。青海与玉门关东西相距数千里，却同在一幅画面上出现，于是对这两句就有种种不同的解说。有的说，上句是向前极目，下句是回望故乡。这很奇怪。青海、雪山在前，玉门关在后，则抒情主人公回望的故乡该是玉门关西的西域，那不是汉兵，倒成胡兵了。另一说，次句即“孤城玉门关遥望”之倒文，而遥望的对象则是“青海长云暗雪山”1</p><p></p>', '0', '', 20, '0', '0', '0', '1', '1', '0', '0', NULL, 'tongy', 'admin', '2024-05-25 15:10:25', 'ry', '2024-09-17 18:00:22');
INSERT INTO `sys_portal_article` (`article_id`, `dept_id`, `article_title`, `subhead`, `category_id`, `source`, `description`, `thumbnail`, `content`, `art_type`, `art_skip`, `degree_num`, `is_push`, `is_slide`, `is_top`, `check_status`, `is_issue`, `show_status`, `is_grant`, `grant_id`, `remark`, `create_by`, `create_time`, `update_by`, `update_time`) VALUES (44, 100, 'Java如何获取Date的“昨天”与“明天”示例代码测试1', '', 2, '办公室', '', '', '<p>是</p>6', '0', '', 7, '0', '0', '0', '0', '0', '0', '0', NULL, NULL, 'admin', '2024-05-24 15:10:25', '', NULL);
INSERT INTO `sys_portal_article` (`article_id`, `dept_id`, `article_title`, `subhead`, `category_id`, `source`, `description`, `thumbnail`, `content`, `art_type`, `art_skip`, `degree_num`, `is_push`, `is_slide`, `is_top`, `check_status`, `is_issue`, `show_status`, `is_grant`, `grant_id`, `remark`, `create_by`, `create_time`, `update_by`, `update_time`) VALUES (45, 100, 'Java如何获取Date的“昨天”与“明天”示例代码测试2', '', 2, '办公室', '', '', '<p>是<span style=\"color: inherit;\">7</span></p>', '0', '', 5, '0', '0', '0', '0', '0', '0', '0', NULL, '', 'admin', '2024-05-23 15:10:25', 'admin', '2024-09-14 12:22:00');
INSERT INTO `sys_portal_article` (`article_id`, `dept_id`, `article_title`, `subhead`, `category_id`, `source`, `description`, `thumbnail`, `content`, `art_type`, `art_skip`, `degree_num`, `is_push`, `is_slide`, `is_top`, `check_status`, `is_issue`, `show_status`, `is_grant`, `grant_id`, `remark`, `create_by`, `create_time`, `update_by`, `update_time`) VALUES (46, 100, 'Java如何获取Date的“昨天”与“明天”示例代码测试3', '', 2, '办公室', '', '', '<p>是999<span style=\"color: inherit;\">8sss</span></p>', '0', '', 5, '0', '0', '0', '1', '1', '0', '0', NULL, 'rrr', 'admin', '2024-05-22 15:10:25', 'admin', '2024-09-17 18:30:16');
INSERT INTO `sys_portal_article` (`article_id`, `dept_id`, `article_title`, `subhead`, `category_id`, `source`, `description`, `thumbnail`, `content`, `art_type`, `art_skip`, `degree_num`, `is_push`, `is_slide`, `is_top`, `check_status`, `is_issue`, `show_status`, `is_grant`, `grant_id`, `remark`, `create_by`, `create_time`, `update_by`, `update_time`) VALUES (47, 100, 'Java如何获取Date的“昨天”与“明天”示例代码测试4', '', 2, '办公室', '', '', '<p>是</p>9', '0', '', 1, '0', '0', '0', '0', '0', '0', '0', NULL, NULL, 'admin', '2024-05-21 15:10:25', '', NULL);
INSERT INTO `sys_portal_article` (`article_id`, `dept_id`, `article_title`, `subhead`, `category_id`, `source`, `description`, `thumbnail`, `content`, `art_type`, `art_skip`, `degree_num`, `is_push`, `is_slide`, `is_top`, `check_status`, `is_issue`, `show_status`, `is_grant`, `grant_id`, `remark`, `create_by`, `create_time`, `update_by`, `update_time`) VALUES (48, 100, 'Java如何获取Date的“昨天”与“明天”示例代码测试5', '', 2, '办公室', '', '', '<p>是</p>10', '0', '', 3, '0', '0', '0', '0', '0', '0', '0', NULL, NULL, 'admin', '2024-05-20 15:10:25', '', NULL);
INSERT INTO `sys_portal_article` (`article_id`, `dept_id`, `article_title`, `subhead`, `category_id`, `source`, `description`, `thumbnail`, `content`, `art_type`, `art_skip`, `degree_num`, `is_push`, `is_slide`, `is_top`, `check_status`, `is_issue`, `show_status`, `is_grant`, `grant_id`, `remark`, `create_by`, `create_time`, `update_by`, `update_time`) VALUES (49, 100, 'Java如何获取Date的“昨天”与“明天”示例代码测试6', '', 2, '办公室', '', '', '<p>是</p>11', '0', '', 5, '0', '0', '0', '0', '0', '0', '0', NULL, NULL, 'admin', '2024-05-19 15:10:25', '', NULL);
INSERT INTO `sys_portal_article` (`article_id`, `dept_id`, `article_title`, `subhead`, `category_id`, `source`, `description`, `thumbnail`, `content`, `art_type`, `art_skip`, `degree_num`, `is_push`, `is_slide`, `is_top`, `check_status`, `is_issue`, `show_status`, `is_grant`, `grant_id`, `remark`, `create_by`, `create_time`, `update_by`, `update_time`) VALUES (50, 100, 'Java如何获取Date的“昨天”与“明天”示例代码测试7', '', 2, '办公室', '', '', '<p>是</p>12', '0', '', 0, '0', '0', '0', '0', '0', '0', '0', NULL, NULL, 'admin', '2024-05-18 15:10:25', '', NULL);
INSERT INTO `sys_portal_article` (`article_id`, `dept_id`, `article_title`, `subhead`, `category_id`, `source`, `description`, `thumbnail`, `content`, `art_type`, `art_skip`, `degree_num`, `is_push`, `is_slide`, `is_top`, `check_status`, `is_issue`, `show_status`, `is_grant`, `grant_id`, `remark`, `create_by`, `create_time`, `update_by`, `update_time`) VALUES (51, 100, 'Java如何获取Date的“昨天”与“明天”示例代码测试8', '', 2, '办公室', '', '', '<p>是</p>13', '0', '', 0, '0', '0', '0', '0', '0', '0', '0', NULL, NULL, 'admin', '2024-05-17 15:10:25', '', NULL);
INSERT INTO `sys_portal_article` (`article_id`, `dept_id`, `article_title`, `subhead`, `category_id`, `source`, `description`, `thumbnail`, `content`, `art_type`, `art_skip`, `degree_num`, `is_push`, `is_slide`, `is_top`, `check_status`, `is_issue`, `show_status`, `is_grant`, `grant_id`, `remark`, `create_by`, `create_time`, `update_by`, `update_time`) VALUES (52, 100, '初一少年军训蜕变记：结营盛典，见证不凡成长！', '', 2, '办公室', '', '', '<p style=\"text-align: center;\">金秋织锦，绘成长之画；&nbsp;&nbsp;</p><p style=\"text-align: center;\"><br></p><p style=\"text-align: center;\">军训砺志，铸青春之魂。&nbsp;&nbsp;</p><p style=\"text-align: center;\"><br></p><p style=\"text-align: center;\">高一和初一的新同学们，&nbsp;&nbsp;</p><p style=\"text-align: center;\"><br></p><p style=\"text-align: center;\">以汗为墨，笔走龙蛇书壮志；&nbsp;&nbsp;</p><p style=\"text-align: center;\"><br></p><p style=\"text-align: center; \">以坚为骨，心向苍穹展宏图。</p><p></p>', '0', '', 5, '0', '0', '0', '1', '1', '0', '0', NULL, '同意', 'admin', '2024-05-16 15:10:25', 'admin', '2024-09-17 21:34:15');
INSERT INTO `sys_portal_article` (`article_id`, `dept_id`, `article_title`, `subhead`, `category_id`, `source`, `description`, `thumbnail`, `content`, `art_type`, `art_skip`, `degree_num`, `is_push`, `is_slide`, `is_top`, `check_status`, `is_issue`, `show_status`, `is_grant`, `grant_id`, `remark`, `create_by`, `create_time`, `update_by`, `update_time`) VALUES (53, 100, '碧玉妆成一树高，万条垂下绿丝绦。', '', 12, '办公室', '', '', '<p></p><p class=\"poem-detail-main-text\" id=\"body_p\" style=\"text-align: center; font-size: 15px; color: rgb(51, 51, 51); line-height: 25px; margin-top: 5px; margin-bottom: 5px; font-family: Arial, sans-serif;\"><span id=\"body_1_0\" data=\"means_1_0\"><span class=\"body-zhushi-span\" data=\"&quot;\\u78a7\\u7eff\\u8272\\u7684\\u7389\\u3002\\u8fd9\\u91cc\\u7528\\u4ee5\\u6bd4\\u55bb\\u6625\\u5929\\u5ae9\\u7eff\\u7684\\u67f3\\u53f6\\u3002&quot;\" style=\"border-bottom: 1px solid rgb(38, 115, 219); cursor: pointer;\">碧玉</span><span class=\"body-zhushi-span\" data=\"&quot;\\u88c5\\u9970\\uff0c\\u6253\\u626e\\u3002&quot;\" style=\"border-bottom: 1px solid rgb(38, 115, 219); cursor: pointer;\">妆</span>成<span class=\"body-zhushi-span\" data=\"&quot;\\u6ee1\\u6811\\u3002\\u4e00\\uff1a\\u6ee1\\uff0c\\u5168\\u3002\\u5728\\u4e2d\\u56fd\\u53e4\\u5178\\u8bcd\\u548c\\u6587\\u7ae0\\u4e2d\\uff0c\\u6570\\u91cf\\u8bcd\\u5728\\u4f7f\\u7528\\u4e2d\\u5e76\\u4e0d\\u4e00\\u5b9a\\u8868\\u793a\\u786e\\u5207\\u7684\\u6570\\u91cf\\u3002\\u4e0b\\u4e00\\u53e5\\u7684\\u201c\\u4e07\\u201d\\uff0c\\u5c31\\u662f\\u8868\\u793a\\u5f88\\u591a\\u7684\\u610f\\u601d\\u3002&quot;\" style=\"border-bottom: 1px solid rgb(38, 115, 219); cursor: pointer;\">一树</span>高，</span><span id=\"body_1_1\" data=\"means_1_1\">万条垂下绿丝<span class=\"body-zhushi-span\" data=\"&quot;\\u7528\\u4e1d\\u7f16\\u6210\\u7684\\u7ef3\\u5e26\\u3002\\u8fd9\\u91cc\\u6307\\u50cf\\u4e1d\\u5e26\\u4e00\\u6837\\u7684\\u67f3\\u6761\\u3002&quot;\" style=\"border-bottom: 1px solid rgb(38, 115, 219); cursor: pointer;\">绦</span>。</span></p><p class=\"poem-detail-main-text\" id=\"body_p\" style=\"text-align: center; font-size: 15px; color: rgb(51, 51, 51); line-height: 25px; margin-top: 5px; margin-bottom: 5px; font-family: Arial, sans-serif;\"><span id=\"body_2_0\" data=\"means_2_0\">不知细叶谁<span class=\"body-zhushi-span\" data=\"&quot;\\u88c1\\u526a\\u3002&quot;\" style=\"border-bottom: 1px solid rgb(38, 115, 219); cursor: pointer;\">裁</span>出，</span><span id=\"body_2_1\" data=\"means_2_1\">二月春风<span class=\"body-zhushi-span\" data=\"&quot;\\u5982\\u540c\\uff0c\\u597d\\u50cf\\u3002&quot;\" style=\"border-bottom: 1px solid rgb(38, 115, 219); cursor: pointer;\">似</span>剪刀。</span></p>', '0', '', 23, '0', '0', '0', '1', '1', '0', '0', NULL, '同意', 'admin', '2024-05-25 15:14:24', 'ry', '2024-09-17 18:00:37');
INSERT INTO `sys_portal_article` (`article_id`, `dept_id`, `article_title`, `subhead`, `category_id`, `source`, `description`, `thumbnail`, `content`, `art_type`, `art_skip`, `degree_num`, `is_push`, `is_slide`, `is_top`, `check_status`, `is_issue`, `show_status`, `is_grant`, `grant_id`, `remark`, `create_by`, `create_time`, `update_by`, `update_time`) VALUES (54, 100, '小荷才露尖尖角，早有蜻蜓立上头。', '', 12, '办公室', '', '', '<p class=\"poem-detail-main-text\" id=\"body_p\" style=\"text-align: center; font-size: 15px; color: rgb(51, 51, 51); line-height: 25px; margin-top: 5px; margin-bottom: 5px; font-family: Arial, sans-serif;\"><span id=\"body_1_0\" data=\"means_1_0\"><span class=\"body-zhushi-span\" data=\"&quot;\\u78a7\\u7eff\\u8272\\u7684\\u7389\\u3002\\u8fd9\\u91cc\\u7528\\u4ee5\\u6bd4\\u55bb\\u6625\\u5929\\u5ae9\\u7eff\\u7684\\u67f3\\u53f6\\u3002&quot;\" style=\"border-bottom: 1px solid rgb(38, 115, 219); cursor: pointer;\">碧玉</span><span class=\"body-zhushi-span\" data=\"&quot;\\u88c5\\u9970\\uff0c\\u6253\\u626e\\u3002&quot;\" style=\"border-bottom: 1px solid rgb(38, 115, 219); cursor: pointer;\">妆</span>成<span class=\"body-zhushi-span\" data=\"&quot;\\u6ee1\\u6811\\u3002\\u4e00\\uff1a\\u6ee1\\uff0c\\u5168\\u3002\\u5728\\u4e2d\\u56fd\\u53e4\\u5178\\u8bcd\\u548c\\u6587\\u7ae0\\u4e2d\\uff0c\\u6570\\u91cf\\u8bcd\\u5728\\u4f7f\\u7528\\u4e2d\\u5e76\\u4e0d\\u4e00\\u5b9a\\u8868\\u793a\\u786e\\u5207\\u7684\\u6570\\u91cf\\u3002\\u4e0b\\u4e00\\u53e5\\u7684\\u201c\\u4e07\\u201d\\uff0c\\u5c31\\u662f\\u8868\\u793a\\u5f88\\u591a\\u7684\\u610f\\u601d\\u3002&quot;\" style=\"border-bottom: 1px solid rgb(38, 115, 219); cursor: pointer;\">一树</span>高，</span><span id=\"body_1_1\" data=\"means_1_1\">万条垂下绿丝<span class=\"body-zhushi-span\" data=\"&quot;\\u7528\\u4e1d\\u7f16\\u6210\\u7684\\u7ef3\\u5e26\\u3002\\u8fd9\\u91cc\\u6307\\u50cf\\u4e1d\\u5e26\\u4e00\\u6837\\u7684\\u67f3\\u6761\\u3002&quot;\" style=\"border-bottom: 1px solid rgb(38, 115, 219); cursor: pointer;\">绦</span>。</span></p><p class=\"poem-detail-main-text\" id=\"body_p\" style=\"text-align: center; font-size: 15px; color: rgb(51, 51, 51); line-height: 25px; margin-top: 5px; margin-bottom: 5px; font-family: Arial, sans-serif;\"><span id=\"body_2_0\" data=\"means_2_0\">不知细叶谁<span class=\"body-zhushi-span\" data=\"&quot;\\u88c1\\u526a\\u3002&quot;\" style=\"border-bottom: 1px solid rgb(38, 115, 219); cursor: pointer;\">裁</span>出，</span><span id=\"body_2_1\" data=\"means_2_1\">二月春风<span class=\"body-zhushi-span\" data=\"&quot;\\u5982\\u540c\\uff0c\\u597d\\u50cf\\u3002&quot;\" style=\"border-bottom: 1px solid rgb(38, 115, 219); cursor: pointer;\">似</span>剪刀。</span></p><p class=\"poem-detail-main-text\" id=\"body_p\" style=\"text-align: left; font-size: 15px; color: rgb(51, 51, 51); line-height: 25px; margin-top: 5px; margin-bottom: 5px; font-family: Arial, sans-serif;\"><span id=\"body_2_1\" data=\"means_2_1\"><br></span></p><p class=\"poem-detail-main-text\" id=\"body_p\" style=\"text-align: left; line-height: 25px; margin-top: 5px; margin-bottom: 5px;\"><font color=\"#333333\" face=\"Arial, sans-serif\"><span style=\"font-size: 15px;\">　　首句写树，柳树就像一位经过梳妆打扮的亭亭玉立的美人。柳，单单用碧玉来比有两层意思：一是碧玉这名字和柳的颜色有关，“碧”和下句的“绿”是互相生发、互为补充的。二是碧玉这个字在人们头脑中永远留下年轻的印象。“碧玉”二字用典而不露痕迹，南朝乐府有《碧玉歌》，其中“碧玉破瓜时”已成名句。还有南朝萧绎《采莲赋》有“碧玉小家女”，也很有名，后来形成“小家碧玉”这个成语。“碧玉妆成一树高”就自然地把眼前这棵柳树和那位古代质朴美丽的贫家少女联系起来，而且联想到她穿一身嫩绿，楚楚动人，充满青春活力。</span></font></p><p class=\"poem-detail-main-text\" id=\"body_p\" style=\"text-align: left; line-height: 25px; margin-top: 5px; margin-bottom: 5px;\"><font color=\"#333333\" face=\"Arial, sans-serif\"><span style=\"font-size: 15px;\"><br></span></font></p><p class=\"poem-detail-main-text\" id=\"body_p\" style=\"text-align: left; line-height: 25px; margin-top: 5px; margin-bottom: 5px;\"><font color=\"#333333\" face=\"Arial, sans-serif\"><span style=\"font-size: 15px;\">　　故第二句就此联想到那垂垂下坠的柳叶就是...古诗文网&gt;&gt;</span></font></p><p class=\"poem-detail-main-text\" id=\"body_p\" style=\"text-align: left; line-height: 25px; margin-top: 5px; margin-bottom: 5px;\"><font color=\"#333333\" face=\"Arial, sans-serif\"><span style=\"font-size: 15px;\"><br></span></font></p><p class=\"poem-detail-main-text\" id=\"body_p\" style=\"text-align: left; line-height: 25px; margin-top: 5px; margin-bottom: 5px;\"><font color=\"#333333\" face=\"Arial, sans-serif\"><span style=\"font-size: 15px;\">　　这是一首咏物诗，写的是早春二月的杨柳。</span></font></p><p class=\"poem-detail-main-text\" id=\"body_p\" style=\"text-align: left; line-height: 25px; margin-top: 5px; margin-bottom: 5px;\"><font color=\"#333333\" face=\"Arial, sans-serif\"><span style=\"font-size: 15px;\"><br></span></font></p><p class=\"poem-detail-main-text\" id=\"body_p\" style=\"text-align: center; line-height: 25px; margin-top: 5px; margin-bottom: 5px;\"><font color=\"#333333\" face=\"Arial, sans-serif\"><span id=\"body_2_1\" data=\"means_2_1\" style=\"font-size: 15px;\"></span></font></p><p class=\"poem-detail-main-text\" id=\"body_p\" style=\"text-align: left; line-height: 25px; margin-top: 5px; margin-bottom: 5px;\"><font color=\"#333333\" face=\"Arial, sans-serif\"><span style=\"font-size: 15px;\">　　写杨柳，该从哪儿着笔呢？毫无疑问，它的形象美是在于那曼长披拂的枝条。一年一度，它长出了嫩绿的新叶，丝丝下垂，在春风吹拂中，有着一种迷人的意态。这是谁都能欣赏的。古典诗词中，借用这种形象美来形容、比拟美人苗条的身段，婀娜的腰支，也是我们所经常看到的。这诗别出新意，翻转过来。“碧玉妆成一树高”，一开始，杨柳就化身为美人而出现；“万条垂下绿丝绦”，这千条万缕的垂丝，也随之而变成了她的裙带。上句的“高”字，衬托出美人婷婷袅袅的风姿；下句的“垂”字，暗示出纤腰在风中款摆。诗中没有“杨柳”</span></font></p><p></p>', '0', '', 8, '0', '0', '0', '1', '1', '0', '0', NULL, '同意', 'admin', '2024-05-24 15:14:24', 'admin', '2024-09-17 17:26:47');
INSERT INTO `sys_portal_article` (`article_id`, `dept_id`, `article_title`, `subhead`, `category_id`, `source`, `description`, `thumbnail`, `content`, `art_type`, `art_skip`, `degree_num`, `is_push`, `is_slide`, `is_top`, `check_status`, `is_issue`, `show_status`, `is_grant`, `grant_id`, `remark`, `create_by`, `create_time`, `update_by`, `update_time`) VALUES (55, 100, '春夜喜雨：好雨知时节，当春乃发生。    随风潜入夜，润物细无声。', '', 12, '办公室', '', '', '<p class=\"poem-detail-main-text\" id=\"body_p\" style=\"text-align: center; line-height: 25px; margin-top: 5px; margin-bottom: 5px;\"><font color=\"#333333\" face=\"Arial, sans-serif\"><span style=\"font-size: 15px;\">好雨知时节，当春乃发生。&nbsp;&nbsp;</span></font></p><p class=\"poem-detail-main-text\" id=\"body_p\" style=\"text-align: center; line-height: 25px; margin-top: 5px; margin-bottom: 5px;\"><font color=\"#333333\" face=\"Arial, sans-serif\"><span style=\"font-size: 15px;\">随风潜入夜，润物细无声。&nbsp;&nbsp;</span></font></p><p class=\"poem-detail-main-text\" id=\"body_p\" style=\"text-align: center; line-height: 25px; margin-top: 5px; margin-bottom: 5px;\"><font color=\"#333333\" face=\"Arial, sans-serif\"><span style=\"font-size: 15px;\">野径云俱黑，江船火独明。&nbsp;&nbsp;</span></font></p><p class=\"poem-detail-main-text\" id=\"body_p\" style=\"text-align: center; line-height: 25px; margin-top: 5px; margin-bottom: 5px;\"><font color=\"#333333\" face=\"Arial, sans-serif\"><span style=\"font-size: 15px;\">晓看红湿处，花重锦官城。</span></font></p><p class=\"poem-detail-main-text\" id=\"body_p\" style=\"text-align: center; line-height: 25px; margin-top: 5px; margin-bottom: 5px;\"><font color=\"#333333\" face=\"Arial, sans-serif\"><span style=\"font-size: 15px;\"><br></span></font></p><p class=\"poem-detail-main-text\" id=\"body_p\" style=\"line-height: 25px; margin-top: 5px; margin-bottom: 5px;\"><font color=\"#333333\" face=\"Arial, sans-serif\"><span style=\"font-size: 15px;\">　　好雨似乎会挑选时节，降临在万物萌生之春。伴随和风，悄悄进入夜幕。细细密密，滋润大地万物。浓浓乌云，笼罩田野小路，唯有江边渔船上的一点渔火放射出一线光芒，显得格外明亮。等天亮的时候，那潮湿的泥土上必定布满了红色的花瓣，锦官城的大街小巷也一定是一片万紫千红的景象。</span></font></p><p class=\"poem-detail-main-text\" id=\"body_p\" style=\"line-height: 25px; margin-top: 5px; margin-bottom: 5px;\"><font color=\"#333333\" face=\"Arial, sans-serif\"><span style=\"font-size: 15px;\"><br></span></font></p><p class=\"poem-detail-main-text\" id=\"body_p\" style=\"line-height: 25px; margin-top: 5px; margin-bottom: 5px;\"><font color=\"#333333\" face=\"Arial, sans-serif\"><span style=\"font-size: 15px;\">　　这是描绘春夜雨景，表现喜悦心情的名作。一开头就用一个“好”字赞美“雨”。在生活里，“好”常常被用来赞美那些做好事的人。如今用“好”赞美雨，已经会唤起关于做好事的人的联想。接下去，就把雨拟人化，说它“知时节”，懂得满足客观需要。其中“知”字用得传神，简直把雨给写活了。春天是万物萌芽生长的季节，正需要下雨，雨就下起来了。它的确很“好”。</span></font></p><p class=\"poem-detail-main-text\" id=\"body_p\" style=\"line-height: 25px; margin-top: 5px; margin-bottom: 5px;\"><font color=\"#333333\" face=\"Arial, sans-serif\"><span style=\"font-size: 15px;\"><br></span></font></p><p class=\"poem-detail-main-text\" id=\"body_p\" style=\"line-height: 25px; margin-top: 5px; margin-bottom: 5px;\"></p><p class=\"poem-detail-main-text\" id=\"body_p\" style=\"line-height: 25px; margin-top: 5px; margin-bottom: 5px;\"><font color=\"#333333\" face=\"Arial, sans-serif\"><span style=\"font-size: 15px;\">　　颔联写雨的“发生”，进一步表现雨的“好”，其中“潜”、“润”、“细”等字生动地写出了雨“好”的特点。雨之所以“好”，好就好在适时，好在“润物”。春天的雨，一般是伴随着和风细雨地滋润万物的。</span></font></p><p></p>', '0', '', 11, '0', '0', '0', '1', '1', '0', '0', NULL, '同意', 'admin', '2024-05-23 15:14:24', 'ry', '2024-09-17 18:05:20');
INSERT INTO `sys_portal_article` (`article_id`, `dept_id`, `article_title`, `subhead`, `category_id`, `source`, `description`, `thumbnail`, `content`, `art_type`, `art_skip`, `degree_num`, `is_push`, `is_slide`, `is_top`, `check_status`, `is_issue`, `show_status`, `is_grant`, `grant_id`, `remark`, `create_by`, `create_time`, `update_by`, `update_time`) VALUES (56, 100, '冬虫夏草的主要功效为补肾益肺，止血化痰 ｜ 测试3', '', 12, '办公室', '', '', '<p>是</p>18', '0', '', 3, '0', '0', '0', '1', '1', '0', '0', NULL, '同意', 'admin', '2024-05-22 15:14:24', 'ry', '2024-09-17 18:41:29');
INSERT INTO `sys_portal_article` (`article_id`, `dept_id`, `article_title`, `subhead`, `category_id`, `source`, `description`, `thumbnail`, `content`, `art_type`, `art_skip`, `degree_num`, `is_push`, `is_slide`, `is_top`, `check_status`, `is_issue`, `show_status`, `is_grant`, `grant_id`, `remark`, `create_by`, `create_time`, `update_by`, `update_time`) VALUES (57, 100, '冬虫夏草的主要功效为补肾益肺，止血化痰 ｜ 测试4', '', 12, '办公室', '', '', '<p>是</p>19', '0', '', 3, '0', '0', '0', '0', '0', '0', '0', NULL, NULL, 'admin', '2024-05-21 15:14:24', '', NULL);
INSERT INTO `sys_portal_article` (`article_id`, `dept_id`, `article_title`, `subhead`, `category_id`, `source`, `description`, `thumbnail`, `content`, `art_type`, `art_skip`, `degree_num`, `is_push`, `is_slide`, `is_top`, `check_status`, `is_issue`, `show_status`, `is_grant`, `grant_id`, `remark`, `create_by`, `create_time`, `update_by`, `update_time`) VALUES (58, 100, '冬虫夏草的主要功效为补肾益肺，止血化痰 ｜ 测试5', '', 12, '办公室', '', '', '<p>是</p>20', '0', '', 2, '1', '0', '0', '0', '0', '0', '0', NULL, '', 'admin', '2024-05-20 15:14:24', 'admin', '2024-09-15 21:05:38');
INSERT INTO `sys_portal_article` (`article_id`, `dept_id`, `article_title`, `subhead`, `category_id`, `source`, `description`, `thumbnail`, `content`, `art_type`, `art_skip`, `degree_num`, `is_push`, `is_slide`, `is_top`, `check_status`, `is_issue`, `show_status`, `is_grant`, `grant_id`, `remark`, `create_by`, `create_time`, `update_by`, `update_time`) VALUES (59, 103, '过零丁洋：人生自古谁无死？留取丹心照汗青。', '公司的风格', 13, '办公室', '收拾收拾', '', '<p style=\"text-align: center;\">辛苦遭逢起一经，干戈寥落四周星。&nbsp;&nbsp;</p><p style=\"text-align: center;\">山河破碎风飘絮，身世浮沉雨打萍。&nbsp;&nbsp;</p><p style=\"text-align: center;\">惶恐滩头说惶恐，零丁洋里叹零丁。&nbsp;&nbsp;</p><p style=\"text-align: center; \">人生自古谁无死？留取丹心照汗青。</p><p>　　回想我早年由科举入仕历尽辛苦，如今战火消歇已熬过了四个年头。国家危在旦夕恰如狂风中的柳絮，个人又哪堪言说似骤雨里的浮萍。惶恐滩的惨败让我至今依然惶恐，零丁洋身陷元虏可叹我孤苦零丁。人生自古以来有谁能够长生不死？我要留一片爱国的丹心映照史册。</p><p><br></p><p>　　首联“辛苦遭逢起一经，干戈寥落四周星。”“起一经”当指天祥二十岁中进士说的，四周星即四年。天祥于德祐元年（1275），起兵勤王，至祥兴元年（1278）被俘，恰为四个年头。此自叙生平，思今忆昔。从时间说，拈出“入世”和“勤王”，一关个人出处，一关国家危亡，两件大事，一片忠心。唐宋时期，一个人要想替国家做出一番事业，必须入仕，要入仕，作为知识分子必须通过科举考选，考选就得读经文天祥遇难时，衣带中留有个自赞文说：“读圣贤书，所学何事，而今而后，庶几无愧”，就是把这两件事拴在一起的。圣人著作就叫经，经是治国安邦的。</p>', '0', '', 29, '0', '0', '0', '1', '1', '0', '0', NULL, '同意', 'pcs', '2024-09-14 15:33:35', 'ry', '2024-09-16 20:40:05');
INSERT INTO `sys_portal_article` (`article_id`, `dept_id`, `article_title`, `subhead`, `category_id`, `source`, `description`, `thumbnail`, `content`, `art_type`, `art_skip`, `degree_num`, `is_push`, `is_slide`, `is_top`, `check_status`, `is_issue`, `show_status`, `is_grant`, `grant_id`, `remark`, `create_by`, `create_time`, `update_by`, `update_time`) VALUES (60, 100, '在炎炎夏日的烈日下，我参加了一次难忘的军训', '', 12, '子部门', '军训还让我认识到了自己的不足之处。在遇到困难时，我曾想过放弃，但最终还是克服了这些消极情绪。我明白了自己的毅力和韧性还需要提高，但这也是一个成长的过程。通过这次军训，我更加明确了自己需要改进的地方，并将继续努力提高自己的能力。', '/profile/upload/2024/09/16/2002_20240916182941A001.jpg', '<p><br></p><p><br></p><p>　　在炎炎夏日的烈日下，我参加了一次难忘的军训。这不仅仅是一次身体上的挑战，更是一次心理和意志的考验。在这短暂而紧张的日子里，我学到了许多宝贵的经验，并对自己的能力有了更深刻的认识。</p><p style=\"text-align: center; \"><img src=\"/profile/upload/2024/09/16/2002_20240916182941A001.jpg\" style=\"width: 710px;\"><br></p><p>　　军训的日子里，我们每天按照严格的日程进行训练。早晨起床、整理宿舍、晨练，紧接着进行一整天的军事技能训练。虽然任务繁重，但正是这种充实的生活让我体验到了军人的严谨和自律。</p><p><br></p><p>　　在训练过程中，我深刻体会到了团队合作的重要性。我们需要与队友紧密配合，共同努力完成任务。此外，我也学会了如何坚持和克服困难。每当遇到挑战时，我告诉自己要坚强、不放弃，只有这样才能取得成功。</p><p><br></p><p>　　军训还让我认识到了自己的不足之处。在遇到困难时，我曾想过放弃，但最终还是克服了这些消极情绪。我明白了自己的毅力和韧性还需要提高，但这也是一个成长的过程。通过这次军训，我更加明确了自己需要改进的地方，并将继续努力提高自己的能力。</p><p><br></p><p>　　总之，这次军训让我深刻体会到了军人精神的内涵。它教会了我如何保持自律、坚定信念，并不断提升自己的能力。在未来的日子里，我将把这些经验教训牢记在心，并不断提高自己的素质和能力。</p>', '0', '', 22, '0', '1', '1', '1', '1', '0', '0', NULL, '', 'admin', '2024-09-16 18:30:17', 'admin', '2024-09-24 19:21:34');
INSERT INTO `sys_portal_article` (`article_id`, `dept_id`, `article_title`, `subhead`, `category_id`, `source`, `description`, `thumbnail`, `content`, `art_type`, `art_skip`, `degree_num`, `is_push`, `is_slide`, `is_top`, `check_status`, `is_issue`, `show_status`, `is_grant`, `grant_id`, `remark`, `create_by`, `create_time`, `update_by`, `update_time`) VALUES (61, 103, '莫等闲、白了少年头，空悲切。', '', 15, '', '', '', '<p>怒发冲冠，凭栏处、潇潇雨歇。抬望眼、仰天长啸，壮怀激烈。三十功名尘与土，八千里路云和月。莫等闲、白了少年头，空悲切。&nbsp;&nbsp;</p><p>靖康耻，犹未雪。臣子恨，何时灭。驾长车，踏破贺兰山缺。壮志饥餐胡虏肉，笑谈渴饮匈奴血。待从头、收拾旧山河，朝天阙。</p><p><br></p><p><br></p><p>　　气得头发竖起，以至于将帽子顶起，登高倚栏杆，一场潇潇细雨刚刚停歇。抬头望眼四望辽阔一片，仰天长声啸叹，一片报国之心充满心怀。三十多年来虽已建立一些功名，但如同尘土微不足道，南北转战八千里，经过多少风云人生。不要虚度年华，花白了少年黑发，只有独自悔恨悲悲切切。靖康年的奇耻，尚未洗雪。臣子愤恨，何时才能泯灭。我要驾着战车向贺兰山进攻，连贺兰山也要踏为平地。我满怀壮志，打仗饿了就吃敌人的肉，谈笑渴了就喝敌人的鲜血。我要从头再来，收复旧日河山，朝拜故都京阙。<br></p>', '0', '', 10, '0', '0', '0', '1', '1', '0', '0', NULL, '同意', 'ks', '2024-09-16 21:10:52', 'ry', '2024-09-16 21:11:36');
INSERT INTO `sys_portal_article` (`article_id`, `dept_id`, `article_title`, `subhead`, `category_id`, `source`, `description`, `thumbnail`, `content`, `art_type`, `art_skip`, `degree_num`, `is_push`, `is_slide`, `is_top`, `check_status`, `is_issue`, `show_status`, `is_grant`, `grant_id`, `remark`, `create_by`, `create_time`, `update_by`, `update_time`) VALUES (62, 100, '满江红·写怀', '', 17, '', '', '/profile/upload/2024/09/16/2004_20240916213558A002.jpg', '<p>　　怒发冲冠，凭栏处、潇潇雨歇。抬望眼、仰天长啸，壮怀激烈。三十功名尘与土，八千里路云和月。莫等闲、白了少年头，空悲切。</p><p><br></p><p>　　靖康耻，犹未雪。臣子恨，何时灭。驾长车，踏破贺兰山缺。壮志饥餐胡虏肉，笑谈渴饮匈奴血。待从头、收拾旧山河，朝天阙。</p>', '0', '', 8, '0', '1', '0', '1', '1', '0', '0', NULL, '', 'admin', '2024-09-16 21:34:59', 'ry', '2024-09-17 14:12:37');
INSERT INTO `sys_portal_article` (`article_id`, `dept_id`, `article_title`, `subhead`, `category_id`, `source`, `description`, `thumbnail`, `content`, `art_type`, `art_skip`, `degree_num`, `is_push`, `is_slide`, `is_top`, `check_status`, `is_issue`, `show_status`, `is_grant`, `grant_id`, `remark`, `create_by`, `create_time`, `update_by`, `update_time`) VALUES (63, 104, '解放战争的三个战略阶段（抗日战争的三个战略阶段）', '公司的风格', 16, '', '', '', '<p>　　大家好，近期很多朋友对于解放战争的三个战略阶段产不是很理解。然后还有一些网友想弄清楚抗日战争的三个战略阶段，泰缘号已经为你找到了相关问题的答案，接下来和我们一起看看吧，希望对大家有所帮助！</p><p><br></p><p>　　1947年5月，我国赤峰市的柴胡栏子村发生了一场震惊中央的遭遇战。</p><p><br></p><p>　　当时，我军的5名高级领导干部遭到了当地国民党残余部队和地方土匪的突袭！</p><p><br></p><p>　　面对这种情况，我军派来护送的警卫部队连长却不顾战友的性命逃之夭夭，这让革命同志遭受到了毁灭性打击。</p><p><br></p><p>　　事后，这件事报告给了中央，主席听闻警卫部队居然不顾战友的生命独自逃命。</p><p><br></p><p>　　当即勃然大怒，毛主席立即下令枪毙警卫连长和指导员。</p><p><br></p><p>　　那么，1947年5月这天，柴胡栏子村发生了什么事呢？警卫部队在战友遇难的时候为什么会临阵脱逃？</p>', '0', '', 7, '0', '0', '0', '1', '1', '0', '0', NULL, '同意', 'de', '2024-09-17 11:30:00', 'ry', '2024-09-17 22:18:31');
INSERT INTO `sys_portal_article` (`article_id`, `dept_id`, `article_title`, `subhead`, `category_id`, `source`, `description`, `thumbnail`, `content`, `art_type`, `art_skip`, `degree_num`, `is_push`, `is_slide`, `is_top`, `check_status`, `is_issue`, `show_status`, `is_grant`, `grant_id`, `remark`, `create_by`, `create_time`, `update_by`, `update_time`) VALUES (64, 103, '在大学的学习和生活中，也需要像在军训中一样', '', 18, '', '12', '/profile/upload/2024/09/17/102_20240917205841A001.jpg', '<p>　　军训生活的描述</p><p><br></p><p>　　训练内容：详细描述军训中的各项训练，如站军姿、踢正步、跑步等。“每天清晨，站军姿成为了开启新一天的必修课。我们在烈日下挺直脊梁，感受着汗水顺着脸颊滑落，尽管双腿酸痛，但依然努力保持着标准的姿势。”</p><p><br></p><p>　　作息时间：提及严格的作息安排，强调规律生活带来的变化。“军训的作息十分规律，早睡早起让我养成了良好的生活习惯，每天都充满活力。”</p><p><br></p><p>　　教官与同学：描写教官的严格要求和悉心指导，以及同学们之间的相互鼓励与支持。“教官的严厉中蕴含着关爱，他们用自己的专业和耐心，帮助我们不断进步。而同学们在训练中互相扶持，共同克服困难，这份情谊让我倍感温暖。”</p><p><br></p><p>　　个人成长与收获</p><p><br></p><p>　　身体素质提升：阐述军训对身体的锻炼，如耐力、力量、协调性等方面的进步。“经过这段时间的军训，我的身体素质有了显著提升，不再是那个一运动就气喘吁吁的自己。”</p><p><br></p><p>　　意志品质磨砺：强调在军训中培养的坚韧不拔、吃苦耐劳、自律等品质。“面对高强度的训练和恶劣的天气，我学会了坚持，懂得了只有克服困难才能不断成长。”</p><p><br></p><p>　　团队意识增强：讲述在集体训练中体会到的团队合作的重要性。“在队列训练和拔河比赛等活动中，我深刻认识到团队的力量。只有大家齐心协力，才能取得好的成绩。”</p><p><br></p><p>　　对大学生活的启示</p><p><br></p><p>　　联系军训经历，思考如何将在军训中培养的品质运用到大学生活中。“军训让我明白，在大学的学习和生活中，也需要像在军训中一样，保持坚韧的意志、良好的团队合作精神和自律的习惯。”</p><p><br></p><p>　　表达对未来大学生活的期待和决心。“我将以军训为起点，积极面对未来的挑战，努力成为更好的自己。”</p>', '0', '', 5, '1', '0', '0', '0', '0', '0', '0', NULL, '同意', 'ks', '2024-09-17 20:58:43', 'ks', '2024-10-06 11:14:46');
INSERT INTO `sys_portal_article` (`article_id`, `dept_id`, `article_title`, `subhead`, `category_id`, `source`, `description`, `thumbnail`, `content`, `art_type`, `art_skip`, `degree_num`, `is_push`, `is_slide`, `is_top`, `check_status`, `is_issue`, `show_status`, `is_grant`, `grant_id`, `remark`, `create_by`, `create_time`, `update_by`, `update_time`) VALUES (65, 104, '《南京大屠杀》：“遗忘大屠杀就是二次屠杀”，用生命记录中国世纪浩劫', '', 16, '办公室', '', '/profile/upload/2024/09/17/103_20240917215648A001.jpg', '<p>　　南京大屠杀，不仅是南京这座城市，更是中华民族永久难以愈合的精神创伤，也是中国人民永远不能忘却的苦难史。与犹太人在欧洲所遭受的大屠杀举世皆知不同，南京大屠杀一直鲜为人知。在《南京大屠杀》作者、美籍华裔女作家张纯如看来，这是因为南京大屠杀的受害者一直保持沉默。受害者沉默的背后，是美、英等国家对日本的纵容，他们试图替日本掩饰罪恶。张纯如详细记载了日本在南京的暴行，以及世界为保留南京大屠杀记忆作了怎样的努力和斗争。<br></p>', '0', '', 5, '1', '0', '0', '1', '1', '0', '0', NULL, '同意', 'de', '2024-09-17 21:57:48', 'ry', '2024-09-26 11:29:35');
INSERT INTO `sys_portal_article` (`article_id`, `dept_id`, `article_title`, `subhead`, `category_id`, `source`, `description`, `thumbnail`, `content`, `art_type`, `art_skip`, `degree_num`, `is_push`, `is_slide`, `is_top`, `check_status`, `is_issue`, `show_status`, `is_grant`, `grant_id`, `remark`, `create_by`, `create_time`, `update_by`, `update_time`) VALUES (66, 104, '七七事变，又称卢沟桥事变', '', 16, '', '', '/profile/upload/2024/09/17/104_20240917220045A002.jpg', '<p>　　七七事变，又称卢沟桥事变，是日军于1937年7月7日在宛平县发动的一场侵略袭击！七七事变又标志着日本帝国主义，向中国发动了全面的侵华战争，同时也标志着中国全民族抗日的开端，由此开辟了，世界反法西斯战争的东方战场。向为保家卫国，所有牺牲的英烈英雄致敬！勿忘国耻!<br></p>', '0', '', 2, '1', '1', '0', '1', '1', '0', '0', NULL, '同意', 'de', '2024-09-17 22:00:48', 'ry', '2024-09-26 11:29:15');
INSERT INTO `sys_portal_article` (`article_id`, `dept_id`, `article_title`, `subhead`, `category_id`, `source`, `description`, `thumbnail`, `content`, `art_type`, `art_skip`, `degree_num`, `is_push`, `is_slide`, `is_top`, `check_status`, `is_issue`, `show_status`, `is_grant`, `grant_id`, `remark`, `create_by`, `create_time`, `update_by`, `update_time`) VALUES (67, 104, '团结就是力量这首歌产生在1943年6月晋察冀边区平山县黄泥区的一个小村子', '', 16, '', '', '/profile/upload/2024/09/17/105_20240917220812A003.jpg', '<p>　　一首歌背后的故事：团结就是力量这首歌产生在1943年6月晋察冀边区平山县黄泥区的一个小村子。为了反对日寇到边区抢粮，实行“抢光、杀光、烧光”的疯狂政策，西北战地服务团深入到河北平山和山西繁峙的广大农村参加斗争。为了配合这场斗争，牧虹和卢肃同志一起在三四天左右时间里，突击创作了小型歌剧团结就是力量，最后由牧虹同志写词，卢肃同志谱曲，为该剧增加一个幕终曲，于是这首经典名曲，就这样诞生了。团结就是力量，主要强调的一个思想就是：团结起来就是力量，在困难当中要依靠自己，坚持抗战，迎接新中国的到来。相信自己，争取美好的前途。”2015年8月26日，国家新闻出版广电总局发布了“我最喜爱的十大抗战歌曲”网络投票结果，团结就是力量是入选的10首歌曲之一。</p><p><br></p><p>　　团结就是力量铸就民族之魂抗战时的日本兵有那么好打吗？资料来源：刘庭华的中国抗日战争与第二次世界大战系年要录.统计荟萃与其坐而待亡，忍辱受侮，不如保全国格，死中求生，与敌作一决战。如我再不抗战，则国民精神亦必日趋于消沉，民族生机毁灭无余矣！蒋介石日记（1937.10.31）1937-1945年，国军发动大规模会战22次，战役1117次，普通战斗28931次。4321名飞行员血洒长空，2468架战机被击落；国军海军全军覆没，104艘舰艇全部打光；国军陆军320万名官兵壮烈牺牲，206名将军殉国。根据陈钦我的河山:抗日正面战场全纪实整理而成据不完全统计，抗日战争时期，中国共产党领导的八路军、新四军及各种人民武装，在敌后战场上对敌发起主动作战，大小战斗共达12.5万次，最多时投入兵力达90多万正规军和200多万民兵，并在抗战相持阶段上升为主战场，担负起抗击一大部分侵华日军主力的作战任务。步平、荣维木中华民族抗日战争全史930多座城市被占领3500万人员死伤中日死伤比例为6:1然而，这场战争是以觉醒了的中华民族为对手的战争，不是以蒋介石政府为对手的战争，因此，即使汪精卫投降，即使蒋介石本身也动摇，但中华民族的意志是不会动摇的，中日甲午战争，日俄战争和日德战争都是以政府为对手的战争，因此，打败了敌军，就挫伤了敌方政府的战争意志，变成日本的胜利，但在以民族为对手的战争，即使在个别的战斗中战胜几百次，只要挫伤不了民族抗战的意志，就不能成为全局的胜利。</p><p><br></p><p>　　（日）井上清日本历史大公报载文说：“几千年来，中国所怀抱的观念是天下，是家族，近代西方的民族意识和国家观念，始终没有打入我们老百姓的骨髓里，直到现在，敌顽攻进来的巨炮和重弹，轰醒了我们的民族意识（今天）我们从亡国灭种的危机中，开始觉悟了中国民族的整体性和不可分性。这是民族自觉史的开端，是真正的新中国国家的序幕”。晏阳初农民抗战的发动人民的民族自觉性！东亚病夫居然奋起了，睡狮果然醒了，从前只是一大块沃土，一大盘散沙的死中国，现在是有血有肉的活中国了。这一天朱自清1939年7月7日日本的飞机炸弹让中国所有人的命运联结到了一起，不管他们相距多遥远。日本人让中国人知道，中国是整个的，这对地方观念极强的中国人是民族精神的洗礼。抗战回望抗日战争胜利的原因原因1.1.中国人民的中国人民的民族觉醒民族觉醒、民族团结民族团结和和民族抗争民族抗争。（根本原因）（根本原因）2.2.中国共产党在全民族抗战中发挥了中国共产党在全民族抗战中发挥了中流砥柱中流砥柱的的作用。</p><p><br></p><p>　　作用。3.3.国际反法西斯国家的相互支援国际反法西斯国家的相互支援。4.4.抗日战争是正义之战。抗日战争是正义之战。抗日战争胜利的伟大意义1.1.是近代以来反抗外敌入侵第一次取得的伟是近代以来反抗外敌入侵第一次取得的伟大胜利。大胜利。2.2.是中华民族由衰败到振兴的转折点。3.3.为世界反法西斯战争胜利作出重要贡献。历史就是历史，事实就是事实，任何人都不可能改变历史和事实。付出了巨大牺牲的中国人民，将坚定不移捍卫用鲜血和生命写下的历史。任何人想要否定、歪曲甚至美化侵略历史，中国人民和各国人民绝不答应！新的历史条件下，全党全国各族人民要大力弘扬伟大抗战精神，不断增强团结一心的精神纽带，自强不息的精神动力，不断以坚持和发展中国特色社会主义的新成就告慰我们的前辈和英烈！2014年习近平总书记在纪念抗战爆发77周年的讲话民族利益至上、宁死不屈的民族自尊品格。万众一心、共赴国难的民族团结意识。不畏强暴、血战到底的民族英雄气概。百折不挠、自强自立的民族自强信念。开拓创新、发展新路的民族创造精神。坚持正义、维护和平的民族奉献精神。抗战中形成的民族精神是不忘初心继续前进第第2222课课抗日战争的胜利抗日战争的胜利一、课程标准简述七七事变的史实，知道中国全民族抗战从此开始。以侵华日军南京大屠杀等罪行为例，认识日本军国主义凶恶残暴的侵略本质。探讨抗日战争胜利的历史意义。</p><p><br></p><p>　　二、教学目标：1、知识与能力：知道七七事变及四大会战的基本史实，了解全民族坚持抗战的史实；掌握抗日战争胜利的时间和历史意义，分析抗日战争胜利的原因。2、过程与方法：通过阅读史料、识图片材料结合所学知识思考抗日战争胜利的意义和原因，培养学生综合归纳、分析、表达历史问题的能力。3、情景态度和价值观：通过对抗日战争意义和胜利原因的分析，懂得正义战争终将取得最终胜利的道理，并培养铸就正确积极的民族精神。</p><p><br></p><p>　　三、教学重难点：1、重点：抗日战争胜利的历史意义。2、难点：抗日战争胜利的原因。</p><p><br></p><p>　　四、教学方法：讲授法、讨论法、图示法、自主学习法、材料解析法。</p><p><br></p><p>　　五、学情分析：八年级学生已有一年多学习历史的基础，有一定的历史基础和综合分析能力，为教师在教学上提供了较大的空间，故应在课堂上调动学生的积极性。活跃课堂氛围，以此提高学习效率。</p><p><br></p><p>　　六、教学过程：</p><p><br></p><p>　　（一）导入：通过播放歌曲团结就是力量，介绍歌曲的创作过程，提问为什么这首歌能被选进“我最喜爱的十大抗战歌曲”？歌曲的主题思想是否真实反映了抗战精神？由此导入新课。</p><p><br></p><p>　　（二）主要内容：</p><p><br></p><p>　　1、分享视频，提问：抗日战争时期的日本兵有那么好打吗？由学生回答后，展示1937年6月中日陆军师兵力比较的数据图，通过数据中展示的中日力量对比可以直观看出日军占有绝对优势，由教师分析总结：中国重工业薄弱，无法自己生产枪炮，只能靠一点点进口，像新式装备坦克更是没有，装备实力上的巨大差距让我们产生了一个巨大的疑惑：七七事变后，日本提出了三月灭亡中国论，从当时的实力对比上看，中国获胜的几率微乎其微，那这场毫无胜算的仗我们还要不要打？由学生回答，培养学生爱国情操，并进入下一问题的学习。</p><p><br></p><p>　　2、展示1937年10月蒋介石日记中的节选，由此阐述西安事变史实及西安事变后第二次国共合作，国军正面战场开始全面抵抗日军入侵。介绍正面战场的22次大会战，介绍重要的会战过程，并展示伤亡数据。提问：死伤如此巨大，为何我国民仍能够坚持抵抗？</p><p><br></p><p>　　3、展示中华民族抗日战争全史，介绍共产党敌后战场的奋战状况，然后，总体展示抗战正面敌后战场的整体状况，通过数据，让学生了解虽然国共两党合作并负隅抵抗，但死伤人数仍旧很多，从图片中让学生感受战争的惨烈，并进一步提出疑问：那么惨烈的战斗，为什么在此之前的两次鸦片战争、甲午中日战争、八国联军侵华战争，中国都会最终宣告失败而投降并签署不平等条约，而在伤亡更为惨烈的抗日战争中中国却一直在坚持抗战呢？</p><p><br></p><p>　　4、展示南京大屠杀、潘家峪惨案的史料、图片、伤亡数据，从情感上引导学生，如果你是惨案中的幸存者之一，你虽知抗战不易，也不一定最终能够取得胜利，但这场仗你会不会坚持打下去？得到学生肯定回答后，阐述人民抗战的自觉性。有了民族的觉醒，就有了全民族的抗战，通过本地博物馆里的照片，让学生思考图片反映了什么问题？利用图文介绍知识分子在抗战中的先进带领、各个阶层人民为抗战胜利做出的贡献，以此让学生体会抗日战争是全民族的抗战，并总结：由于人民是团结的、是不屈的，所以在战争持续了14年后中国最终赢得了抗日战争的胜利。</p><p><br></p><p>　　5、通过展示史料加以分析，总结抗日战争胜利的原因、意义和在抗战中形成的民族精神。</p><p><br></p><p>　　七、板书设计：第22课抗日战争的胜利一、全民族的抗战二、抗战胜利的原因三、抗战胜利的意义八、教学反思：</p><p><br></p><p>　　</p>', '0', '', 5, '1', '1', '0', '1', '1', '0', '0', NULL, '通过', 'de', '2024-09-17 22:06:30', 'ry', '2024-09-26 11:28:58');
INSERT INTO `sys_portal_article` (`article_id`, `dept_id`, `article_title`, `subhead`, `category_id`, `source`, `description`, `thumbnail`, `content`, `art_type`, `art_skip`, `degree_num`, `is_push`, `is_slide`, `is_top`, `check_status`, `is_issue`, `show_status`, `is_grant`, `grant_id`, `remark`, `create_by`, `create_time`, `update_by`, `update_time`) VALUES (68, 104, '悲壮的抗争与辉煌的胜利：中国近现代战争的历史回顾 ', '', 16, '', '', '/profile/upload/2024/09/17/106_20240917221615A004.jpg', '<p>　　中国近现代战争的历史，是一部充满悲壮与抗争的史诗。从鸦片战争到抗日战争，中国人民在抗击外侮、争取民族独立和人民解放的伟大斗争中，付出了巨大的代价，也取得了辉煌的胜利。</p><p><br></p><p>　　1840年，鸦片战争爆发，英国以贩卖鸦片为借口，对中国发动侵略战争。清政府在腐败无能的情况下，签订了《南京条约》，使中国沦为半殖民地半封建社会。</p><p><br></p><p>　　1894年，中日甲午战争爆发。清政府在战争中的腐败和无能，导致了北洋舰队的全军覆没。战后签订的《马关条约》，使中国丧失了更多的领土和主权。</p><p><br></p><p>　　1931年，日本发动九一八事变，侵占了中国东北。1937年，卢沟桥事变爆发，日本全面侵华。在民族危亡的关头，中国人民团结一心，共赴国难，进行了长达八年的抗日战争。经过艰苦卓绝的斗争，1945年，中国人民终于赢得了抗日战争的伟大胜利。</p><p><br></p><p>　　在这些战争中，中国人民展现出了顽强的抗争精神和不屈的意志。他们用自己的血肉之躯，筑起了保卫家园的钢铁长城。他们用简陋的武器，对抗着武装到牙齿的敌人。他们用生命和鲜血，谱写了一曲曲惊天地、泣鬼神的英雄赞歌。</p><p><br></p><p>　　在这些战争中，涌现出了无数可歌可泣的英雄人物。有在鸦片战争中英勇抗击英军的关天培；有在甲午战争中为国捐躯的邓世昌；有在抗日战争中英勇牺牲的张自忠、赵登禹等。</p><p><br></p><p>　　回顾中国近现代战争的历史，我们深感和平的珍贵和不易。今天的中国，已经不再是那个任人宰割的“东亚病夫”。</p><p><br></p><p>　　但是，我们不能忘记历史，更不能忘记那些为国家独立和民族解放而英勇献身的先烈们。我们应该铭记历史，珍爱和平，发扬抗战精神，为实现中华民族伟大复兴的中国梦而努力奋斗。</p>', '0', '', 8, '1', '1', '0', '1', '1', '0', '0', NULL, '同意', 'de', '2024-09-17 22:13:12', 'ry', '2024-09-26 11:28:40');
INSERT INTO `sys_portal_article` (`article_id`, `dept_id`, `article_title`, `subhead`, `category_id`, `source`, `description`, `thumbnail`, `content`, `art_type`, `art_skip`, `degree_num`, `is_push`, `is_slide`, `is_top`, `check_status`, `is_issue`, `show_status`, `is_grant`, `grant_id`, `remark`, `create_by`, `create_time`, `update_by`, `update_time`) VALUES (69, 104, '作为当年全球著名的驻外记者，福尔曼被称为“现代马可波罗”', '', 16, '', '', '', '<p>　　1944年6月，美国合众社、伦敦泰晤士报的著名战地记者哈里森·福尔曼突破国民党层层封锁，来到革命圣地延安。哈里森·福尔曼，美国著名摄影记者、探险家、作家和美国地理学会会员。</p><p><br></p><p>　　作为当年全球著名的驻外记者，福尔曼被称为“现代马可波罗”，早在上世纪30年代初他便来到中国西藏，他拍摄了大量关于西藏风土人情的照片。1937年抗战全面爆发后，福尔曼立即转换报道方向，他来到上海，对这里进行了广泛报道。</p>', '0', '', 9, '0', '0', '0', '1', '1', '0', '0', NULL, '同意', 'de', '2024-09-17 22:23:17', 'ry', '2024-09-17 22:27:16');
INSERT INTO `sys_portal_article` (`article_id`, `dept_id`, `article_title`, `subhead`, `category_id`, `source`, `description`, `thumbnail`, `content`, `art_type`, `art_skip`, `degree_num`, `is_push`, `is_slide`, `is_top`, `check_status`, `is_issue`, `show_status`, `is_grant`, `grant_id`, `remark`, `create_by`, `create_time`, `update_by`, `update_time`) VALUES (70, 104, '福尔曼发现中国共产党领导的敌后抗日武装力量', '', 16, '', '', '', '<p>　　随着报道的深入，福尔曼发现中国共产党领导的敌后抗日武装力量，在抗战中发挥着重要作用，但国民党却对延安地区进行全面封锁，不允许对其进行客观报道。与此同时，因为国民党的腐败，导致国统区老百姓民怨沸腾。</p><p><br></p><p>　　跟国统区相比，中共领导的抗日根据地却蒸蒸日上，老百姓抗日热情高涨。在这样的背景下，无数外国记者都要求去延安地区进行实地采访。起初，国民党当局直接拒绝了，最终蒋介石迫于舆论压力，只能勉强同意，但严格规定了记者数量。</p>', '0', '', 11, '0', '0', '0', '1', '1', '0', '0', NULL, '同意', 'de', '2024-09-17 22:23:57', 'ry', '2024-09-17 22:27:27');
INSERT INTO `sys_portal_article` (`article_id`, `dept_id`, `article_title`, `subhead`, `category_id`, `source`, `description`, `thumbnail`, `content`, `art_type`, `art_skip`, `degree_num`, `is_push`, `is_slide`, `is_top`, `check_status`, `is_issue`, `show_status`, `is_grant`, `grant_id`, `remark`, `create_by`, `create_time`, `update_by`, `update_time`) VALUES (71, 104, '中外记者西北参观团”抵达延安，福尔曼成为其中一员', '', 16, '', '', '/profile/upload/2024/09/17/107_20240917222610A005.jpg', '<p>　　1944年6月9日，“中外记者西北参观团”抵达延安，福尔曼成为其中一员，他们受到中共方面最为隆重的欢迎。为了让外国记者们全面了解中共情况，延安交际处组织中外记者参观了边区的机关、学校、工厂和乡村等。</p><p><br></p><p>　　当时毛主席等人指示，只要“中外记者西北参观团”提出了要求，都要尽量满足。正如此，我们看到福尔曼拍摄了大量照片，包括跟中共领导人、八路军高级将领、八路军战士、民兵等的合影。</p>', '0', '', 10, '0', '1', '0', '1', '1', '0', '0', NULL, '同意', 'de', '2024-09-17 22:25:05', 'admin', '2024-09-24 22:56:58');
INSERT INTO `sys_portal_article` (`article_id`, `dept_id`, `article_title`, `subhead`, `category_id`, `source`, `description`, `thumbnail`, `content`, `art_type`, `art_skip`, `degree_num`, `is_push`, `is_slide`, `is_top`, `check_status`, `is_issue`, `show_status`, `is_grant`, `grant_id`, `remark`, `create_by`, `create_time`, `update_by`, `update_time`) VALUES (72, 100, '方法 ', '公司的风格', 25, '办公室', '', 'http://localhost:8068/profile/upload/2024/09/20/2008_20240920212438A001.jpg', '<p>sfsd</p>', '0', '', 0, '0', '0', '0', '1', '0', '1', '0', NULL, '', 'admin', '2024-09-20 21:24:41', 'admin', '2024-09-20 21:36:52');
INSERT INTO `sys_portal_article` (`article_id`, `dept_id`, `article_title`, `subhead`, `category_id`, `source`, `description`, `thumbnail`, `content`, `art_type`, `art_skip`, `degree_num`, `is_push`, `is_slide`, `is_top`, `check_status`, `is_issue`, `show_status`, `is_grant`, `grant_id`, `remark`, `create_by`, `create_time`, `update_by`, `update_time`) VALUES (73, 103, '我单位开展思想教育座谈会', '我单位开展思想教育座谈会', 21, '办公室', '', '', '<p>我单位开展思想教育座谈会</p><p>我单位开展思想教育座谈会</p><p>我单位开展思想教育座谈会</p><p>我单位开展思想教育座谈会</p><p>我单位开展思想教育座谈会</p><p>我单位开展思想教育座谈会</p><p>我单位开展思想教育座谈会</p><p>我单位开展思想教育座谈会<br></p>', '0', '', 7, '0', '0', '0', '1', '1', '0', '0', NULL, '同意', 'ks', '2024-09-24 23:53:01', 'ry', '2024-10-04 22:31:41');
INSERT INTO `sys_portal_article` (`article_id`, `dept_id`, `article_title`, `subhead`, `category_id`, `source`, `description`, `thumbnail`, `content`, `art_type`, `art_skip`, `degree_num`, `is_push`, `is_slide`, `is_top`, `check_status`, `is_issue`, `show_status`, `is_grant`, `grant_id`, `remark`, `create_by`, `create_time`, `update_by`, `update_time`) VALUES (74, 103, '恰同学少年，风华正茂；书生意气，挥斥方遒。', '', 22, '', '在深秋一个秋高气爽的日子里，眺望着湘江碧水缓缓北流。我独自伫立在橘子洲头。看万千山峰全都变成了红色，一层层树林好像染过颜色一样，江水清澈澄碧，一艘艘大船乘风破浪，争先恐后。', '/profile/upload/2024/10/04/a3f4c8c9b1d7842547b84fc5e2e7f775_20241004220507A001.jpeg', '<p style=\"text-align: center; \">独立寒秋，湘江北去，橘子洲头。&nbsp;&nbsp;</p><p style=\"text-align: center; \">看万山红遍，层林尽染；漫江碧透，百舸争流。&nbsp;&nbsp;</p><p style=\"text-align: center; \">鹰击长空，鱼翔浅底，万类霜天竞自由。&nbsp;&nbsp;</p><p style=\"text-align: center; \">怅寥廓，问苍茫大地，谁主沉浮？&nbsp;&nbsp;</p><p style=\"text-align: center; \">携来百侣曾游，忆往昔峥嵘岁月稠。&nbsp;&nbsp;</p><p style=\"text-align: center; \">恰同学少年，风华正茂；书生意气，挥斥方遒。&nbsp;&nbsp;</p><p style=\"text-align: center; \">指点江山，激扬文字，粪土当年万户侯。&nbsp;&nbsp;</p><p style=\"text-align: center; \">曾记否，到中流击水，浪遏飞舟？</p><p style=\"text-align: center; \"><br></p><p style=\"text-align: left;\">在深秋一个秋高气爽的日子里，眺望着湘江碧水缓缓北流。我独自伫立在橘子洲头。看万千山峰全都变成了红色，一层层树林好像染过颜色一样，江水清澈澄碧，一艘艘大船乘风破浪，争先恐后。广阔的天空里鹰在矫健有力地飞，鱼在清澈的水里轻快地游着，万物都在秋光中争着过自由自在的生活。面对着无边无际的宇宙，（千万种思绪一齐涌上心头）我要问：这苍茫大地的盛衰兴废，由谁来决定主宰呢?回想过去，我和我的同学，经常携手结伴来到这里游玩。在一起商讨国家大事，那无数不平凡的岁月至今还萦绕在我的心头。同学们正值青春年少，风华正茂；大家踌躇满志，意气奔放，正强劲有力。评论国家大事，写出这些激浊扬清的文章，把当时那些军阀官僚看得如同粪土。可曾记得，那时我们在江水深急的地方游泳，那激起的浪花几乎挡住了疾驰而来的船?&nbsp;&nbsp;<br></p>', '0', '', 17, '1', '0', '0', '1', '1', '0', '0', NULL, '同意', 'ks', '2024-09-24 23:56:19', 'ry', '2024-10-04 22:19:41');
INSERT INTO `sys_portal_article` (`article_id`, `dept_id`, `article_title`, `subhead`, `category_id`, `source`, `description`, `thumbnail`, `content`, `art_type`, `art_skip`, `degree_num`, `is_push`, `is_slide`, `is_top`, `check_status`, `is_issue`, `show_status`, `is_grant`, `grant_id`, `remark`, `create_by`, `create_time`, `update_by`, `update_time`) VALUES (75, 100, '春望：国破山河在，城春草木深。', '', 21, '原创', '', '', '<p style=\"text-align: center; \">国破山河在，城春草木深。&nbsp;&nbsp;</p><p style=\"text-align: center; \">感时花溅泪，恨别鸟惊心。&nbsp;&nbsp;</p><p style=\"text-align: center; \">烽火连三月，家书抵万金。&nbsp;&nbsp;</p><p style=\"text-align: center; \">白头搔更短，浑欲不胜簪。</p><p style=\"text-align: center; \"><br></p><p>　　“国破山河在，城春草木深。”篇一开头描写了春望所见：山河依旧，可是国都已经沦陷，城池也在战火中残破不堪了，乱草丛生，林木荒芜。诗人记忆中昔日长安的春天是何等的繁华，鸟语花香，飞絮弥漫，烟柳明媚，游人迤逦，可是那种景象今日已经荡然无存了。一个“破”字使人怵目惊心，继而一个“深”字又令人满目凄然。诗人写今日景物，实为抒发人去物非的历史感，将感情寄寓于物，借助景物反托情感，为全诗创造了一片荒凉凄惨的气氛。“国破”和“城春”两个截然相反的意象，同时存在并形成强烈的反差。“城春”当指春天花草树木繁盛茂密，烟景明丽的季节，可是由于“国破”</p><p><br></p><p>　　唐玄宗天宝十五年（７５６）七月，安史叛军攻陷长安，肃宗在灵武即位，改元至德。杜甫在投奔灵武途中，被叛军俘至长安，次年（至德二年）写此诗。</p><p><br></p><p>　　诗人目睹沦陷后的长安之箫条零落，身历逆境思家情切，不免感慨万端。诗的一、二两联，写春城败象，饱含感叹；三、四两联写心念亲人境况，充溢离情。</p><p><br></p><p>　　全诗沉着蕴藉，真挚自然，反映了诗人热爱祖国，眷怀家人的感情。今人徐应佩、周溶泉等评此诗曰：“意脉贯通而平直，情景兼备而不游离，感情强烈而不浅露，内容丰富而不芜杂，格律严谨而不板滞。”此论颇为妥帖。“家书抵万金”亦为流传千古之名言。</p>', '0', '', 5, '0', '0', '0', '1', '1', '0', '0', NULL, '', 'admin', '2024-09-25 14:08:58', 'admin', '2024-09-25 14:09:04');
INSERT INTO `sys_portal_article` (`article_id`, `dept_id`, `article_title`, `subhead`, `category_id`, `source`, `description`, `thumbnail`, `content`, `art_type`, `art_skip`, `degree_num`, `is_push`, `is_slide`, `is_top`, `check_status`, `is_issue`, `show_status`, `is_grant`, `grant_id`, `remark`, `create_by`, `create_time`, `update_by`, `update_time`) VALUES (76, 100, '秋夜将晓出篱门迎凉有感', '', 22, '办公室', '', '', '<p style=\"text-align: center; \">　　迢迢天汉西南落，喔喔邻鸡一再鸣。</p><p style=\"text-align: center; \">　　壮志病来消欲尽，出门搔首怆平生。</p><p style=\"text-align: center; \"><br></p><p style=\"text-align: left;\">　　陆游（1125—1210），字务观，号放翁。汉族，越州山阴（今浙江绍兴）人，南宋著名诗人。少时受家庭爱国思想熏陶，高宗时应礼部试，为秦桧所黜。孝宗时赐进士出身。中年入蜀，投身军旅生活，官至宝章阁待制。晚年退居家乡。其一生笔耕不辍，今存九千多首，内容极为丰富。与王安石、苏轼、黄庭坚并称“宋代四大诗人”，又与杨万里、范成大、尤袤合称“南宋四大家”。著有《剑南诗稿》、《渭南文集》、《南唐书》、《老学庵笔记》等。<br></p>', '0', '', 6, '0', '0', '0', '1', '1', '0', '0', NULL, '', 'admin', '2024-09-25 14:11:05', 'admin', '2024-09-25 14:11:20');
INSERT INTO `sys_portal_article` (`article_id`, `dept_id`, `article_title`, `subhead`, `category_id`, `source`, `description`, `thumbnail`, `content`, `art_type`, `art_skip`, `degree_num`, `is_push`, `is_slide`, `is_top`, `check_status`, `is_issue`, `show_status`, `is_grant`, `grant_id`, `remark`, `create_by`, `create_time`, `update_by`, `update_time`) VALUES (77, 100, '十一月四日风雨大作（其二）', '', 21, '', '', '', '<p style=\"text-align: center; \">僵卧孤村不自哀，尚思为国戍轮台。</p><p style=\"text-align: center; \">夜阑卧听风吹雨，铁马冰河入梦来。</p><p style=\"text-align: center; \"><br></p><p style=\"text-align: left;\">　　风卷江湖雨暗村，四山声作海涛翻。溪柴火软蛮毡暖，我与狸奴不出门。僵卧孤村不自哀，尚思为国戍轮台。夜阑卧听风吹雨，铁马冰河入梦来。第一首诗主要写十一月四日的大雨和诗人之处境。前两句以夸张之法写大雨瓢泼，其声响之巨，描绘出黑天大风大雨之境，很是生动，波涛汹涌之声正与作者渴望为国出力、光复中原之心相印。后两句转写近处，描写其所处之境，写出作者因天冷而不思出门，其妙处是把作者的主观之感和猫结合一起写。第二首诗以“痴情化门”的手法，深沉地表达了作者收复国土、报效祖国的壮志和那种“年既老而不衰”的矢志不渝精神，向读者展示了诗人的一片赤胆忠心<br></p>', '0', '', 2, '0', '0', '0', '1', '1', '0', '0', NULL, '', 'admin', '2024-09-25 14:12:51', 'admin', '2024-09-25 14:12:55');
INSERT INTO `sys_portal_article` (`article_id`, `dept_id`, `article_title`, `subhead`, `category_id`, `source`, `description`, `thumbnail`, `content`, `art_type`, `art_skip`, `degree_num`, `is_push`, `is_slide`, `is_top`, `check_status`, `is_issue`, `show_status`, `is_grant`, `grant_id`, `remark`, `create_by`, `create_time`, `update_by`, `update_time`) VALUES (78, 100, '破阵子·为陈同甫赋壮词以寄之', '', 21, '', '', '', '<p style=\"text-align: center; \">醉里挑灯看剑，梦回吹角连营。八百里分麾下炙，五十弦翻塞外声，沙场秋点兵。&nbsp;&nbsp;</p><p style=\"text-align: center; \">马作的卢飞快，弓如霹雳弦惊。了却君王天下事，赢得生前身后名。可怜白发生！</p><p style=\"text-align: center; \"><br></p><p style=\"text-align: left;\">　　此词以两个二、二、二的对句开头，通过具体、生动的描述，表现了多层情意。第一句，只六个字，却用三个连续的、富有特征性的动作，塑造了一个壮士的形象，让读者从那些动作中去体会人物的内心活动，去想象人物所处的环境，意味无穷。为什么要吃酒，而且吃“醉”？既“醉”之后，为什么不去睡觉，而要“挑灯”？“挑”亮了“灯”，为什么不干别的，偏偏抽出宝剑，映着灯光看了又看？……这一连串问题，只要细读全词，就可能作出应有的回答，因而不必说明。“此时无声胜有声”。用什么样的“说明”也难以比这无言的动作更有力地展现人物的内心世界。<br></p>', '0', '', 6, '0', '0', '0', '1', '1', '0', '0', NULL, '', 'admin', '2024-09-25 14:14:21', 'admin', '2024-09-25 14:14:32');
INSERT INTO `sys_portal_article` (`article_id`, `dept_id`, `article_title`, `subhead`, `category_id`, `source`, `description`, `thumbnail`, `content`, `art_type`, `art_skip`, `degree_num`, `is_push`, `is_slide`, `is_top`, `check_status`, `is_issue`, `show_status`, `is_grant`, `grant_id`, `remark`, `create_by`, `create_time`, `update_by`, `update_time`) VALUES (79, 100, '醉里挑灯看剑，梦回吹角连营。八百里分麾下炙，五十弦翻塞外声，沙场秋点兵', '', 22, '原创', '', '', '<p style=\"text-align: center; \">破阵子·为陈同甫赋壮词以寄之<br></p><p style=\"text-align: center; \">醉里挑灯看剑，梦回吹角连营。八百里分麾下炙，五十弦翻塞外声，沙场秋点兵。&nbsp;&nbsp;</p><p style=\"text-align: center; \">马作的卢飞快，弓如霹雳弦惊。了却君王天下事，赢得生前身后名。可怜白发生！</p><p style=\"text-align: center; \"><br></p><p style=\"text-align: left;\">　　此词以两个二、二、二的对句开头，通过具体、生动的描述，表现了多层情意。第一句，只六个字，却用三个连续的、富有特征性的动作，塑造了一个壮士的形象，让读者从那些动作中去体会人物的内心活动，去想象人物所处的环境，意味无穷。为什么要吃酒，而且吃“醉”？既“醉”之后，为什么不去睡觉，而要“挑灯”？“挑”亮了“灯”，为什么不干别的，偏偏抽出宝剑，映着灯光看了又看？……这一连串问题，只要细读全词，就可能作出应有的回答，因而不必说明。“此时无声胜有声”。用什么样的“说明”也难以比这无言的动作更有力地展现人物的内心世界。<br></p>', '0', '', 8, '0', '0', '0', '1', '1', '0', '0', NULL, '', 'admin', '2024-09-25 15:01:55', 'admin', '2024-09-25 15:02:25');
INSERT INTO `sys_portal_article` (`article_id`, `dept_id`, `article_title`, `subhead`, `category_id`, `source`, `description`, `thumbnail`, `content`, `art_type`, `art_skip`, `degree_num`, `is_push`, `is_slide`, `is_top`, `check_status`, `is_issue`, `show_status`, `is_grant`, `grant_id`, `remark`, `create_by`, `create_time`, `update_by`, `update_time`) VALUES (80, 100, '假如钟声响了 就请用羽毛 把我安葬 我将在冥夜中', '', 22, '', '', '', '<p style=\"text-align: center; \">　　假如钟声响了</p><p style=\"text-align: center; \"><br></p><p style=\"text-align: center; \">　　就请用羽毛</p><p style=\"text-align: center; \"><br></p><p style=\"text-align: center; \">　　把我安葬</p><p style=\"text-align: center; \"><br></p><p style=\"text-align: center; \">　　我将在冥夜中</p><p style=\"text-align: center; \"><br></p><p style=\"text-align: center; \">　　编织一对</p><p style=\"text-align: center; \"><br></p><p style=\"text-align: center; \">　　巨大的翅膀</p><p style=\"text-align: center; \"><br></p><p style=\"text-align: center; \">　　在我眷恋的祖国上空</p><p style=\"text-align: center; \"><br></p><p style=\"text-align: center; \">　　继续飞翔</p>', '0', '', 4, '0', '0', '0', '1', '1', '0', '0', NULL, '', 'admin', '2024-09-25 15:03:43', 'admin', '2024-09-25 15:11:26');
INSERT INTO `sys_portal_article` (`article_id`, `dept_id`, `article_title`, `subhead`, `category_id`, `source`, `description`, `thumbnail`, `content`, `art_type`, `art_skip`, `degree_num`, `is_push`, `is_slide`, `is_top`, `check_status`, `is_issue`, `show_status`, `is_grant`, `grant_id`, `remark`, `create_by`, `create_time`, `update_by`, `update_time`) VALUES (81, 100, '泊秦淮:烟笼寒水月笼沙，夜泊秦淮近酒家。', '', 21, '', '', '', '<p style=\"text-align: center; \">烟笼寒水月笼沙，夜泊秦淮近酒家。&nbsp;&nbsp;</p><p style=\"text-align: center; \">商女不知亡国恨，隔江犹唱后庭花。</p><p><br></p><p>　　这首诗是即景感怀的，金陵曾是六朝都城，繁华一时。目睹如今的唐朝国势日衰，当权者昏庸荒淫，不免要重蹈六朝覆辙，无限感伤。首句写景，先竭力渲染水边夜色的清淡素雅；二句叙事，点明夜泊地点；三、四句感怀，由“近酒家”引出商女之歌，酒家多有歌妓，自然洒脱；由歌曲之靡靡，牵出“不知亡国恨”，抨击豪绅权贵沉溺于声色，含蓄深沉；由“亡国恨”推出“后庭花”的曲调，借陈后主之死，鞭笞权贵的荒淫，深刻犀利。<br></p>', '0', '', 2, '0', '0', '0', '1', '1', '0', '0', NULL, '', 'admin', '2024-09-25 15:11:21', 'admin', '2024-09-25 15:11:43');
INSERT INTO `sys_portal_article` (`article_id`, `dept_id`, `article_title`, `subhead`, `category_id`, `source`, `description`, `thumbnail`, `content`, `art_type`, `art_skip`, `degree_num`, `is_push`, `is_slide`, `is_top`, `check_status`, `is_issue`, `show_status`, `is_grant`, `grant_id`, `remark`, `create_by`, `create_time`, `update_by`, `update_time`) VALUES (82, 100, '呜呼！楚虽三户能亡秦，岂有堂堂中国空无人！', '', 23, '办公室', '', '', '<p style=\"text-align: center; \">黄金错刀白玉装，夜穿窗扉出光芒。&nbsp;&nbsp;</p><p style=\"text-align: center; \">丈夫五十功未立，提刀独立顾八荒。&nbsp;&nbsp;</p><p style=\"text-align: center; \">京华结交尽奇士，意气相期共生死。&nbsp;&nbsp;</p><p style=\"text-align: center; \">千年史册耻无名，一片丹心报天子。&nbsp;&nbsp;</p><p style=\"text-align: center; \">尔来从军天汉滨，南山晓雪玉嶙峋。&nbsp;&nbsp;</p><p style=\"text-align: center; \">呜呼！楚虽三户能亡秦，岂有堂堂中国空无人！</p><p style=\"text-align: left;\"><br></p><p style=\"text-align: left;\">　　这首诗在描绘具体形象时着墨不多，却起到了重要的点染作用。“黄金错刀白玉装”一句，描绘宝刀外观之美。黄金装饰的刀身，白玉镶嵌的刀柄，金玉相映，华美无比。“夜穿窗扉出光芒”一句，描绘宝刀内质之佳。它在黑夜中光芒四射，竟可穿透窗户，确实不凡。这两句，从诗歌意脉上说，是托物起兴，通过对宝刀的描绘和赞美，自然引出下面的提刀人形象。而从内在意蕴上说，又对提刀人的身份和志趣起着一种映衬作用，实质暗示了宝刀无用武之地，英雄无报国之门。“丈夫五十功未立，提刀独立顾八荒。”这里有三层意思：“提刀独立”写提刀人的动作，显出其急欲上阵杀敌<br></p>', '0', '', 5, '0', '0', '0', '1', '1', '0', '0', NULL, '', 'admin', '2024-09-25 15:14:32', 'admin', '2024-09-25 15:44:38');
INSERT INTO `sys_portal_article` (`article_id`, `dept_id`, `article_title`, `subhead`, `category_id`, `source`, `description`, `thumbnail`, `content`, `art_type`, `art_skip`, `degree_num`, `is_push`, `is_slide`, `is_top`, `check_status`, `is_issue`, `show_status`, `is_grant`, `grant_id`, `remark`, `create_by`, `create_time`, `update_by`, `update_time`) VALUES (83, 100, '西宁晚报', '', 25, '原创', '', '/profile/upload/2024/09/27/20240922A04_brief_20240927213601A001.jpg', '<p>沙发上</p>', '0', '/web/article/59', 1, '0', '0', '0', '1', '1', '0', '0', NULL, '', 'admin', '2024-09-25 17:30:46', 'admin', '2024-09-27 21:38:28');
INSERT INTO `sys_portal_article` (`article_id`, `dept_id`, `article_title`, `subhead`, `category_id`, `source`, `description`, `thumbnail`, `content`, `art_type`, `art_skip`, `degree_num`, `is_push`, `is_slide`, `is_top`, `check_status`, `is_issue`, `show_status`, `is_grant`, `grant_id`, `remark`, `create_by`, `create_time`, `update_by`, `update_time`) VALUES (84, 100, '人民日报', '', 25, '', '', '/profile/upload/2024/09/27/20240923A04_brief_20240927213715A002.jpg', '', '0', '', 4, '0', '0', '0', '1', '1', '0', '0', NULL, '', 'admin', '2024-09-27 18:57:37', 'admin', '2024-09-28 19:11:59');
INSERT INTO `sys_portal_article` (`article_id`, `dept_id`, `article_title`, `subhead`, `category_id`, `source`, `description`, `thumbnail`, `content`, `art_type`, `art_skip`, `degree_num`, `is_push`, `is_slide`, `is_top`, `check_status`, `is_issue`, `show_status`, `is_grant`, `grant_id`, `remark`, `create_by`, `create_time`, `update_by`, `update_time`) VALUES (85, 100, '参考消息', '', 25, '', '', '/profile/upload/2024/09/27/20240926A04_brief_20240927213754A003.jpg', '', '0', '/web/article/59', 3, '0', '0', '0', '1', '1', '0', '0', NULL, '', 'admin', '2024-09-27 21:38:00', 'admin', '2024-09-27 21:38:36');
INSERT INTO `sys_portal_article` (`article_id`, `dept_id`, `article_title`, `subhead`, `category_id`, `source`, `description`, `thumbnail`, `content`, `art_type`, `art_skip`, `degree_num`, `is_push`, `is_slide`, `is_top`, `check_status`, `is_issue`, `show_status`, `is_grant`, `grant_id`, `remark`, `create_by`, `create_time`, `update_by`, `update_time`) VALUES (86, 100, '国际报纸', '', 25, '', '', '/profile/upload/2024/09/27/20240927A01_brief_20240927220716A001.jpg', '', '0', '/web/article/59', 2, '0', '0', '0', '1', '1', '0', '0', NULL, '', 'admin', '2024-09-27 22:07:23', 'admin', '2024-09-27 22:07:28');
INSERT INTO `sys_portal_article` (`article_id`, `dept_id`, `article_title`, `subhead`, `category_id`, `source`, `description`, `thumbnail`, `content`, `art_type`, `art_skip`, `degree_num`, `is_push`, `is_slide`, `is_top`, `check_status`, `is_issue`, `show_status`, `is_grant`, `grant_id`, `remark`, `create_by`, `create_time`, `update_by`, `update_time`) VALUES (87, 100, '时尚芭莎', '', 26, '', '', '/profile/upload/2024/09/27/006PwIJWgy1hte18o9qcrj30u012qwj3_20240927221638A001.jpg', '', '0', '/web/article/59', 0, '0', '0', '0', '1', '1', '0', '0', NULL, '', 'admin', '2024-09-27 22:16:44', 'admin', '2024-09-27 22:21:05');
INSERT INTO `sys_portal_article` (`article_id`, `dept_id`, `article_title`, `subhead`, `category_id`, `source`, `description`, `thumbnail`, `content`, `art_type`, `art_skip`, `degree_num`, `is_push`, `is_slide`, `is_top`, `check_status`, `is_issue`, `show_status`, `is_grant`, `grant_id`, `remark`, `create_by`, `create_time`, `update_by`, `update_time`) VALUES (88, 100, '天津人大', '', 26, '', '', '/profile/upload/2024/09/27/00300021703_7610a8c6_20240927221711A002.jpg', '', '0', '/web/article/59', 0, '0', '0', '0', '1', '1', '0', '0', NULL, '', 'admin', '2024-09-27 22:17:13', 'admin', '2024-09-27 22:21:09');
INSERT INTO `sys_portal_article` (`article_id`, `dept_id`, `article_title`, `subhead`, `category_id`, `source`, `description`, `thumbnail`, `content`, `art_type`, `art_skip`, `degree_num`, `is_push`, `is_slide`, `is_top`, `check_status`, `is_issue`, `show_status`, `is_grant`, `grant_id`, `remark`, `create_by`, `create_time`, `update_by`, `update_time`) VALUES (89, 100, '时尚杂志', '', 26, '', '', '/profile/upload/2024/09/27/007hymkZgy1hs9ejbt31vj323h2pg4qq_20240927221753A003.jpg', '', '0', '/web/article/59', 0, '0', '0', '0', '1', '1', '0', '0', NULL, '', 'admin', '2024-09-27 22:18:03', 'admin', '2024-09-27 22:21:15');
INSERT INTO `sys_portal_article` (`article_id`, `dept_id`, `article_title`, `subhead`, `category_id`, `source`, `description`, `thumbnail`, `content`, `art_type`, `art_skip`, `degree_num`, `is_push`, `is_slide`, `is_top`, `check_status`, `is_issue`, `show_status`, `is_grant`, `grant_id`, `remark`, `create_by`, `create_time`, `update_by`, `update_time`) VALUES (90, 100, '生活周刊', '', 26, '', '', '/profile/upload/2024/09/27/6cecfd47a0faea6fbf62bcc9d24f2281_20240927221831A004.jpg', '', '0', '', 7, '0', '0', '0', '1', '1', '0', '0', NULL, '', 'admin', '2024-09-27 22:18:36', 'ry', '2024-10-10 17:14:16');
INSERT INTO `sys_portal_article` (`article_id`, `dept_id`, `article_title`, `subhead`, `category_id`, `source`, `description`, `thumbnail`, `content`, `art_type`, `art_skip`, `degree_num`, `is_push`, `is_slide`, `is_top`, `check_status`, `is_issue`, `show_status`, `is_grant`, `grant_id`, `remark`, `create_by`, `create_time`, `update_by`, `update_time`) VALUES (91, 100, '程序员的爱情观', '', 27, '', '', '/profile/upload/2024/09/28/2006_20240928193120A001.jpg', '<div style=\"text-align: center;\"><video controls=\"\" src=\"/profile/upload/2024/09/28/a01.mp4\" width=\"640\" height=\"360\" class=\"note-video-clip\"></video><br></div>', '0', '', 9, '0', '0', '0', '1', '1', '0', '0', NULL, '', 'admin', '2024-09-28 19:31:25', 'admin', '2024-09-28 19:51:51');
INSERT INTO `sys_portal_article` (`article_id`, `dept_id`, `article_title`, `subhead`, `category_id`, `source`, `description`, `thumbnail`, `content`, `art_type`, `art_skip`, `degree_num`, `is_push`, `is_slide`, `is_top`, `check_status`, `is_issue`, `show_status`, `is_grant`, `grant_id`, `remark`, `create_by`, `create_time`, `update_by`, `update_time`) VALUES (92, 100, '影视演示', '', 27, '', '', '/profile/upload/2024/09/28/2005_20240928195624A001.jpg', '<p style=\"text-align: center; \"><video controls=\"\" src=\"/profile/upload/2024/09/28/a01.mp4\" width=\"640\" height=\"360\" class=\"note-video-clip\"></video><br></p>', '0', '', 5, '0', '0', '0', '1', '1', '0', '0', NULL, '', 'admin', '2024-09-28 19:56:09', 'admin', '2024-09-28 19:56:26');
INSERT INTO `sys_portal_article` (`article_id`, `dept_id`, `article_title`, `subhead`, `category_id`, `source`, `description`, `thumbnail`, `content`, `art_type`, `art_skip`, `degree_num`, `is_push`, `is_slide`, `is_top`, `check_status`, `is_issue`, `show_status`, `is_grant`, `grant_id`, `remark`, `create_by`, `create_time`, `update_by`, `update_time`) VALUES (93, 100, '光影测试', '', 27, '', '', '/profile/upload/2024/09/28/2007_20240928195804A002.jpg', '<p style=\"text-align: center; \"><video controls=\"\" src=\"/profile/upload/2024/09/28/a01.mp4\" width=\"640\" height=\"360\" class=\"note-video-clip\"></video><br></p>', '0', '', 4, '0', '0', '0', '1', '1', '0', '0', NULL, '', 'admin', '2024-09-28 19:58:36', 'admin', '2024-09-28 19:59:23');
INSERT INTO `sys_portal_article` (`article_id`, `dept_id`, `article_title`, `subhead`, `category_id`, `source`, `description`, `thumbnail`, `content`, `art_type`, `art_skip`, `degree_num`, `is_push`, `is_slide`, `is_top`, `check_status`, `is_issue`, `show_status`, `is_grant`, `grant_id`, `remark`, `create_by`, `create_time`, `update_by`, `update_time`) VALUES (94, 100, '推荐好看电影 1', '', 27, '', '', '/profile/upload/2024/09/28/2008_20240928195917A003.jpg', '<p style=\"text-align: center; \"><video controls=\"\" src=\"/profile/upload/2024/09/28/a01.mp4\" width=\"640\" height=\"360\" class=\"note-video-clip\"></video><br></p>', '0', '', 11, '0', '0', '0', '1', '1', '0', '0', NULL, '', 'admin', '2024-09-28 19:59:19', 'admin', '2024-10-05 10:12:51');
INSERT INTO `sys_portal_article` (`article_id`, `dept_id`, `article_title`, `subhead`, `category_id`, `source`, `description`, `thumbnail`, `content`, `art_type`, `art_skip`, `degree_num`, `is_push`, `is_slide`, `is_top`, `check_status`, `is_issue`, `show_status`, `is_grant`, `grant_id`, `remark`, `create_by`, `create_time`, `update_by`, `update_time`) VALUES (95, 100, '关于党的教育方针内容测试', '', 28, '', '', '', '<p>关于党的教育方针内容测试<br></p>', '2', '', 2, '0', '0', '0', '1', '1', '0', '0', NULL, '', 'admin', '2024-09-28 21:43:13', 'admin', '2024-09-28 21:43:28');
INSERT INTO `sys_portal_article` (`article_id`, `dept_id`, `article_title`, `subhead`, `category_id`, `source`, `description`, `thumbnail`, `content`, `art_type`, `art_skip`, `degree_num`, `is_push`, `is_slide`, `is_top`, `check_status`, `is_issue`, `show_status`, `is_grant`, `grant_id`, `remark`, `create_by`, `create_time`, `update_by`, `update_time`) VALUES (96, 100, '列表测试', '', 29, '', '', '', '<p>沙发上</p>', '2', '', 1, '0', '0', '0', '1', '1', '0', '0', NULL, '', 'admin', '2024-09-29 08:19:55', 'admin', '2024-09-29 08:20:00');
INSERT INTO `sys_portal_article` (`article_id`, `dept_id`, `article_title`, `subhead`, `category_id`, `source`, `description`, `thumbnail`, `content`, `art_type`, `art_skip`, `degree_num`, `is_push`, `is_slide`, `is_top`, `check_status`, `is_issue`, `show_status`, `is_grant`, `grant_id`, `remark`, `create_by`, `create_time`, `update_by`, `update_time`) VALUES (97, 100, '党的群众路线测试列表', '', 30, '', '', '', '<p>党的群众路线测试列表<br></p>', '2', '', 1, '0', '0', '0', '1', '1', '0', '0', NULL, '', 'admin', '2024-09-29 08:21:02', 'admin', '2024-09-29 08:21:26');
INSERT INTO `sys_portal_article` (`article_id`, `dept_id`, `article_title`, `subhead`, `category_id`, `source`, `description`, `thumbnail`, `content`, `art_type`, `art_skip`, `degree_num`, `is_push`, `is_slide`, `is_top`, `check_status`, `is_issue`, `show_status`, `is_grant`, `grant_id`, `remark`, `create_by`, `create_time`, `update_by`, `update_time`) VALUES (98, 100, '军事理论测试', '公司的风格', 31, '原创', 'sdfs', '', '<p>军事理论测试<br></p>', '2', '', 0, '0', '0', '0', '1', '1', '0', '0', NULL, '', 'admin', '2024-09-29 08:21:20', 'admin', '2024-10-03 15:47:05');
INSERT INTO `sys_portal_article` (`article_id`, `dept_id`, `article_title`, `subhead`, `category_id`, `source`, `description`, `thumbnail`, `content`, `art_type`, `art_skip`, `degree_num`, `is_push`, `is_slide`, `is_top`, `check_status`, `is_issue`, `show_status`, `is_grant`, `grant_id`, `remark`, `create_by`, `create_time`, `update_by`, `update_time`) VALUES (99, 100, '在炎炎夏日的烈日下，我参加了一次难忘的军训', '公司的风格', 28, '上手', '撒旦法', '', '<p>收拾收拾啥</p>', '2', '', 1, '0', '0', '0', '1', '1', '0', '0', NULL, '', 'admin', '2024-10-03 15:38:37', 'admin', '2024-10-03 17:09:38');
INSERT INTO `sys_portal_article` (`article_id`, `dept_id`, `article_title`, `subhead`, `category_id`, `source`, `description`, `thumbnail`, `content`, `art_type`, `art_skip`, `degree_num`, `is_push`, `is_slide`, `is_top`, `check_status`, `is_issue`, `show_status`, `is_grant`, `grant_id`, `remark`, `create_by`, `create_time`, `update_by`, `update_time`) VALUES (100, 100, '6是的发生的', '4', 29, '办公室', '阿斯蒂芬', '', '<p>阿斯蒂芬按时</p>', '2', '', 1, '0', '0', '0', '1', '1', '0', '0', NULL, '', 'admin', '2024-10-03 15:40:01', 'admin', '2024-10-03 17:09:50');
INSERT INTO `sys_portal_article` (`article_id`, `dept_id`, `article_title`, `subhead`, `category_id`, `source`, `description`, `thumbnail`, `content`, `art_type`, `art_skip`, `degree_num`, `is_push`, `is_slide`, `is_top`, `check_status`, `is_issue`, `show_status`, `is_grant`, `grant_id`, `remark`, `create_by`, `create_time`, `update_by`, `update_time`) VALUES (101, 104, '关于我们', '公司的风格', 17, '办公室', '', '', '<p>erweqrw</p>', '0', '', 3, '0', '0', '0', '1', '1', '0', '0', NULL, '同意', 'de', '2024-10-03 15:56:45', 'admin', '2024-10-03 15:58:01');
INSERT INTO `sys_portal_article` (`article_id`, `dept_id`, `article_title`, `subhead`, `category_id`, `source`, `description`, `thumbnail`, `content`, `art_type`, `art_skip`, `degree_num`, `is_push`, `is_slide`, `is_top`, `check_status`, `is_issue`, `show_status`, `is_grant`, `grant_id`, `remark`, `create_by`, `create_time`, `update_by`, `update_time`) VALUES (102, 101, '专题测试', '上手', 31, '', '', '', '<p>沙发上</p>', '2', '', 6, '0', '0', '0', '1', '1', '0', '0', NULL, '', 'ry', '2024-10-03 16:01:59', 'ry', '2024-10-03 16:02:07');
COMMIT;

-- ----------------------------
-- Table structure for sys_portal_category
-- ----------------------------
DROP TABLE IF EXISTS `sys_portal_category`;
CREATE TABLE `sys_portal_category` (
  `category_id` bigint(20) NOT NULL AUTO_INCREMENT COMMENT '分类ID',
  `parent_id` bigint(20) DEFAULT '0' COMMENT '父分类ID',
  `category_name` varchar(30) COLLATE utf8mb4_bin DEFAULT '' COMMENT '分类名称',
  `cat_type` char(1) COLLATE utf8mb4_bin DEFAULT '0' COMMENT '类型（0文章 1专题）',
  `sort_num` int(6) DEFAULT '0' COMMENT '显示顺序',
  `cat_status` char(1) COLLATE utf8mb4_bin DEFAULT '0' COMMENT '状态（0正常 1停用）',
  `thumbnail` varchar(126) COLLATE utf8mb4_bin DEFAULT '' COMMENT '缩略图',
  `remark` varchar(256) COLLATE utf8mb4_bin DEFAULT NULL COMMENT '分类介绍',
  `create_by` varchar(32) COLLATE utf8mb4_bin DEFAULT '' COMMENT '创建者',
  `create_time` datetime DEFAULT NULL COMMENT '创建时间',
  `update_by` varchar(32) COLLATE utf8mb4_bin DEFAULT '' COMMENT '更新者',
  `update_time` datetime DEFAULT NULL COMMENT '更新时间',
  PRIMARY KEY (`category_id`)
) ENGINE=InnoDB AUTO_INCREMENT=33 DEFAULT CHARSET=utf8mb4 COLLATE=utf8mb4_bin COMMENT='文章分类表';

-- ----------------------------
-- Records of sys_portal_category
-- ----------------------------
BEGIN;
INSERT INTO `sys_portal_category` (`category_id`, `parent_id`, `category_name`, `cat_type`, `sort_num`, `cat_status`, `thumbnail`, `remark`, `create_by`, `create_time`, `update_by`, `update_time`) VALUES (1, 0, '单位新闻', '0', 2, '0', '', '新闻中心内容', 'admin', '2024-04-05 10:32:11', 'admin', '2024-10-04 16:48:08');
INSERT INTO `sys_portal_category` (`category_id`, `parent_id`, `category_name`, `cat_type`, `sort_num`, `cat_status`, `thumbnail`, `remark`, `create_by`, `create_time`, `update_by`, `update_time`) VALUES (2, 1, '新闻资讯', '0', 2, '0', '', '简报内容介绍', 'admin', '2024-04-05 10:33:09', 'admin', '2024-10-04 16:48:27');
INSERT INTO `sys_portal_category` (`category_id`, `parent_id`, `category_name`, `cat_type`, `sort_num`, `cat_status`, `thumbnail`, `remark`, `create_by`, `create_time`, `update_by`, `update_time`) VALUES (3, 1, '通知通告', '0', 5, '0', '', '单位要闻内容', 'admin', '2024-04-05 10:39:16', 'admin', '2024-09-24 09:44:10');
INSERT INTO `sys_portal_category` (`category_id`, `parent_id`, `category_name`, `cat_type`, `sort_num`, `cat_status`, `thumbnail`, `remark`, `create_by`, `create_time`, `update_by`, `update_time`) VALUES (4, 0, '备用专题', '2', 10, '1', '', '扫黑除恶专题介绍', 'admin', '2024-04-05 10:52:49', 'admin', '2024-10-03 11:52:53');
INSERT INTO `sys_portal_category` (`category_id`, `parent_id`, `category_name`, `cat_type`, `sort_num`, `cat_status`, `thumbnail`, `remark`, `create_by`, `create_time`, `update_by`, `update_time`) VALUES (5, 0, '思想教育', '2', 9, '0', '', '扫黑除恶专题内容', 'admin', '2024-04-05 11:15:55', 'admin', '2024-10-04 16:59:26');
INSERT INTO `sys_portal_category` (`category_id`, `parent_id`, `category_name`, `cat_type`, `sort_num`, `cat_status`, `thumbnail`, `remark`, `create_by`, `create_time`, `update_by`, `update_time`) VALUES (11, 0, '动态要闻', '0', 1, '0', '', '实施', 'admin', '2024-04-06 10:07:34', 'admin', '2024-10-04 16:47:21');
INSERT INTO `sys_portal_category` (`category_id`, `parent_id`, `category_name`, `cat_type`, `sort_num`, `cat_status`, `thumbnail`, `remark`, `create_by`, `create_time`, `update_by`, `update_time`) VALUES (12, 11, '动态要闻', '0', 0, '0', '', '实施', 'admin', '2024-04-06 10:07:51', 'admin', '2024-09-15 15:58:42');
INSERT INTO `sys_portal_category` (`category_id`, `parent_id`, `category_name`, `cat_type`, `sort_num`, `cat_status`, `thumbnail`, `remark`, `create_by`, `create_time`, `update_by`, `update_time`) VALUES (13, 11, '时政资讯', '0', 0, '0', '', '实施', 'admin', '2024-04-06 10:08:05', 'admin', '2024-09-24 09:39:41');
INSERT INTO `sys_portal_category` (`category_id`, `parent_id`, `category_name`, `cat_type`, `sort_num`, `cat_status`, `thumbnail`, `remark`, `create_by`, `create_time`, `update_by`, `update_time`) VALUES (14, 0, '基层动态', '0', 4, '0', '', '实施', 'admin', '2024-04-06 13:07:14', 'admin', '2024-10-04 16:50:29');
INSERT INTO `sys_portal_category` (`category_id`, `parent_id`, `category_name`, `cat_type`, `sort_num`, `cat_status`, `thumbnail`, `remark`, `create_by`, `create_time`, `update_by`, `update_time`) VALUES (15, 0, '专题专栏', '2', 6, '0', '', '', 'admin', '2024-09-15 16:03:38', 'admin', '2024-10-04 16:58:37');
INSERT INTO `sys_portal_category` (`category_id`, `parent_id`, `category_name`, `cat_type`, `sort_num`, `cat_status`, `thumbnail`, `remark`, `create_by`, `create_time`, `update_by`, `update_time`) VALUES (16, 1, '团队动态', '0', 0, '0', '', '', 'admin', '2024-09-15 16:03:55', 'admin', '2024-09-24 10:56:26');
INSERT INTO `sys_portal_category` (`category_id`, `parent_id`, `category_name`, `cat_type`, `sort_num`, `cat_status`, `thumbnail`, `remark`, `create_by`, `create_time`, `update_by`, `update_time`) VALUES (17, 14, '机关工作', '0', 0, '0', '', '', 'admin', '2024-09-15 16:05:05', 'admin', '2024-09-24 11:00:02');
INSERT INTO `sys_portal_category` (`category_id`, `parent_id`, `category_name`, `cat_type`, `sort_num`, `cat_status`, `thumbnail`, `remark`, `create_by`, `create_time`, `update_by`, `update_time`) VALUES (18, 14, '部门动态', '0', 0, '0', '', '', 'admin', '2024-09-15 16:05:22', 'admin', '2024-09-24 11:00:17');
INSERT INTO `sys_portal_category` (`category_id`, `parent_id`, `category_name`, `cat_type`, `sort_num`, `cat_status`, `thumbnail`, `remark`, `create_by`, `create_time`, `update_by`, `update_time`) VALUES (19, 14, '先进典型', '0', 0, '0', '', '', 'admin', '2024-09-15 16:06:13', 'admin', '2024-09-24 11:01:08');
INSERT INTO `sys_portal_category` (`category_id`, `parent_id`, `category_name`, `cat_type`, `sort_num`, `cat_status`, `thumbnail`, `remark`, `create_by`, `create_time`, `update_by`, `update_time`) VALUES (20, 0, '党的建设', '0', 3, '0', '', '', 'admin', '2024-09-15 16:06:59', 'admin', '2024-10-04 16:48:57');
INSERT INTO `sys_portal_category` (`category_id`, `parent_id`, `category_name`, `cat_type`, `sort_num`, `cat_status`, `thumbnail`, `remark`, `create_by`, `create_time`, `update_by`, `update_time`) VALUES (21, 20, '党建工作', '0', 0, '0', '', '', 'admin', '2024-09-15 16:07:12', 'admin', '2024-10-04 16:49:11');
INSERT INTO `sys_portal_category` (`category_id`, `parent_id`, `category_name`, `cat_type`, `sort_num`, `cat_status`, `thumbnail`, `remark`, `create_by`, `create_time`, `update_by`, `update_time`) VALUES (22, 20, '历史沿革', '0', 0, '0', '', '', 'admin', '2024-09-15 16:07:45', 'admin', '2024-10-04 16:49:47');
INSERT INTO `sys_portal_category` (`category_id`, `parent_id`, `category_name`, `cat_type`, `sort_num`, `cat_status`, `thumbnail`, `remark`, `create_by`, `create_time`, `update_by`, `update_time`) VALUES (23, 20, '学习借鉴', '0', 0, '0', '', '', 'admin', '2024-09-15 16:08:32', 'admin', '2024-09-24 11:00:36');
INSERT INTO `sys_portal_category` (`category_id`, `parent_id`, `category_name`, `cat_type`, `sort_num`, `cat_status`, `thumbnail`, `remark`, `create_by`, `create_time`, `update_by`, `update_time`) VALUES (24, 0, '文化发展', '0', 5, '0', '', '队伍的建设工作', 'admin', '2024-09-15 16:10:31', 'admin', '2024-10-04 16:51:00');
INSERT INTO `sys_portal_category` (`category_id`, `parent_id`, `category_name`, `cat_type`, `sort_num`, `cat_status`, `thumbnail`, `remark`, `create_by`, `create_time`, `update_by`, `update_time`) VALUES (25, 24, '报刊', '0', 0, '0', '', '', 'admin', '2024-09-15 16:14:00', 'admin', '2024-09-24 11:03:10');
INSERT INTO `sys_portal_category` (`category_id`, `parent_id`, `category_name`, `cat_type`, `sort_num`, `cat_status`, `thumbnail`, `remark`, `create_by`, `create_time`, `update_by`, `update_time`) VALUES (26, 24, '杂志', '0', 0, '0', '', '', 'admin', '2024-09-15 16:14:10', 'admin', '2024-09-24 11:03:19');
INSERT INTO `sys_portal_category` (`category_id`, `parent_id`, `category_name`, `cat_type`, `sort_num`, `cat_status`, `thumbnail`, `remark`, `create_by`, `create_time`, `update_by`, `update_time`) VALUES (27, 24, '光影', '0', 0, '0', '', '', 'admin', '2024-09-15 16:14:28', 'admin', '2024-09-24 11:03:28');
INSERT INTO `sys_portal_category` (`category_id`, `parent_id`, `category_name`, `cat_type`, `sort_num`, `cat_status`, `thumbnail`, `remark`, `create_by`, `create_time`, `update_by`, `update_time`) VALUES (28, 15, '党的教育方针', '2', 0, '0', '/profile/upload/2024/09/27/zt01_20240927164924A001.jpg', '教育必须为社会主义现代化建设服务、为人民服务，必须与生产劳动和社会实践相结合，培养德智体美劳全面发展的社会主义建设者和接班人。\r\n', 'admin', '2024-09-27 14:22:24', 'admin', '2024-09-28 21:36:24');
INSERT INTO `sys_portal_category` (`category_id`, `parent_id`, `category_name`, `cat_type`, `sort_num`, `cat_status`, `thumbnail`, `remark`, `create_by`, `create_time`, `update_by`, `update_time`) VALUES (29, 15, '党史学习教育', '2', 0, '0', '/profile/upload/2024/09/27/zt02_20240927165144A002.jpg', '年轻干部生逢伟大时代，是党和国家事业发展的生力军，必须练好内功、提升修养，做到信念坚定、对党忠诚，注重实际、实事求是。 ', 'admin', '2024-09-27 14:22:55', 'admin', '2024-09-28 21:37:12');
INSERT INTO `sys_portal_category` (`category_id`, `parent_id`, `category_name`, `cat_type`, `sort_num`, `cat_status`, `thumbnail`, `remark`, `create_by`, `create_time`, `update_by`, `update_time`) VALUES (30, 15, '党的群众路线', '2', 0, '0', '/profile/upload/2024/09/27/zt03_20240927165216A003.jpg', '坚持群众路线对于保持党的先进性和纯洁性具有重要意义。它能够确保党与群众保持密切联系，防止脱离群众的危险，增强党的创造力和战斗力。通过贯彻群众路线，党能够更好地解决群众反映强烈的问题，提高执政能力和水平，确保党的事业不断取得胜利。', 'admin', '2024-09-27 14:23:33', 'admin', '2024-09-28 21:37:18');
INSERT INTO `sys_portal_category` (`category_id`, `parent_id`, `category_name`, `cat_type`, `sort_num`, `cat_status`, `thumbnail`, `remark`, `create_by`, `create_time`, `update_by`, `update_time`) VALUES (31, 15, '军事理论', '2', 0, '0', '/profile/upload/2024/09/27/zt04_20240927165234A004.jpg', '科学的军事理论就是战斗力,一支强大的军队必须有科学理论作指导。党的二十大报告强调,加快军事理论现代化。这一要求凸显了军事理论创新的先导作用和引领功能', 'admin', '2024-09-27 14:24:03', 'admin', '2024-09-28 21:37:25');
INSERT INTO `sys_portal_category` (`category_id`, `parent_id`, `category_name`, `cat_type`, `sort_num`, `cat_status`, `thumbnail`, `remark`, `create_by`, `create_time`, `update_by`, `update_time`) VALUES (32, 0, '服务基层', '0', 7, '0', '', '基础栏目', 'admin', '2024-10-03 11:40:44', 'admin', '2024-10-03 11:40:59');
COMMIT;

-- ----------------------------
-- Table structure for sys_portal_links
-- ----------------------------
DROP TABLE IF EXISTS `sys_portal_links`;
CREATE TABLE `sys_portal_links` (
  `links_id` bigint(20) NOT NULL AUTO_INCREMENT COMMENT '友链ID',
  `links_title` varchar(30) COLLATE utf8mb4_bin DEFAULT '' COMMENT '友链名称',
  `links_type` char(1) COLLATE utf8mb4_bin DEFAULT '0' COMMENT '类型（0站内 1本省 2全国）',
  `thumbnail` varchar(256) COLLATE utf8mb4_bin DEFAULT '' COMMENT '缩略图',
  `links_skip` varchar(64) COLLATE utf8mb4_bin DEFAULT '' COMMENT '跳转地址',
  `sort_num` int(6) DEFAULT '0' COMMENT '显示顺序',
  `links_status` char(1) COLLATE utf8mb4_bin DEFAULT '0' COMMENT '状态（0正常 1停用）',
  `remark` varchar(256) COLLATE utf8mb4_bin DEFAULT NULL COMMENT '友链介绍',
  `create_by` varchar(32) COLLATE utf8mb4_bin DEFAULT '' COMMENT '创建者',
  `create_time` datetime DEFAULT NULL COMMENT '创建时间',
  `update_by` varchar(32) COLLATE utf8mb4_bin DEFAULT '' COMMENT '更新者',
  `update_time` datetime DEFAULT NULL COMMENT '更新时间',
  PRIMARY KEY (`links_id`)
) ENGINE=InnoDB AUTO_INCREMENT=2 DEFAULT CHARSET=utf8mb4 COLLATE=utf8mb4_bin COMMENT='友情链接表';

-- ----------------------------
-- Records of sys_portal_links
-- ----------------------------
BEGIN;
INSERT INTO `sys_portal_links` (`links_id`, `links_title`, `links_type`, `thumbnail`, `links_skip`, `sort_num`, `links_status`, `remark`, `create_by`, `create_time`, `update_by`, `update_time`) VALUES (1, '青一色科技', '0', '', 'http://www.0971ad.com', 0, '0', '', '', '2024-04-07 17:35:00', '', NULL);
COMMIT;

-- ----------------------------
-- Table structure for sys_portal_mailbox
-- ----------------------------
DROP TABLE IF EXISTS `sys_portal_mailbox`;
CREATE TABLE `sys_portal_mailbox` (
  `mailbox_id` bigint(20) NOT NULL AUTO_INCREMENT COMMENT '信箱id',
  `mail_title` varchar(64) DEFAULT '' COMMENT '信件主题',
  `write_name` varchar(11) DEFAULT '' COMMENT '写信人姓名',
  `phonenumber` varchar(11) DEFAULT '' COMMENT '写信人电话',
  `description` varchar(256) DEFAULT '' COMMENT '内容描述',
  `mail_type` char(1) DEFAULT NULL COMMENT '类型(0首长 1领导)',
  `mail_status` char(1) DEFAULT '0' COMMENT '状态(0待办理 1办理中 已办结)',
  `is_lock` char(1) DEFAULT NULL COMMENT '是否加密(0否 1是)',
  `password` varchar(64) DEFAULT NULL COMMENT '加密秘密',
  `remark` varchar(500) DEFAULT NULL COMMENT '回复内容',
  `create_by` varchar(32) DEFAULT '' COMMENT '创建者',
  `create_time` datetime DEFAULT NULL COMMENT '创建时间',
  `update_by` varchar(32) DEFAULT '' COMMENT '回复者',
  `update_time` datetime DEFAULT NULL COMMENT '回复时间',
  PRIMARY KEY (`mailbox_id`)
) ENGINE=InnoDB AUTO_INCREMENT=24 DEFAULT CHARSET=utf8mb4 COMMENT='首长信箱表';

-- ----------------------------
-- Records of sys_portal_mailbox
-- ----------------------------
BEGIN;
INSERT INTO `sys_portal_mailbox` (`mailbox_id`, `mail_title`, `write_name`, `phonenumber`, `description`, `mail_type`, `mail_status`, `is_lock`, `password`, `remark`, `create_by`, `create_time`, `update_by`, `update_time`) VALUES (1, '1', '1', '1', '1', '2', '2', '0', '1', '1333', '', '2024-09-29 11:17:04', '', '2024-10-02 12:31:16');
INSERT INTO `sys_portal_mailbox` (`mailbox_id`, `mail_title`, `write_name`, `phonenumber`, `description`, `mail_type`, `mail_status`, `is_lock`, `password`, `remark`, `create_by`, `create_time`, `update_by`, `update_time`) VALUES (2, '2', '2', '15666666666', '43543', '0', '2', '1', 'QL9il1Go865NDMsbWPeQBQ==', '4543', '', '2024-09-29 11:37:08', '', '2024-09-29 11:38:30');
INSERT INTO `sys_portal_mailbox` (`mailbox_id`, `mail_title`, `write_name`, `phonenumber`, `description`, `mail_type`, `mail_status`, `is_lock`, `password`, `remark`, `create_by`, `create_time`, `update_by`, `update_time`) VALUES (3, '测试', '张三', '15666666666', '45645645', NULL, '0', '1', 'QL9il1Go865NDMsbWPeQBQ==', '333', '', '2024-09-29 12:01:02', '', '2024-09-29 12:01:11');
INSERT INTO `sys_portal_mailbox` (`mailbox_id`, `mail_title`, `write_name`, `phonenumber`, `description`, `mail_type`, `mail_status`, `is_lock`, `password`, `remark`, `create_by`, `create_time`, `update_by`, `update_time`) VALUES (4, '祖国生日快乐', '张三', '15666666666', '祝福伟大的祖国繁荣昌盛！', NULL, '0', '1', 'QL9il1Go865NDMsbWPeQBQ==', NULL, '', '2024-09-29 23:13:33', '', NULL);
INSERT INTO `sys_portal_mailbox` (`mailbox_id`, `mail_title`, `write_name`, `phonenumber`, `description`, `mail_type`, `mail_status`, `is_lock`, `password`, `remark`, `create_by`, `create_time`, `update_by`, `update_time`) VALUES (5, '我要请假', '李敏', '15666666666', '请假回家相亲！', '0', '0', '0', '', NULL, '', '2024-09-29 23:21:10', '', NULL);
INSERT INTO `sys_portal_mailbox` (`mailbox_id`, `mail_title`, `write_name`, `phonenumber`, `description`, `mail_type`, `mail_status`, `is_lock`, `password`, `remark`, `create_by`, `create_time`, `update_by`, `update_time`) VALUES (6, '我要出差', '张三', '15666666666', '撒旦法斯蒂芬森答案是的', '0', '0', '1', 'QL9il1Go865NDMsbWPeQBQ==', NULL, '', '2024-09-29 23:27:17', '', NULL);
INSERT INTO `sys_portal_mailbox` (`mailbox_id`, `mail_title`, `write_name`, `phonenumber`, `description`, `mail_type`, `mail_status`, `is_lock`, `password`, `remark`, `create_by`, `create_time`, `update_by`, `update_time`) VALUES (7, '祖国生日快乐3434', '张三', '15666666666', '2222222', '0', '0', '1', 'QL9il1Go865NDMsbWPeQBQ==', NULL, '', '2024-10-01 14:23:36', '', NULL);
INSERT INTO `sys_portal_mailbox` (`mailbox_id`, `mail_title`, `write_name`, `phonenumber`, `description`, `mail_type`, `mail_status`, `is_lock`, `password`, `remark`, `create_by`, `create_time`, `update_by`, `update_time`) VALUES (8, '祖国生日快乐dddd', '张三', '15666666666', 'dfdfdfdd', '0', '0', '1', 'QL9il1Go865NDMsbWPeQBQ==', NULL, '', '2024-10-01 18:26:38', '', NULL);
INSERT INTO `sys_portal_mailbox` (`mailbox_id`, `mail_title`, `write_name`, `phonenumber`, `description`, `mail_type`, `mail_status`, `is_lock`, `password`, `remark`, `create_by`, `create_time`, `update_by`, `update_time`) VALUES (9, '我要出差', '张三', '15666666666', 'eeeeeerere', '0', '0', '0', 'hsE8U475ULa9Fh5XtkgAxA==', NULL, '', '2024-10-01 19:30:43', '', NULL);
INSERT INTO `sys_portal_mailbox` (`mailbox_id`, `mail_title`, `write_name`, `phonenumber`, `description`, `mail_type`, `mail_status`, `is_lock`, `password`, `remark`, `create_by`, `create_time`, `update_by`, `update_time`) VALUES (10, '321121', '张三', '15666666666', '111111', '0', '0', '1', 'QL9il1Go865NDMsbWPeQBQ==', NULL, '', '2024-10-01 22:35:22', '', NULL);
INSERT INTO `sys_portal_mailbox` (`mailbox_id`, `mail_title`, `write_name`, `phonenumber`, `description`, `mail_type`, `mail_status`, `is_lock`, `password`, `remark`, `create_by`, `create_time`, `update_by`, `update_time`) VALUES (11, '444444', '张三', '15666666666', '111111', '0', '0', '1', 'QL9il1Go865NDMsbWPeQBQ==', NULL, '', '2024-10-01 22:36:29', '', NULL);
INSERT INTO `sys_portal_mailbox` (`mailbox_id`, `mail_title`, `write_name`, `phonenumber`, `description`, `mail_type`, `mail_status`, `is_lock`, `password`, `remark`, `create_by`, `create_time`, `update_by`, `update_time`) VALUES (12, '444444', '李敏', '15666666666', '1111111', '0', '0', '1', 'QL9il1Go865NDMsbWPeQBQ==', NULL, '', '2024-10-01 22:37:14', '', NULL);
INSERT INTO `sys_portal_mailbox` (`mailbox_id`, `mail_title`, `write_name`, `phonenumber`, `description`, `mail_type`, `mail_status`, `is_lock`, `password`, `remark`, `create_by`, `create_time`, `update_by`, `update_time`) VALUES (13, '我要出差2323', '张三', '15666666666', '1112312312  编程序 v 别出心裁', '0', '0', '1', 'QL9il1Go865NDMsbWPeQBQ==', NULL, '', '2024-10-02 09:32:11', '', NULL);
INSERT INTO `sys_portal_mailbox` (`mailbox_id`, `mail_title`, `write_name`, `phonenumber`, `description`, `mail_type`, `mail_status`, `is_lock`, `password`, `remark`, `create_by`, `create_time`, `update_by`, `update_time`) VALUES (14, '祖国生日快乐122', '张三', '15666666666', '111123334 杀伐果断', '0', '0', '1', 'QL9il1Go865NDMsbWPeQBQ==', NULL, '', '2024-10-02 09:36:05', '', NULL);
INSERT INTO `sys_portal_mailbox` (`mailbox_id`, `mail_title`, `write_name`, `phonenumber`, `description`, `mail_type`, `mail_status`, `is_lock`, `password`, `remark`, `create_by`, `create_time`, `update_by`, `update_time`) VALUES (15, '23233424', '张三', '15666666666', '111123334 杀伐果断', '0', '0', '1', 'QL9il1Go865NDMsbWPeQBQ==', NULL, '', '2024-10-02 09:36:43', '', NULL);
INSERT INTO `sys_portal_mailbox` (`mailbox_id`, `mail_title`, `write_name`, `phonenumber`, `description`, `mail_type`, `mail_status`, `is_lock`, `password`, `remark`, `create_by`, `create_time`, `update_by`, `update_time`) VALUES (16, '测试亲亲', '张三', '15666666666', '亲亲', '0', '0', '0', 'hsE8U475ULa9Fh5XtkgAxA==', NULL, '', '2024-10-02 09:59:57', '', NULL);
INSERT INTO `sys_portal_mailbox` (`mailbox_id`, `mail_title`, `write_name`, `phonenumber`, `description`, `mail_type`, `mail_status`, `is_lock`, `password`, `remark`, `create_by`, `create_time`, `update_by`, `update_time`) VALUES (17, '测试asfdsa', '张三', '15666666666', 'sdfsad', '0', '2', '1', 'QL9il1Go865NDMsbWPeQBQ==', '已办理', '', '2024-10-02 10:37:29', '', '2024-10-02 17:59:49');
INSERT INTO `sys_portal_mailbox` (`mailbox_id`, `mail_title`, `write_name`, `phonenumber`, `description`, `mail_type`, `mail_status`, `is_lock`, `password`, `remark`, `create_by`, `create_time`, `update_by`, `update_time`) VALUES (18, '测试', '张三', '15666666666', '222', '0', '1', '0', 'hsE8U475ULa9Fh5XtkgAxA==', '22', '', '2024-10-02 11:55:23', '', '2024-10-02 16:07:47');
INSERT INTO `sys_portal_mailbox` (`mailbox_id`, `mail_title`, `write_name`, `phonenumber`, `description`, `mail_type`, `mail_status`, `is_lock`, `password`, `remark`, `create_by`, `create_time`, `update_by`, `update_time`) VALUES (19, '测试112999', '张三s', '15666666666', 'sfsdfsad', '0', '0', '0', 'hsE8U475ULa9Fh5XtkgAxA==', NULL, '', '2024-10-02 18:35:57', '', NULL);
INSERT INTO `sys_portal_mailbox` (`mailbox_id`, `mail_title`, `write_name`, `phonenumber`, `description`, `mail_type`, `mail_status`, `is_lock`, `password`, `remark`, `create_by`, `create_time`, `update_by`, `update_time`) VALUES (20, '测试哈哈哈哈', '张三', '15666666666', '哈哈哈哈哈哈', '0', '0', '0', 'hsE8U475ULa9Fh5XtkgAxA==', NULL, '', '2024-10-03 17:18:10', '', NULL);
INSERT INTO `sys_portal_mailbox` (`mailbox_id`, `mail_title`, `write_name`, `phonenumber`, `description`, `mail_type`, `mail_status`, `is_lock`, `password`, `remark`, `create_by`, `create_time`, `update_by`, `update_time`) VALUES (21, '我要出差999', '张三', '15666666666', '1111112222333', '0', '0', '1', 'QL9il1Go865NDMsbWPeQBQ==', NULL, '', '2024-10-04 18:29:50', '', NULL);
INSERT INTO `sys_portal_mailbox` (`mailbox_id`, `mail_title`, `write_name`, `phonenumber`, `description`, `mail_type`, `mail_status`, `is_lock`, `password`, `remark`, `create_by`, `create_time`, `update_by`, `update_time`) VALUES (22, '测试556', '张三', '15666666666', '6666667777', '0', '0', '1', 'QL9il1Go865NDMsbWPeQBQ==', NULL, '', '2024-10-04 18:46:00', '', NULL);
INSERT INTO `sys_portal_mailbox` (`mailbox_id`, `mail_title`, `write_name`, `phonenumber`, `description`, `mail_type`, `mail_status`, `is_lock`, `password`, `remark`, `create_by`, `create_time`, `update_by`, `update_time`) VALUES (23, '测试2222', '张三', '15666666666', '232131', '0', '0', '0', 'hsE8U475ULa9Fh5XtkgAxA==', NULL, '', '2024-10-05 22:56:40', '', NULL);
COMMIT;

-- ----------------------------
-- Table structure for sys_portal_navbar
-- ----------------------------
DROP TABLE IF EXISTS `sys_portal_navbar`;
CREATE TABLE `sys_portal_navbar` (
  `nav_id` bigint(20) NOT NULL AUTO_INCREMENT COMMENT '导航ID',
  `parent_id` bigint(20) DEFAULT '0' COMMENT '父分类ID',
  `category_id` bigint(20) DEFAULT '0' COMMENT '文章标识（分类ID）',
  `nav_name` varchar(30) COLLATE utf8mb4_bin DEFAULT '' COMMENT '分类名称',
  `article_type` char(1) COLLATE utf8mb4_bin DEFAULT '0' COMMENT '文章类型（0文章 1单页 2专题）',
  `nav_type` char(1) COLLATE utf8mb4_bin DEFAULT '0' COMMENT '导航类型（0主导航 1底部导航 2专题导航）',
  `nav_icon` varchar(64) COLLATE utf8mb4_bin DEFAULT '' COMMENT '图标',
  `nav_skip` varchar(64) COLLATE utf8mb4_bin DEFAULT '' COMMENT '跳转地址',
  `sort_nav` int(6) DEFAULT '100' COMMENT '显示顺序',
  `nav_status` char(1) COLLATE utf8mb4_bin DEFAULT '0' COMMENT '状态（0正常 1停用）',
  `remark` varchar(256) COLLATE utf8mb4_bin DEFAULT NULL COMMENT '导航介绍',
  `create_by` varchar(32) COLLATE utf8mb4_bin DEFAULT '' COMMENT '创建者',
  `create_time` datetime DEFAULT NULL COMMENT '创建时间',
  `update_by` varchar(32) COLLATE utf8mb4_bin DEFAULT '' COMMENT '更新者',
  `update_time` datetime DEFAULT NULL COMMENT '更新时间',
  PRIMARY KEY (`nav_id`)
) ENGINE=InnoDB AUTO_INCREMENT=24 DEFAULT CHARSET=utf8mb4 COLLATE=utf8mb4_bin COMMENT='页面导航表';

-- ----------------------------
-- Records of sys_portal_navbar
-- ----------------------------
BEGIN;
INSERT INTO `sys_portal_navbar` (`nav_id`, `parent_id`, `category_id`, `nav_name`, `article_type`, `nav_type`, `nav_icon`, `nav_skip`, `sort_nav`, `nav_status`, `remark`, `create_by`, `create_time`, `update_by`, `update_time`) VALUES (1, 0, 11, '动态要闻', '0', '0', 'fa fa-newspaper-o', 'lists/', 91, '0', '', 'admin', '2024-05-19 11:02:59', '', '2024-10-04 16:51:24');
INSERT INTO `sys_portal_navbar` (`nav_id`, `parent_id`, `category_id`, `nav_name`, `article_type`, `nav_type`, `nav_icon`, `nav_skip`, `sort_nav`, `nav_status`, `remark`, `create_by`, `create_time`, `update_by`, `update_time`) VALUES (2, 0, 100, '网站首页', '3', '0', 'fa fa-home', 'home', 88, '0', '', 'admin', '2024-05-19 11:31:30', '', '2024-10-04 16:53:20');
INSERT INTO `sys_portal_navbar` (`nav_id`, `parent_id`, `category_id`, `nav_name`, `article_type`, `nav_type`, `nav_icon`, `nav_skip`, `sort_nav`, `nav_status`, `remark`, `create_by`, `create_time`, `update_by`, `update_time`) VALUES (3, 0, 20, '党的建设', '0', '0', 'fa fa-users', 'lists/', 94, '0', '', 'admin', '2024-05-19 11:39:51', '', '2024-10-04 16:56:04');
INSERT INTO `sys_portal_navbar` (`nav_id`, `parent_id`, `category_id`, `nav_name`, `article_type`, `nav_type`, `nav_icon`, `nav_skip`, `sort_nav`, `nav_status`, `remark`, `create_by`, `create_time`, `update_by`, `update_time`) VALUES (4, 3, 23, '学习借鉴', '0', '0', '', 'list/', 100, '0', '', 'admin', '2024-05-19 11:40:14', '', '2024-10-04 16:56:56');
INSERT INTO `sys_portal_navbar` (`nav_id`, `parent_id`, `category_id`, `nav_name`, `article_type`, `nav_type`, `nav_icon`, `nav_skip`, `sort_nav`, `nav_status`, `remark`, `create_by`, `create_time`, `update_by`, `update_time`) VALUES (5, 3, 22, '历史沿革', '0', '0', '', 'list/', 100, '0', '', 'admin', '2024-05-19 11:40:29', '', '2024-10-04 16:56:41');
INSERT INTO `sys_portal_navbar` (`nav_id`, `parent_id`, `category_id`, `nav_name`, `article_type`, `nav_type`, `nav_icon`, `nav_skip`, `sort_nav`, `nav_status`, `remark`, `create_by`, `create_time`, `update_by`, `update_time`) VALUES (6, 0, 100, '备用栏目', '3', '0', '', 'list/', 114, '1', '', 'admin', '2024-05-19 12:08:57', '', '2024-09-28 21:39:59');
INSERT INTO `sys_portal_navbar` (`nav_id`, `parent_id`, `category_id`, `nav_name`, `article_type`, `nav_type`, `nav_icon`, `nav_skip`, `sort_nav`, `nav_status`, `remark`, `create_by`, `create_time`, `update_by`, `update_time`) VALUES (7, 1, 13, '时政资讯', '0', '0', '', 'list/', 100, '0', '', 'admin', '2024-05-19 12:09:09', '', '2024-09-24 11:19:07');
INSERT INTO `sys_portal_navbar` (`nav_id`, `parent_id`, `category_id`, `nav_name`, `article_type`, `nav_type`, `nav_icon`, `nav_skip`, `sort_nav`, `nav_status`, `remark`, `create_by`, `create_time`, `update_by`, `update_time`) VALUES (8, 0, 1, '单位新闻', '0', '0', 'fa fa-star-half-o', 'lists/', 92, '0', '', 'admin', '2024-05-20 14:24:31', '', '2024-10-04 16:51:59');
INSERT INTO `sys_portal_navbar` (`nav_id`, `parent_id`, `category_id`, `nav_name`, `article_type`, `nav_type`, `nav_icon`, `nav_skip`, `sort_nav`, `nav_status`, `remark`, `create_by`, `create_time`, `update_by`, `update_time`) VALUES (9, 8, 3, '通知通告', '0', '0', '', 'list/', 101, '0', '', 'admin', '2024-05-25 15:41:38', '', '2024-10-04 16:52:09');
INSERT INTO `sys_portal_navbar` (`nav_id`, `parent_id`, `category_id`, `nav_name`, `article_type`, `nav_type`, `nav_icon`, `nav_skip`, `sort_nav`, `nav_status`, `remark`, `create_by`, `create_time`, `update_by`, `update_time`) VALUES (10, 0, 7, '单位介绍', '1', '0', 'fa fa-star-half-o', 'pages/', 90, '0', '', 'admin', '2024-05-25 15:42:35', '', '2024-10-04 16:54:41');
INSERT INTO `sys_portal_navbar` (`nav_id`, `parent_id`, `category_id`, `nav_name`, `article_type`, `nav_type`, `nav_icon`, `nav_skip`, `sort_nav`, `nav_status`, `remark`, `create_by`, `create_time`, `update_by`, `update_time`) VALUES (11, 0, 14, '基层动态', '0', '0', 'fa fa-clipboard', 'lists/', 100, '0', '', 'admin', '2024-09-15 09:25:23', '', '2024-10-04 16:57:12');
INSERT INTO `sys_portal_navbar` (`nav_id`, `parent_id`, `category_id`, `nav_name`, `article_type`, `nav_type`, `nav_icon`, `nav_skip`, `sort_nav`, `nav_status`, `remark`, `create_by`, `create_time`, `update_by`, `update_time`) VALUES (12, 1, 12, '动态要闻', '0', '0', '', 'list/', 100, '0', '', 'admin', '2024-09-15 16:17:30', '', '2024-09-24 11:18:58');
INSERT INTO `sys_portal_navbar` (`nav_id`, `parent_id`, `category_id`, `nav_name`, `article_type`, `nav_type`, `nav_icon`, `nav_skip`, `sort_nav`, `nav_status`, `remark`, `create_by`, `create_time`, `update_by`, `update_time`) VALUES (13, 8, 16, '团队动态', '0', '0', '', 'list/', 102, '0', '', 'admin', '2024-09-15 16:18:34', '', '2024-10-04 16:52:19');
INSERT INTO `sys_portal_navbar` (`nav_id`, `parent_id`, `category_id`, `nav_name`, `article_type`, `nav_type`, `nav_icon`, `nav_skip`, `sort_nav`, `nav_status`, `remark`, `create_by`, `create_time`, `update_by`, `update_time`) VALUES (14, 11, 19, '先进典型', '0', '0', '', 'list/', 100, '0', '', 'admin', '2024-09-15 16:19:58', '', '2024-09-24 17:25:17');
INSERT INTO `sys_portal_navbar` (`nav_id`, `parent_id`, `category_id`, `nav_name`, `article_type`, `nav_type`, `nav_icon`, `nav_skip`, `sort_nav`, `nav_status`, `remark`, `create_by`, `create_time`, `update_by`, `update_time`) VALUES (15, 11, 18, '部门动态', '0', '0', '', 'list/', 100, '0', '', 'admin', '2024-09-15 16:20:16', '', '2024-09-24 17:25:02');
INSERT INTO `sys_portal_navbar` (`nav_id`, `parent_id`, `category_id`, `nav_name`, `article_type`, `nav_type`, `nav_icon`, `nav_skip`, `sort_nav`, `nav_status`, `remark`, `create_by`, `create_time`, `update_by`, `update_time`) VALUES (16, 11, 17, '机关工作', '0', '0', '', 'list/', 100, '0', '', 'admin', '2024-09-15 16:20:41', '', '2024-09-24 17:24:50');
INSERT INTO `sys_portal_navbar` (`nav_id`, `parent_id`, `category_id`, `nav_name`, `article_type`, `nav_type`, `nav_icon`, `nav_skip`, `sort_nav`, `nav_status`, `remark`, `create_by`, `create_time`, `update_by`, `update_time`) VALUES (17, 3, 21, '党建工作', '0', '0', '', 'list/', 100, '0', '', 'admin', '2024-09-15 16:23:51', '', '2024-10-04 16:56:17');
INSERT INTO `sys_portal_navbar` (`nav_id`, `parent_id`, `category_id`, `nav_name`, `article_type`, `nav_type`, `nav_icon`, `nav_skip`, `sort_nav`, `nav_status`, `remark`, `create_by`, `create_time`, `update_by`, `update_time`) VALUES (18, 0, 24, '文化风采', '0', '0', 'fa fa-paper-plane-o', 'arts/', 111, '0', '', 'admin', '2024-09-15 16:25:29', '', '2024-10-04 16:58:07');
INSERT INTO `sys_portal_navbar` (`nav_id`, `parent_id`, `category_id`, `nav_name`, `article_type`, `nav_type`, `nav_icon`, `nav_skip`, `sort_nav`, `nav_status`, `remark`, `create_by`, `create_time`, `update_by`, `update_time`) VALUES (19, 18, 27, '光影', '0', '0', '', 'list/', 100, '0', '', 'admin', '2024-09-15 16:25:56', '', '2024-09-28 15:30:50');
INSERT INTO `sys_portal_navbar` (`nav_id`, `parent_id`, `category_id`, `nav_name`, `article_type`, `nav_type`, `nav_icon`, `nav_skip`, `sort_nav`, `nav_status`, `remark`, `create_by`, `create_time`, `update_by`, `update_time`) VALUES (20, 18, 26, '杂志', '0', '0', '', 'list/', 100, '0', '', 'admin', '2024-09-15 16:26:10', '', '2024-09-28 15:30:43');
INSERT INTO `sys_portal_navbar` (`nav_id`, `parent_id`, `category_id`, `nav_name`, `article_type`, `nav_type`, `nav_icon`, `nav_skip`, `sort_nav`, `nav_status`, `remark`, `create_by`, `create_time`, `update_by`, `update_time`) VALUES (21, 18, 25, '报刊', '0', '0', '', 'list/', 100, '0', '', 'admin', '2024-09-15 16:26:22', '', '2024-09-28 15:30:36');
INSERT INTO `sys_portal_navbar` (`nav_id`, `parent_id`, `category_id`, `nav_name`, `article_type`, `nav_type`, `nav_icon`, `nav_skip`, `sort_nav`, `nav_status`, `remark`, `create_by`, `create_time`, `update_by`, `update_time`) VALUES (22, 0, 15, '专题课堂', '2', '0', 'fa fa-laptop', 'rooms/', 112, '0', '', 'admin', '2024-09-15 16:27:29', '', '2024-10-04 17:01:16');
INSERT INTO `sys_portal_navbar` (`nav_id`, `parent_id`, `category_id`, `nav_name`, `article_type`, `nav_type`, `nav_icon`, `nav_skip`, `sort_nav`, `nav_status`, `remark`, `create_by`, `create_time`, `update_by`, `update_time`) VALUES (23, 0, 100, '领导信箱', '3', '0', 'fa fa-folder-open-o', 'pages/', 113, '1', '', 'admin', '2024-09-15 16:33:05', '', '2024-09-24 17:28:36');
COMMIT;

-- ----------------------------
-- Table structure for sys_portal_slide
-- ----------------------------
DROP TABLE IF EXISTS `sys_portal_slide`;
CREATE TABLE `sys_portal_slide` (
  `slide_id` bigint(20) NOT NULL AUTO_INCREMENT COMMENT '幻灯ID',
  `slide_title` varchar(30) COLLATE utf8mb4_bin DEFAULT '' COMMENT '幻灯名称',
  `slide_type` char(1) COLLATE utf8mb4_bin DEFAULT '0' COMMENT '类型（0首页 1专题 2频道）',
  `thumbnail` varchar(256) COLLATE utf8mb4_bin DEFAULT '' COMMENT '缩略图',
  `slide_skip` varchar(64) COLLATE utf8mb4_bin DEFAULT '' COMMENT '跳转地址',
  `sort_num` int(6) DEFAULT '0' COMMENT '显示顺序',
  `slide_status` char(1) COLLATE utf8mb4_bin DEFAULT '0' COMMENT '状态（0正常 1停用）',
  `remark` varchar(256) COLLATE utf8mb4_bin DEFAULT NULL COMMENT '幻灯介绍',
  `create_by` varchar(32) COLLATE utf8mb4_bin DEFAULT '' COMMENT '创建者',
  `create_time` datetime DEFAULT NULL COMMENT '创建时间',
  `update_by` varchar(32) COLLATE utf8mb4_bin DEFAULT '' COMMENT '更新者',
  `update_time` datetime DEFAULT NULL COMMENT '更新时间',
  PRIMARY KEY (`slide_id`)
) ENGINE=InnoDB AUTO_INCREMENT=2 DEFAULT CHARSET=utf8mb4 COLLATE=utf8mb4_bin COMMENT='幻灯片表';

-- ----------------------------
-- Records of sys_portal_slide
-- ----------------------------
BEGIN;
INSERT INTO `sys_portal_slide` (`slide_id`, `slide_title`, `slide_type`, `thumbnail`, `slide_skip`, `sort_num`, `slide_status`, `remark`, `create_by`, `create_time`, `update_by`, `update_time`) VALUES (1, '导航下方', '1', 'http://localhost:8066/profile/upload/2024/04/07/3333_20240407150752A001.jpg', '/list', 100, '0', '', '', '2024-04-07 15:07:55', '', NULL);
COMMIT;

-- ----------------------------
-- Table structure for sys_portal_special
-- ----------------------------
DROP TABLE IF EXISTS `sys_portal_special`;
CREATE TABLE `sys_portal_special` (
  `special_id` bigint(20) NOT NULL AUTO_INCREMENT COMMENT '专题ID',
  `special_title` varchar(30) COLLATE utf8mb4_bin DEFAULT '' COMMENT '专题名称',
  `special_type` char(1) COLLATE utf8mb4_bin DEFAULT '0' COMMENT '类型（0专一 1专二）',
  `thumbnail` varchar(256) COLLATE utf8mb4_bin DEFAULT '' COMMENT '缩略图',
  `special_skip` varchar(64) COLLATE utf8mb4_bin DEFAULT '' COMMENT '跳转地址',
  `sort_num` int(6) DEFAULT '0' COMMENT '显示顺序',
  `lspecial_status` char(1) COLLATE utf8mb4_bin DEFAULT '0' COMMENT '状态（0正常 1停用）',
  `remark` varchar(256) COLLATE utf8mb4_bin DEFAULT NULL COMMENT '专题描述',
  `create_by` varchar(32) COLLATE utf8mb4_bin DEFAULT '' COMMENT '创建者',
  `create_time` datetime DEFAULT NULL COMMENT '创建时间',
  `update_by` varchar(32) COLLATE utf8mb4_bin DEFAULT '' COMMENT '更新者',
  `update_time` datetime DEFAULT NULL COMMENT '更新时间',
  PRIMARY KEY (`special_id`)
) ENGINE=InnoDB AUTO_INCREMENT=2 DEFAULT CHARSET=utf8mb4 COLLATE=utf8mb4_bin COMMENT='专题表';

-- ----------------------------
-- Records of sys_portal_special
-- ----------------------------
BEGIN;
INSERT INTO `sys_portal_special` (`special_id`, `special_title`, `special_type`, `thumbnail`, `special_skip`, `sort_num`, `lspecial_status`, `remark`, `create_by`, `create_time`, `update_by`, `update_time`) VALUES (1, 'test', '1', 'ere', 'er', 3, '0', 'er', '', '2024-04-07 18:19:01', '', '2024-09-20 18:44:05');
COMMIT;

-- ----------------------------
-- Table structure for sys_post
-- ----------------------------
DROP TABLE IF EXISTS `sys_post`;
CREATE TABLE `sys_post` (
  `post_id` bigint(20) NOT NULL AUTO_INCREMENT COMMENT '岗位ID',
  `post_code` varchar(64) COLLATE utf8mb4_bin NOT NULL COMMENT '岗位编码',
  `post_name` varchar(50) COLLATE utf8mb4_bin NOT NULL COMMENT '岗位名称',
  `post_sort` int(4) NOT NULL COMMENT '显示顺序',
  `status` char(1) COLLATE utf8mb4_bin NOT NULL COMMENT '状态（0正常 1停用）',
  `create_by` varchar(64) COLLATE utf8mb4_bin DEFAULT '' COMMENT '创建者',
  `create_time` datetime DEFAULT NULL COMMENT '创建时间',
  `update_by` varchar(64) COLLATE utf8mb4_bin DEFAULT '' COMMENT '更新者',
  `update_time` datetime DEFAULT NULL COMMENT '更新时间',
  `remark` varchar(500) COLLATE utf8mb4_bin DEFAULT NULL COMMENT '备注',
  PRIMARY KEY (`post_id`)
) ENGINE=InnoDB AUTO_INCREMENT=5 DEFAULT CHARSET=utf8mb4 COLLATE=utf8mb4_bin COMMENT='岗位信息表';

-- ----------------------------
-- Records of sys_post
-- ----------------------------
BEGIN;
INSERT INTO `sys_post` (`post_id`, `post_code`, `post_name`, `post_sort`, `status`, `create_by`, `create_time`, `update_by`, `update_time`, `remark`) VALUES (1, 'ceo', '政委', 1, '0', 'admin', '2024-04-04 21:38:21', 'admin', '2024-09-25 16:04:07', '');
INSERT INTO `sys_post` (`post_id`, `post_code`, `post_name`, `post_sort`, `status`, `create_by`, `create_time`, `update_by`, `update_time`, `remark`) VALUES (2, 'se', '机关', 2, '0', 'admin', '2024-04-04 21:38:21', 'admin', '2024-09-25 16:04:24', '');
INSERT INTO `sys_post` (`post_id`, `post_code`, `post_name`, `post_sort`, `status`, `create_by`, `create_time`, `update_by`, `update_time`, `remark`) VALUES (3, 'hr', '连队', 3, '0', 'admin', '2024-04-04 21:38:21', 'admin', '2024-09-25 16:14:05', '');
INSERT INTO `sys_post` (`post_id`, `post_code`, `post_name`, `post_sort`, `status`, `create_by`, `create_time`, `update_by`, `update_time`, `remark`) VALUES (4, 'user', '普通员工', 4, '0', 'admin', '2024-04-04 21:38:21', '', NULL, '');
COMMIT;

-- ----------------------------
-- Table structure for sys_role
-- ----------------------------
DROP TABLE IF EXISTS `sys_role`;
CREATE TABLE `sys_role` (
  `role_id` bigint(20) NOT NULL AUTO_INCREMENT COMMENT '角色ID',
  `role_name` varchar(30) COLLATE utf8mb4_bin NOT NULL COMMENT '角色名称',
  `role_key` varchar(100) COLLATE utf8mb4_bin NOT NULL COMMENT '角色权限字符串',
  `role_sort` int(4) NOT NULL COMMENT '显示顺序',
  `data_scope` char(1) COLLATE utf8mb4_bin DEFAULT '1' COMMENT '数据范围（1：全部数据权限 2：自定数据权限 3：本部门数据权限 4：本部门及以下数据权限）',
  `status` char(1) COLLATE utf8mb4_bin NOT NULL COMMENT '角色状态（0正常 1停用）',
  `del_flag` char(1) COLLATE utf8mb4_bin DEFAULT '0' COMMENT '删除标志（0代表存在 2代表删除）',
  `create_by` varchar(64) COLLATE utf8mb4_bin DEFAULT '' COMMENT '创建者',
  `create_time` datetime DEFAULT NULL COMMENT '创建时间',
  `update_by` varchar(64) COLLATE utf8mb4_bin DEFAULT '' COMMENT '更新者',
  `update_time` datetime DEFAULT NULL COMMENT '更新时间',
  `remark` varchar(500) COLLATE utf8mb4_bin DEFAULT NULL COMMENT '备注',
  PRIMARY KEY (`role_id`)
) ENGINE=InnoDB AUTO_INCREMENT=5 DEFAULT CHARSET=utf8mb4 COLLATE=utf8mb4_bin COMMENT='角色信息表';

-- ----------------------------
-- Records of sys_role
-- ----------------------------
BEGIN;
INSERT INTO `sys_role` (`role_id`, `role_name`, `role_key`, `role_sort`, `data_scope`, `status`, `del_flag`, `create_by`, `create_time`, `update_by`, `update_time`, `remark`) VALUES (1, '超级管理员', 'admin', 1, '1', '0', '0', 'admin', '2024-04-04 21:38:21', '', NULL, '超级管理员');
INSERT INTO `sys_role` (`role_id`, `role_name`, `role_key`, `role_sort`, `data_scope`, `status`, `del_flag`, `create_by`, `create_time`, `update_by`, `update_time`, `remark`) VALUES (2, '普通角色', 'common', 6, '2', '0', '0', 'admin', '2024-04-04 21:38:21', 'admin', '2024-09-25 16:38:44', '普通角色');
INSERT INTO `sys_role` (`role_id`, `role_name`, `role_key`, `role_sort`, `data_scope`, `status`, `del_flag`, `create_by`, `create_time`, `update_by`, `update_time`, `remark`) VALUES (3, '办公室', 'offer', 2, '1', '0', '0', 'admin', '2024-04-06 08:27:32', 'admin', '2024-10-11 08:42:05', '');
INSERT INTO `sys_role` (`role_id`, `role_name`, `role_key`, `role_sort`, `data_scope`, `status`, `del_flag`, `create_by`, `create_time`, `update_by`, `update_time`, `remark`) VALUES (4, '下属科室', 'town', 3, '1', '0', '0', 'admin', '2024-04-06 08:30:37', 'admin', '2024-10-03 16:00:27', '');
COMMIT;

-- ----------------------------
-- Table structure for sys_role_dept
-- ----------------------------
DROP TABLE IF EXISTS `sys_role_dept`;
CREATE TABLE `sys_role_dept` (
  `role_id` bigint(20) NOT NULL COMMENT '角色ID',
  `dept_id` bigint(20) NOT NULL COMMENT '部门ID',
  PRIMARY KEY (`role_id`,`dept_id`)
) ENGINE=InnoDB DEFAULT CHARSET=utf8mb4 COLLATE=utf8mb4_bin COMMENT='角色和部门关联表';

-- ----------------------------
-- Records of sys_role_dept
-- ----------------------------
BEGIN;
INSERT INTO `sys_role_dept` (`role_id`, `dept_id`) VALUES (2, 100);
INSERT INTO `sys_role_dept` (`role_id`, `dept_id`) VALUES (2, 101);
INSERT INTO `sys_role_dept` (`role_id`, `dept_id`) VALUES (2, 105);
COMMIT;

-- ----------------------------
-- Table structure for sys_role_menu
-- ----------------------------
DROP TABLE IF EXISTS `sys_role_menu`;
CREATE TABLE `sys_role_menu` (
  `role_id` bigint(20) NOT NULL COMMENT '角色ID',
  `menu_id` bigint(20) NOT NULL COMMENT '菜单ID',
  PRIMARY KEY (`role_id`,`menu_id`)
) ENGINE=InnoDB DEFAULT CHARSET=utf8mb4 COLLATE=utf8mb4_bin COMMENT='角色和菜单关联表';

-- ----------------------------
-- Records of sys_role_menu
-- ----------------------------
BEGIN;
INSERT INTO `sys_role_menu` (`role_id`, `menu_id`) VALUES (2, 105);
INSERT INTO `sys_role_menu` (`role_id`, `menu_id`) VALUES (2, 1025);
INSERT INTO `sys_role_menu` (`role_id`, `menu_id`) VALUES (2, 1026);
INSERT INTO `sys_role_menu` (`role_id`, `menu_id`) VALUES (2, 1027);
INSERT INTO `sys_role_menu` (`role_id`, `menu_id`) VALUES (2, 1028);
INSERT INTO `sys_role_menu` (`role_id`, `menu_id`) VALUES (2, 1029);
INSERT INTO `sys_role_menu` (`role_id`, `menu_id`) VALUES (3, 1);
INSERT INTO `sys_role_menu` (`role_id`, `menu_id`) VALUES (3, 2);
INSERT INTO `sys_role_menu` (`role_id`, `menu_id`) VALUES (3, 3);
INSERT INTO `sys_role_menu` (`role_id`, `menu_id`) VALUES (3, 4);
INSERT INTO `sys_role_menu` (`role_id`, `menu_id`) VALUES (3, 100);
INSERT INTO `sys_role_menu` (`role_id`, `menu_id`) VALUES (3, 101);
INSERT INTO `sys_role_menu` (`role_id`, `menu_id`) VALUES (3, 102);
INSERT INTO `sys_role_menu` (`role_id`, `menu_id`) VALUES (3, 103);
INSERT INTO `sys_role_menu` (`role_id`, `menu_id`) VALUES (3, 104);
INSERT INTO `sys_role_menu` (`role_id`, `menu_id`) VALUES (3, 105);
INSERT INTO `sys_role_menu` (`role_id`, `menu_id`) VALUES (3, 106);
INSERT INTO `sys_role_menu` (`role_id`, `menu_id`) VALUES (3, 107);
INSERT INTO `sys_role_menu` (`role_id`, `menu_id`) VALUES (3, 110);
INSERT INTO `sys_role_menu` (`role_id`, `menu_id`) VALUES (3, 111);
INSERT INTO `sys_role_menu` (`role_id`, `menu_id`) VALUES (3, 112);
INSERT INTO `sys_role_menu` (`role_id`, `menu_id`) VALUES (3, 113);
INSERT INTO `sys_role_menu` (`role_id`, `menu_id`) VALUES (3, 114);
INSERT INTO `sys_role_menu` (`role_id`, `menu_id`) VALUES (3, 115);
INSERT INTO `sys_role_menu` (`role_id`, `menu_id`) VALUES (3, 116);
INSERT INTO `sys_role_menu` (`role_id`, `menu_id`) VALUES (3, 1000);
INSERT INTO `sys_role_menu` (`role_id`, `menu_id`) VALUES (3, 1001);
INSERT INTO `sys_role_menu` (`role_id`, `menu_id`) VALUES (3, 1002);
INSERT INTO `sys_role_menu` (`role_id`, `menu_id`) VALUES (3, 1003);
INSERT INTO `sys_role_menu` (`role_id`, `menu_id`) VALUES (3, 1004);
INSERT INTO `sys_role_menu` (`role_id`, `menu_id`) VALUES (3, 1005);
INSERT INTO `sys_role_menu` (`role_id`, `menu_id`) VALUES (3, 1006);
INSERT INTO `sys_role_menu` (`role_id`, `menu_id`) VALUES (3, 1007);
INSERT INTO `sys_role_menu` (`role_id`, `menu_id`) VALUES (3, 1008);
INSERT INTO `sys_role_menu` (`role_id`, `menu_id`) VALUES (3, 1009);
INSERT INTO `sys_role_menu` (`role_id`, `menu_id`) VALUES (3, 1010);
INSERT INTO `sys_role_menu` (`role_id`, `menu_id`) VALUES (3, 1011);
INSERT INTO `sys_role_menu` (`role_id`, `menu_id`) VALUES (3, 1012);
INSERT INTO `sys_role_menu` (`role_id`, `menu_id`) VALUES (3, 1013);
INSERT INTO `sys_role_menu` (`role_id`, `menu_id`) VALUES (3, 1014);
INSERT INTO `sys_role_menu` (`role_id`, `menu_id`) VALUES (3, 1015);
INSERT INTO `sys_role_menu` (`role_id`, `menu_id`) VALUES (3, 1016);
INSERT INTO `sys_role_menu` (`role_id`, `menu_id`) VALUES (3, 1017);
INSERT INTO `sys_role_menu` (`role_id`, `menu_id`) VALUES (3, 1018);
INSERT INTO `sys_role_menu` (`role_id`, `menu_id`) VALUES (3, 1019);
INSERT INTO `sys_role_menu` (`role_id`, `menu_id`) VALUES (3, 1020);
INSERT INTO `sys_role_menu` (`role_id`, `menu_id`) VALUES (3, 1021);
INSERT INTO `sys_role_menu` (`role_id`, `menu_id`) VALUES (3, 1022);
INSERT INTO `sys_role_menu` (`role_id`, `menu_id`) VALUES (3, 1023);
INSERT INTO `sys_role_menu` (`role_id`, `menu_id`) VALUES (3, 1024);
INSERT INTO `sys_role_menu` (`role_id`, `menu_id`) VALUES (3, 1025);
INSERT INTO `sys_role_menu` (`role_id`, `menu_id`) VALUES (3, 1026);
INSERT INTO `sys_role_menu` (`role_id`, `menu_id`) VALUES (3, 1027);
INSERT INTO `sys_role_menu` (`role_id`, `menu_id`) VALUES (3, 1028);
INSERT INTO `sys_role_menu` (`role_id`, `menu_id`) VALUES (3, 1029);
INSERT INTO `sys_role_menu` (`role_id`, `menu_id`) VALUES (3, 1030);
INSERT INTO `sys_role_menu` (`role_id`, `menu_id`) VALUES (3, 1031);
INSERT INTO `sys_role_menu` (`role_id`, `menu_id`) VALUES (3, 1032);
INSERT INTO `sys_role_menu` (`role_id`, `menu_id`) VALUES (3, 1033);
INSERT INTO `sys_role_menu` (`role_id`, `menu_id`) VALUES (3, 1034);
INSERT INTO `sys_role_menu` (`role_id`, `menu_id`) VALUES (3, 1035);
INSERT INTO `sys_role_menu` (`role_id`, `menu_id`) VALUES (3, 1036);
INSERT INTO `sys_role_menu` (`role_id`, `menu_id`) VALUES (3, 1037);
INSERT INTO `sys_role_menu` (`role_id`, `menu_id`) VALUES (3, 1038);
INSERT INTO `sys_role_menu` (`role_id`, `menu_id`) VALUES (3, 1050);
INSERT INTO `sys_role_menu` (`role_id`, `menu_id`) VALUES (3, 1051);
INSERT INTO `sys_role_menu` (`role_id`, `menu_id`) VALUES (3, 1052);
INSERT INTO `sys_role_menu` (`role_id`, `menu_id`) VALUES (3, 1053);
INSERT INTO `sys_role_menu` (`role_id`, `menu_id`) VALUES (3, 1054);
INSERT INTO `sys_role_menu` (`role_id`, `menu_id`) VALUES (3, 1055);
INSERT INTO `sys_role_menu` (`role_id`, `menu_id`) VALUES (3, 1056);
INSERT INTO `sys_role_menu` (`role_id`, `menu_id`) VALUES (3, 1057);
INSERT INTO `sys_role_menu` (`role_id`, `menu_id`) VALUES (3, 1058);
INSERT INTO `sys_role_menu` (`role_id`, `menu_id`) VALUES (3, 1059);
INSERT INTO `sys_role_menu` (`role_id`, `menu_id`) VALUES (3, 1060);
INSERT INTO `sys_role_menu` (`role_id`, `menu_id`) VALUES (3, 1062);
INSERT INTO `sys_role_menu` (`role_id`, `menu_id`) VALUES (3, 1063);
INSERT INTO `sys_role_menu` (`role_id`, `menu_id`) VALUES (3, 1064);
INSERT INTO `sys_role_menu` (`role_id`, `menu_id`) VALUES (3, 1065);
INSERT INTO `sys_role_menu` (`role_id`, `menu_id`) VALUES (3, 1066);
INSERT INTO `sys_role_menu` (`role_id`, `menu_id`) VALUES (3, 1067);
INSERT INTO `sys_role_menu` (`role_id`, `menu_id`) VALUES (3, 1068);
INSERT INTO `sys_role_menu` (`role_id`, `menu_id`) VALUES (3, 1069);
INSERT INTO `sys_role_menu` (`role_id`, `menu_id`) VALUES (3, 1070);
INSERT INTO `sys_role_menu` (`role_id`, `menu_id`) VALUES (3, 1071);
INSERT INTO `sys_role_menu` (`role_id`, `menu_id`) VALUES (3, 1072);
INSERT INTO `sys_role_menu` (`role_id`, `menu_id`) VALUES (3, 1073);
INSERT INTO `sys_role_menu` (`role_id`, `menu_id`) VALUES (3, 1074);
INSERT INTO `sys_role_menu` (`role_id`, `menu_id`) VALUES (3, 1075);
INSERT INTO `sys_role_menu` (`role_id`, `menu_id`) VALUES (3, 1076);
INSERT INTO `sys_role_menu` (`role_id`, `menu_id`) VALUES (3, 1077);
INSERT INTO `sys_role_menu` (`role_id`, `menu_id`) VALUES (3, 1078);
INSERT INTO `sys_role_menu` (`role_id`, `menu_id`) VALUES (3, 1079);
INSERT INTO `sys_role_menu` (`role_id`, `menu_id`) VALUES (3, 1080);
INSERT INTO `sys_role_menu` (`role_id`, `menu_id`) VALUES (3, 1081);
INSERT INTO `sys_role_menu` (`role_id`, `menu_id`) VALUES (3, 1082);
INSERT INTO `sys_role_menu` (`role_id`, `menu_id`) VALUES (3, 1083);
INSERT INTO `sys_role_menu` (`role_id`, `menu_id`) VALUES (3, 1084);
INSERT INTO `sys_role_menu` (`role_id`, `menu_id`) VALUES (3, 1085);
INSERT INTO `sys_role_menu` (`role_id`, `menu_id`) VALUES (3, 1086);
INSERT INTO `sys_role_menu` (`role_id`, `menu_id`) VALUES (3, 1095);
INSERT INTO `sys_role_menu` (`role_id`, `menu_id`) VALUES (3, 1096);
INSERT INTO `sys_role_menu` (`role_id`, `menu_id`) VALUES (3, 1097);
INSERT INTO `sys_role_menu` (`role_id`, `menu_id`) VALUES (3, 1098);
INSERT INTO `sys_role_menu` (`role_id`, `menu_id`) VALUES (3, 1099);
INSERT INTO `sys_role_menu` (`role_id`, `menu_id`) VALUES (3, 1100);
INSERT INTO `sys_role_menu` (`role_id`, `menu_id`) VALUES (3, 1101);
INSERT INTO `sys_role_menu` (`role_id`, `menu_id`) VALUES (3, 1102);
INSERT INTO `sys_role_menu` (`role_id`, `menu_id`) VALUES (3, 1103);
INSERT INTO `sys_role_menu` (`role_id`, `menu_id`) VALUES (3, 1104);
INSERT INTO `sys_role_menu` (`role_id`, `menu_id`) VALUES (3, 1105);
INSERT INTO `sys_role_menu` (`role_id`, `menu_id`) VALUES (3, 1106);
INSERT INTO `sys_role_menu` (`role_id`, `menu_id`) VALUES (3, 1107);
INSERT INTO `sys_role_menu` (`role_id`, `menu_id`) VALUES (3, 1108);
INSERT INTO `sys_role_menu` (`role_id`, `menu_id`) VALUES (3, 1109);
INSERT INTO `sys_role_menu` (`role_id`, `menu_id`) VALUES (3, 1110);
INSERT INTO `sys_role_menu` (`role_id`, `menu_id`) VALUES (3, 1111);
INSERT INTO `sys_role_menu` (`role_id`, `menu_id`) VALUES (3, 1112);
INSERT INTO `sys_role_menu` (`role_id`, `menu_id`) VALUES (3, 1113);
INSERT INTO `sys_role_menu` (`role_id`, `menu_id`) VALUES (3, 1114);
INSERT INTO `sys_role_menu` (`role_id`, `menu_id`) VALUES (3, 1115);
INSERT INTO `sys_role_menu` (`role_id`, `menu_id`) VALUES (3, 1116);
INSERT INTO `sys_role_menu` (`role_id`, `menu_id`) VALUES (3, 1117);
INSERT INTO `sys_role_menu` (`role_id`, `menu_id`) VALUES (3, 1118);
INSERT INTO `sys_role_menu` (`role_id`, `menu_id`) VALUES (3, 1119);
INSERT INTO `sys_role_menu` (`role_id`, `menu_id`) VALUES (3, 1120);
INSERT INTO `sys_role_menu` (`role_id`, `menu_id`) VALUES (3, 1121);
INSERT INTO `sys_role_menu` (`role_id`, `menu_id`) VALUES (3, 1122);
INSERT INTO `sys_role_menu` (`role_id`, `menu_id`) VALUES (3, 1123);
INSERT INTO `sys_role_menu` (`role_id`, `menu_id`) VALUES (3, 1124);
INSERT INTO `sys_role_menu` (`role_id`, `menu_id`) VALUES (3, 1125);
INSERT INTO `sys_role_menu` (`role_id`, `menu_id`) VALUES (3, 1126);
INSERT INTO `sys_role_menu` (`role_id`, `menu_id`) VALUES (3, 1127);
INSERT INTO `sys_role_menu` (`role_id`, `menu_id`) VALUES (3, 1128);
INSERT INTO `sys_role_menu` (`role_id`, `menu_id`) VALUES (3, 1129);
INSERT INTO `sys_role_menu` (`role_id`, `menu_id`) VALUES (3, 1130);
INSERT INTO `sys_role_menu` (`role_id`, `menu_id`) VALUES (3, 1131);
INSERT INTO `sys_role_menu` (`role_id`, `menu_id`) VALUES (3, 1132);
INSERT INTO `sys_role_menu` (`role_id`, `menu_id`) VALUES (3, 1133);
INSERT INTO `sys_role_menu` (`role_id`, `menu_id`) VALUES (3, 1134);
INSERT INTO `sys_role_menu` (`role_id`, `menu_id`) VALUES (3, 1135);
INSERT INTO `sys_role_menu` (`role_id`, `menu_id`) VALUES (3, 1136);
INSERT INTO `sys_role_menu` (`role_id`, `menu_id`) VALUES (4, 4);
INSERT INTO `sys_role_menu` (`role_id`, `menu_id`) VALUES (4, 100);
INSERT INTO `sys_role_menu` (`role_id`, `menu_id`) VALUES (4, 101);
INSERT INTO `sys_role_menu` (`role_id`, `menu_id`) VALUES (4, 103);
INSERT INTO `sys_role_menu` (`role_id`, `menu_id`) VALUES (4, 105);
INSERT INTO `sys_role_menu` (`role_id`, `menu_id`) VALUES (4, 1000);
INSERT INTO `sys_role_menu` (`role_id`, `menu_id`) VALUES (4, 1001);
INSERT INTO `sys_role_menu` (`role_id`, `menu_id`) VALUES (4, 1002);
INSERT INTO `sys_role_menu` (`role_id`, `menu_id`) VALUES (4, 1003);
INSERT INTO `sys_role_menu` (`role_id`, `menu_id`) VALUES (4, 1004);
INSERT INTO `sys_role_menu` (`role_id`, `menu_id`) VALUES (4, 1005);
INSERT INTO `sys_role_menu` (`role_id`, `menu_id`) VALUES (4, 1006);
INSERT INTO `sys_role_menu` (`role_id`, `menu_id`) VALUES (4, 1007);
INSERT INTO `sys_role_menu` (`role_id`, `menu_id`) VALUES (4, 1008);
INSERT INTO `sys_role_menu` (`role_id`, `menu_id`) VALUES (4, 1009);
INSERT INTO `sys_role_menu` (`role_id`, `menu_id`) VALUES (4, 1010);
INSERT INTO `sys_role_menu` (`role_id`, `menu_id`) VALUES (4, 1011);
INSERT INTO `sys_role_menu` (`role_id`, `menu_id`) VALUES (4, 1016);
INSERT INTO `sys_role_menu` (`role_id`, `menu_id`) VALUES (4, 1017);
INSERT INTO `sys_role_menu` (`role_id`, `menu_id`) VALUES (4, 1018);
INSERT INTO `sys_role_menu` (`role_id`, `menu_id`) VALUES (4, 1019);
INSERT INTO `sys_role_menu` (`role_id`, `menu_id`) VALUES (4, 1025);
INSERT INTO `sys_role_menu` (`role_id`, `menu_id`) VALUES (4, 1026);
INSERT INTO `sys_role_menu` (`role_id`, `menu_id`) VALUES (4, 1027);
INSERT INTO `sys_role_menu` (`role_id`, `menu_id`) VALUES (4, 1028);
INSERT INTO `sys_role_menu` (`role_id`, `menu_id`) VALUES (4, 1029);
INSERT INTO `sys_role_menu` (`role_id`, `menu_id`) VALUES (4, 1062);
INSERT INTO `sys_role_menu` (`role_id`, `menu_id`) VALUES (4, 1063);
INSERT INTO `sys_role_menu` (`role_id`, `menu_id`) VALUES (4, 1064);
INSERT INTO `sys_role_menu` (`role_id`, `menu_id`) VALUES (4, 1065);
INSERT INTO `sys_role_menu` (`role_id`, `menu_id`) VALUES (4, 1066);
INSERT INTO `sys_role_menu` (`role_id`, `menu_id`) VALUES (4, 1067);
INSERT INTO `sys_role_menu` (`role_id`, `menu_id`) VALUES (4, 1068);
INSERT INTO `sys_role_menu` (`role_id`, `menu_id`) VALUES (4, 1069);
INSERT INTO `sys_role_menu` (`role_id`, `menu_id`) VALUES (4, 1070);
INSERT INTO `sys_role_menu` (`role_id`, `menu_id`) VALUES (4, 1071);
INSERT INTO `sys_role_menu` (`role_id`, `menu_id`) VALUES (4, 1072);
INSERT INTO `sys_role_menu` (`role_id`, `menu_id`) VALUES (4, 1073);
INSERT INTO `sys_role_menu` (`role_id`, `menu_id`) VALUES (4, 1074);
INSERT INTO `sys_role_menu` (`role_id`, `menu_id`) VALUES (4, 1075);
INSERT INTO `sys_role_menu` (`role_id`, `menu_id`) VALUES (4, 1076);
INSERT INTO `sys_role_menu` (`role_id`, `menu_id`) VALUES (4, 1077);
INSERT INTO `sys_role_menu` (`role_id`, `menu_id`) VALUES (4, 1078);
INSERT INTO `sys_role_menu` (`role_id`, `menu_id`) VALUES (4, 1079);
INSERT INTO `sys_role_menu` (`role_id`, `menu_id`) VALUES (4, 1080);
INSERT INTO `sys_role_menu` (`role_id`, `menu_id`) VALUES (4, 1081);
INSERT INTO `sys_role_menu` (`role_id`, `menu_id`) VALUES (4, 1082);
INSERT INTO `sys_role_menu` (`role_id`, `menu_id`) VALUES (4, 1083);
INSERT INTO `sys_role_menu` (`role_id`, `menu_id`) VALUES (4, 1084);
INSERT INTO `sys_role_menu` (`role_id`, `menu_id`) VALUES (4, 1085);
INSERT INTO `sys_role_menu` (`role_id`, `menu_id`) VALUES (4, 1086);
INSERT INTO `sys_role_menu` (`role_id`, `menu_id`) VALUES (4, 1118);
INSERT INTO `sys_role_menu` (`role_id`, `menu_id`) VALUES (4, 1125);
INSERT INTO `sys_role_menu` (`role_id`, `menu_id`) VALUES (4, 1126);
INSERT INTO `sys_role_menu` (`role_id`, `menu_id`) VALUES (4, 1127);
INSERT INTO `sys_role_menu` (`role_id`, `menu_id`) VALUES (4, 1128);
INSERT INTO `sys_role_menu` (`role_id`, `menu_id`) VALUES (4, 1129);
INSERT INTO `sys_role_menu` (`role_id`, `menu_id`) VALUES (4, 1130);
INSERT INTO `sys_role_menu` (`role_id`, `menu_id`) VALUES (4, 1131);
INSERT INTO `sys_role_menu` (`role_id`, `menu_id`) VALUES (4, 1132);
INSERT INTO `sys_role_menu` (`role_id`, `menu_id`) VALUES (4, 1133);
INSERT INTO `sys_role_menu` (`role_id`, `menu_id`) VALUES (4, 1134);
INSERT INTO `sys_role_menu` (`role_id`, `menu_id`) VALUES (4, 1135);
INSERT INTO `sys_role_menu` (`role_id`, `menu_id`) VALUES (4, 1136);
COMMIT;

-- ----------------------------
-- Table structure for sys_user
-- ----------------------------
DROP TABLE IF EXISTS `sys_user`;
CREATE TABLE `sys_user` (
  `user_id` bigint(20) NOT NULL AUTO_INCREMENT COMMENT '用户ID',
  `dept_id` bigint(20) DEFAULT NULL COMMENT '部门ID',
  `login_name` varchar(30) COLLATE utf8mb4_bin NOT NULL COMMENT '登录账号',
  `user_name` varchar(30) COLLATE utf8mb4_bin DEFAULT '' COMMENT '用户昵称',
  `user_type` varchar(2) COLLATE utf8mb4_bin DEFAULT '00' COMMENT '用户类型（00系统用户 01注册用户）',
  `email` varchar(50) COLLATE utf8mb4_bin DEFAULT '' COMMENT '用户邮箱',
  `phonenumber` varchar(11) COLLATE utf8mb4_bin DEFAULT '' COMMENT '手机号码',
  `sex` char(1) COLLATE utf8mb4_bin DEFAULT '0' COMMENT '用户性别（0男 1女 2未知）',
  `avatar` varchar(100) COLLATE utf8mb4_bin DEFAULT '' COMMENT '头像路径',
  `password` varchar(50) COLLATE utf8mb4_bin DEFAULT '' COMMENT '密码',
  `salt` varchar(20) COLLATE utf8mb4_bin DEFAULT '' COMMENT '盐加密',
  `status` char(1) COLLATE utf8mb4_bin DEFAULT '0' COMMENT '帐号状态（0正常 1停用）',
  `del_flag` char(1) COLLATE utf8mb4_bin DEFAULT '0' COMMENT '删除标志（0代表存在 2代表删除）',
  `login_ip` varchar(128) COLLATE utf8mb4_bin DEFAULT '' COMMENT '最后登录IP',
  `login_date` datetime DEFAULT NULL COMMENT '最后登录时间',
  `pwd_update_date` datetime DEFAULT NULL COMMENT '密码最后更新时间',
  `create_by` varchar(64) COLLATE utf8mb4_bin DEFAULT '' COMMENT '创建者',
  `create_time` datetime DEFAULT NULL COMMENT '创建时间',
  `update_by` varchar(64) COLLATE utf8mb4_bin DEFAULT '' COMMENT '更新者',
  `update_time` datetime DEFAULT NULL COMMENT '更新时间',
  `remark` varchar(500) COLLATE utf8mb4_bin DEFAULT NULL COMMENT '备注',
  PRIMARY KEY (`user_id`)
) ENGINE=InnoDB AUTO_INCREMENT=6 DEFAULT CHARSET=utf8mb4 COLLATE=utf8mb4_bin COMMENT='用户信息表';

-- ----------------------------
-- Records of sys_user
-- ----------------------------
BEGIN;
INSERT INTO `sys_user` (`user_id`, `dept_id`, `login_name`, `user_name`, `user_type`, `email`, `phonenumber`, `sex`, `avatar`, `password`, `salt`, `status`, `del_flag`, `login_ip`, `login_date`, `pwd_update_date`, `create_by`, `create_time`, `update_by`, `update_time`, `remark`) VALUES (1, 100, 'admin', '管理员', '00', 'ry@163.com', '15888888888', '1', '', 'c3de19e32eb652a7e1d8927d0cfd2066', '3734a9', '0', '0', '124.152.1.94', '2024-10-11 10:53:03', '2024-10-11 09:07:53', 'admin', '2024-04-04 21:38:21', '', '2024-10-11 10:53:02', '管理员');
INSERT INTO `sys_user` (`user_id`, `dept_id`, `login_name`, `user_name`, `user_type`, `email`, `phonenumber`, `sex`, `avatar`, `password`, `salt`, `status`, `del_flag`, `login_ip`, `login_date`, `pwd_update_date`, `create_by`, `create_time`, `update_by`, `update_time`, `remark`) VALUES (2, 101, 'ry', '管理员', '00', 'ry@qq.com', '15666666666', '1', '', 'd21cd3d78589afe8e8d667e4b5ab2af6', 'be5c5b', '0', '0', '114.253.97.186', '2024-10-11 10:56:34', '2024-09-17 12:47:02', 'admin', '2024-04-04 21:38:21', 'admin', '2024-10-11 10:56:34', '测试员');
INSERT INTO `sys_user` (`user_id`, `dept_id`, `login_name`, `user_name`, `user_type`, `email`, `phonenumber`, `sex`, `avatar`, `password`, `salt`, `status`, `del_flag`, `login_ip`, `login_date`, `pwd_update_date`, `create_by`, `create_time`, `update_by`, `update_time`, `remark`) VALUES (3, 103, 'pcs', '参谋部', '00', '', '', '0', '', 'a1a31cd74840e6e9880de81c1ced95cc', '6dfe8a', '0', '0', '127.0.0.1', '2024-10-04 22:16:54', '2024-04-06 08:32:08', 'admin', '2024-04-06 08:32:07', 'admin', '2024-10-04 22:16:54', '无');
INSERT INTO `sys_user` (`user_id`, `dept_id`, `login_name`, `user_name`, `user_type`, `email`, `phonenumber`, `sex`, `avatar`, `password`, `salt`, `status`, `del_flag`, `login_ip`, `login_date`, `pwd_update_date`, `create_by`, `create_time`, `update_by`, `update_time`, `remark`) VALUES (4, 103, 'ks', '参谋01', '00', '', '', '0', '', 'b6a7a563db9d8ec6511c2d6f1c2fe82b', '92c0f0', '0', '0', '60.13.2.122', '2024-10-06 11:14:28', '2024-04-07 08:46:43', 'admin', '2024-04-07 08:46:42', 'admin', '2024-10-06 11:14:27', '');
INSERT INTO `sys_user` (`user_id`, `dept_id`, `login_name`, `user_name`, `user_type`, `email`, `phonenumber`, `sex`, `avatar`, `password`, `salt`, `status`, `del_flag`, `login_ip`, `login_date`, `pwd_update_date`, `create_by`, `create_time`, `update_by`, `update_time`, `remark`) VALUES (5, 104, 'de', '连队A', '00', '', '', '0', '', 'b7190cdc4ca520e4fa332ef07b7c13f7', 'd61df3', '0', '0', '127.0.0.1', '2024-10-03 15:56:03', '2024-09-17 11:21:21', 'admin', '2024-09-17 11:21:20', 'admin', '2024-10-03 15:56:02', '');
COMMIT;

-- ----------------------------
-- Table structure for sys_user_online
-- ----------------------------
DROP TABLE IF EXISTS `sys_user_online`;
CREATE TABLE `sys_user_online` (
  `sessionId` varchar(50) COLLATE utf8mb4_bin NOT NULL DEFAULT '' COMMENT '用户会话id',
  `login_name` varchar(50) COLLATE utf8mb4_bin DEFAULT '' COMMENT '登录账号',
  `dept_name` varchar(50) COLLATE utf8mb4_bin DEFAULT '' COMMENT '部门名称',
  `ipaddr` varchar(128) COLLATE utf8mb4_bin DEFAULT '' COMMENT '登录IP地址',
  `login_location` varchar(255) COLLATE utf8mb4_bin DEFAULT '' COMMENT '登录地点',
  `browser` varchar(50) COLLATE utf8mb4_bin DEFAULT '' COMMENT '浏览器类型',
  `os` varchar(50) COLLATE utf8mb4_bin DEFAULT '' COMMENT '操作系统',
  `status` varchar(10) COLLATE utf8mb4_bin DEFAULT '' COMMENT '在线状态on_line在线off_line离线',
  `start_timestamp` datetime DEFAULT NULL COMMENT 'session创建时间',
  `last_access_time` datetime DEFAULT NULL COMMENT 'session最后访问时间',
  `expire_time` int(5) DEFAULT '0' COMMENT '超时时间，单位为分钟',
  PRIMARY KEY (`sessionId`)
) ENGINE=InnoDB DEFAULT CHARSET=utf8mb4 COLLATE=utf8mb4_bin COMMENT='在线用户记录';

-- ----------------------------
-- Records of sys_user_online
-- ----------------------------
BEGIN;
INSERT INTO `sys_user_online` (`sessionId`, `login_name`, `dept_name`, `ipaddr`, `login_location`, `browser`, `os`, `status`, `start_timestamp`, `last_access_time`, `expire_time`) VALUES ('38553368-7fcf-4594-820b-60321bdb72d9', 'ry', '办公室', '114.253.97.186', '北京市 北京市', 'Chrome 12', 'Windows 10', 'on_line', '2024-10-11 10:56:26', '2024-10-11 10:56:34', 1800000);
INSERT INTO `sys_user_online` (`sessionId`, `login_name`, `dept_name`, `ipaddr`, `login_location`, `browser`, `os`, `status`, `start_timestamp`, `last_access_time`, `expire_time`) VALUES ('a69ed2e8-db18-4d06-9704-0e1398222ca7', 'ry', '办公室', '125.73.8.30', 'XX XX', 'Mobile Safari', 'Mac OS X (iPhone)', 'on_line', '2024-10-11 10:49:36', '2024-10-11 10:49:45', 1800000);
INSERT INTO `sys_user_online` (`sessionId`, `login_name`, `dept_name`, `ipaddr`, `login_location`, `browser`, `os`, `status`, `start_timestamp`, `last_access_time`, `expire_time`) VALUES ('b376e402-e678-49bf-a876-418b00152cdf', 'admin', '集团公司', '124.152.1.94', '甘肃省 兰州市', 'Chrome 12', 'Mac OS X', 'on_line', '2024-10-11 10:52:40', '2024-10-11 10:57:51', 1800000);
COMMIT;

-- ----------------------------
-- Table structure for sys_user_post
-- ----------------------------
DROP TABLE IF EXISTS `sys_user_post`;
CREATE TABLE `sys_user_post` (
  `user_id` bigint(20) NOT NULL COMMENT '用户ID',
  `post_id` bigint(20) NOT NULL COMMENT '岗位ID',
  PRIMARY KEY (`user_id`,`post_id`)
) ENGINE=InnoDB DEFAULT CHARSET=utf8mb4 COLLATE=utf8mb4_bin COMMENT='用户与岗位关联表';

-- ----------------------------
-- Records of sys_user_post
-- ----------------------------
BEGIN;
INSERT INTO `sys_user_post` (`user_id`, `post_id`) VALUES (1, 1);
INSERT INTO `sys_user_post` (`user_id`, `post_id`) VALUES (2, 2);
INSERT INTO `sys_user_post` (`user_id`, `post_id`) VALUES (3, 2);
INSERT INTO `sys_user_post` (`user_id`, `post_id`) VALUES (4, 2);
INSERT INTO `sys_user_post` (`user_id`, `post_id`) VALUES (5, 3);
COMMIT;

-- ----------------------------
-- Table structure for sys_user_role
-- ----------------------------
DROP TABLE IF EXISTS `sys_user_role`;
CREATE TABLE `sys_user_role` (
  `user_id` bigint(20) NOT NULL COMMENT '用户ID',
  `role_id` bigint(20) NOT NULL COMMENT '角色ID',
  PRIMARY KEY (`user_id`,`role_id`)
) ENGINE=InnoDB DEFAULT CHARSET=utf8mb4 COLLATE=utf8mb4_bin COMMENT='用户和角色关联表';

-- ----------------------------
-- Records of sys_user_role
-- ----------------------------
BEGIN;
INSERT INTO `sys_user_role` (`user_id`, `role_id`) VALUES (1, 1);
INSERT INTO `sys_user_role` (`user_id`, `role_id`) VALUES (2, 3);
INSERT INTO `sys_user_role` (`user_id`, `role_id`) VALUES (3, 4);
INSERT INTO `sys_user_role` (`user_id`, `role_id`) VALUES (4, 4);
INSERT INTO `sys_user_role` (`user_id`, `role_id`) VALUES (5, 4);
COMMIT;

SET FOREIGN_KEY_CHECKS = 1;
